Date,Citibank,Morgan Stanley,Goldman Sachs,J.P. Morgan
31/12/2004,481.799988,55.52,104.040001,39.009998
03/01/2005,482.700012,55.900002,104.949997,39.150002
04/01/2005,478.600006,55.299999,104.269997,38.41
05/01/2005,484.600006,54.98,103.800003,38.490002
06/01/2005,489.299988,56.279999,105.230003,38.709999
07/01/2005,486.5,56.060001,104.779999,38.400002
10/01/2005,483.399994,56.049999,104.980003,38.27
11/01/2005,482.200012,55.450001,104.169998,37.900002
12/01/2005,480.700012,55.279999,103.269997,37.990002
13/01/2005,476,55.5,102.940002,37.77
14/01/2005,475.100006,56.07,104.220001,37.810001
18/01/2005,481.700012,56.450001,105,38.400002
19/01/2005,480.399994,55.43,104.059998,37.84
20/01/2005,477.700012,54.849998,103.400002,37.25
21/01/2005,479.299988,54.48,103.330002,36.849998
24/01/2005,483.600006,54.07,103.239998,36.880001
25/01/2005,485.100006,54.400002,102.860001,36.860001
26/01/2005,484.799988,54.169998,103.260002,36.830002
27/01/2005,485.600006,53.75,104,36.75
28/01/2005,483.799988,54.369999,106.120003,37
31/01/2005,490.5,55.959999,107.849998,37.330002
01/02/2005,494.799988,57.25,108.400002,37.5
02/02/2005,496.799988,57.07,108.589996,37.52
03/02/2005,491.5,57.18,108.739998,37.389999
04/02/2005,497.799988,58.68,110.019997,37.689999
07/02/2005,497.299988,58.07,109.589996,37.970001
08/02/2005,494.799988,58.599998,111.550003,37.759998
09/02/2005,491.799988,58.169998,111.449997,37.5
10/02/2005,489.799988,58.869999,112.769997,37.450001
11/02/2005,494,60.32,112.769997,37.48
14/02/2005,492.5,60.27,111.970001,37.5
15/02/2005,494,60,112.709999,37.549999
16/02/2005,491.799988,59.73,112.269997,37.330002
17/02/2005,488,59.610001,110.599998,36.779999
18/02/2005,485.700012,57.650002,109,36.509998
22/02/2005,479.5,56.880001,107.860001,35.93
23/02/2005,483.799988,57.029999,109.110001,36.48
24/02/2005,483,56.709999,108.5,36.68
25/02/2005,482.799988,57.66,110.099998,36.970001
28/02/2005,477.200012,56.470001,108.800003,36.549999
01/03/2005,478.799988,56.950001,110.019997,37.09
02/03/2005,481.299988,56.740002,109.730003,36.990002
03/03/2005,479.700012,56.93,109.410004,37.009998
04/03/2005,484,58.389999,111.529999,37.509998
07/03/2005,484.700012,59.200001,112.800003,37.34
08/03/2005,484.700012,59.400002,112.629997,36.939999
09/03/2005,478.799988,59.959999,110.870003,36.470001
10/03/2005,481.5,59.98,111.330002,36.360001
11/03/2005,477.899994,58.490002,109.550003,36.110001
14/03/2005,482.200012,59,110,36.450001
15/03/2005,478,58.849998,110.540001,36.25
16/03/2005,473.700012,57.950001,109.970001,36.25
17/03/2005,472.399994,57.07,110.040001,36.150002
18/03/2005,468.5,57.779999,109.980003,36.009998
21/03/2005,457.600006,57.009998,109.599998,35.790001
22/03/2005,444.399994,55.700001,107.989998,35.060001
23/03/2005,444.5,55.639999,108.059998,34.93
24/03/2005,445.200012,55.59,108.400002,34.93
28/03/2005,447.700012,55.48,109.68,34.849998
29/03/2005,443.5,53.610001,108.449997,34.580002
30/03/2005,449.200012,55.279999,109.800003,34.950001
31/03/2005,449.399994,57.25,109.989998,34.599998
01/04/2005,446.200012,56.869999,109.300003,34.25
04/04/2005,445.899994,58.299999,111,33.77
05/04/2005,449.399994,56.450001,110.589996,34.580002
06/04/2005,451.5,56.599998,112.5,34.68
07/04/2005,454.600006,55.98,113.529999,34.799999
08/04/2005,454,55.669998,112.93,34.5
11/04/2005,456.100006,54.34,112.089996,34.619999
12/04/2005,464.5,54.75,111.760002,35.040001
13/04/2005,458.100006,53.130001,110.010002,34.57
14/04/2005,454,52.330002,108.489998,34.189999
15/04/2005,457.5,51.490002,106.489998,33.93
18/04/2005,462.100006,51.580002,107.349998,34.639999
19/04/2005,463.5,51.73,106.690002,34.950001
20/04/2005,461.299988,50.189999,104.330002,34.759998
21/04/2005,462.700012,51.18,105.110001,35.040001
22/04/2005,463.200012,50.25,104.190002,34.869999
25/04/2005,467.799988,51.220001,105.739998,35.169998
26/04/2005,466.200012,50.540001,105.720001,35.080002
27/04/2005,470.5,51.18,107.760002,35.5
28/04/2005,461.899994,50.439999,106.230003,35.02
29/04/2005,469.600006,52.619999,106.790001,35.490002
02/05/2005,465.299988,49.389999,104.459999,35.57
03/05/2005,468,49.419998,104.370003,35.5
04/05/2005,469.700012,50.380001,106.269997,36.099998
05/05/2005,468.799988,50.25,105.300003,35.900002
06/05/2005,465.899994,50.049999,104.68,35.610001
09/05/2005,468.5,50.75,105.5,35.959999
10/05/2005,463.799988,49.419998,102.110001,35.139999
11/05/2005,467,49.849998,103.75,35.299999
12/05/2005,464.100006,49.400002,100.220001,34.830002
13/05/2005,459.100006,48.220001,97.82,34.459999
16/05/2005,468,48.799999,98.419998,34.740002
17/05/2005,471.600006,48.66,98.349998,35.209999
18/05/2005,477.399994,48.919998,99.580002,36.049999
19/05/2005,478.399994,50.150002,100.120003,36.189999
20/05/2005,478,50,101.080002,36.060001
23/05/2005,476,49.889999,100.690002,35.91
24/05/2005,477.100006,49.41,99.580002,35.889999
25/05/2005,474.5,49.5,97.25,35.91
26/05/2005,473.799988,49.259998,96.599998,35.939999
27/05/2005,472.799988,49.259998,95.5,35.799999
31/05/2005,471.100006,48.959999,97.5,35.75
01/06/2005,477.200012,50.07,98.639999,35.759998
02/06/2005,477.100006,49.279999,97.669998,35.740002
03/06/2005,475.600006,48.91,97.300003,35.549999
06/06/2005,476.899994,49.110001,98.419998,35.509998
07/06/2005,476.600006,49.139999,98.400002,35.48
08/06/2005,477.5,49.439999,98.349998,35.669998
09/06/2005,476.799988,49.630001,99.949997,35.5
10/06/2005,476.399994,49.880001,99.050003,35.43
13/06/2005,476,50.880001,99.260002,35.5
14/06/2005,474.100006,50.599998,98.300003,35.599998
15/06/2005,474,50.610001,99.190002,35.709999
16/06/2005,475.399994,51.900002,102.650002,35.900002
17/06/2005,474.600006,51.380001,103.800003,36.080002
20/06/2005,473.700012,51.560001,103.25,36.049999
21/06/2005,473.200012,50.970001,102.639999,36.040001
22/06/2005,474.399994,50.52,102.470001,36.259998
23/06/2005,468.799988,51.720001,102.019997,35.93
24/06/2005,469.5,53.119999,103.669998,35.57
27/06/2005,467.700012,53.049999,103.199997,35.59
28/06/2005,470.200012,53.02,103.959999,35.919998
29/06/2005,467.799988,53.32,102.790001,35.959999
30/06/2005,462.299988,52.470001,102.019997,35.32
01/07/2005,461.600006,53.029999,102.709999,35.060001
05/07/2005,464.600006,53.77,103.18,34.970001
06/07/2005,463,53.360001,103.550003,34.599998
07/07/2005,462.700012,53.34,104.099998,34.459999
08/07/2005,465.100006,53.119999,105.650002,34.810001
11/07/2005,461.100006,53.57,107.309998,34.959999
12/07/2005,460,53.509998,107.239998,35.25
13/07/2005,457.399994,53.470001,108,35.490002
14/07/2005,465,53.720001,108.550003,35.689999
15/07/2005,464.200012,53.639999,108.5,35.860001
18/07/2005,450,53.400002,108.239998,35.509998
19/07/2005,444,53.509998,109.720001,35.209999
20/07/2005,442.100006,53.75,109.610001,35.16
21/07/2005,441.5,53.380001,108.25,35.400002
22/07/2005,444.200012,54,109.129997,35.599998
25/07/2005,445.299988,53.959999,108.32,35.439999
26/07/2005,446,53.709999,107.720001,35.369999
27/07/2005,443.899994,53.509998,109.150002,35.349998
28/07/2005,438.600006,53.57,109.669998,35.459999
29/07/2005,435,53.049999,107.480003,35.139999
01/08/2005,437,52.84,107.120003,35.299999
02/08/2005,440.700012,53.619999,109.519997,35.549999
03/08/2005,440.5,54.419998,110.870003,35.610001
04/08/2005,439.200012,53.5,109.25,35.459999
05/08/2005,436.299988,52.650002,109.699997,35.25
08/08/2005,433,52.099998,109.910004,34.990002
09/08/2005,436,52.580002,111.480003,35.029999
10/08/2005,433,53.130001,112.029999,34.799999
11/08/2005,435.100006,54,114.139999,34.810001
12/08/2005,436.200012,52.849998,113.650002,34.310001
15/08/2005,437.899994,53.599998,114.669998,34.650002
16/08/2005,441.399994,52.959999,112.080002,34.580002
17/08/2005,441,52.849998,111.129997,34.459999
18/08/2005,442.100006,52.299999,110.849998,34.66
19/08/2005,441.600006,52.040001,111.269997,34.540001
22/08/2005,442,52.290001,111.699997,34.509998
23/08/2005,435.600006,52.400002,111.800003,34.349998
24/08/2005,430.5,51.529999,109.989998,33.849998
25/08/2005,432.700012,51.619999,110.5,34.119999
26/08/2005,431,51.560001,109.75,33.650002
29/08/2005,435.399994,51.220001,110.150002,33.91
30/08/2005,432.600006,51.029999,109.839996,33.580002
31/08/2005,437.700012,50.869999,111.18,33.889999
01/09/2005,437.100006,51.400002,113.120003,34.060001
02/09/2005,438.799988,50.830002,113.209999,34.110001
06/09/2005,443,51.93,114.589996,34.57
07/09/2005,444.600006,52.049999,114.910004,34.889999
08/09/2005,444.399994,52.220001,115.160004,34.639999
09/09/2005,446.100006,52.52,116.169998,34.82
12/09/2005,450.100006,52.950001,118,34.57
13/09/2005,451,52.59,117.199997,34.150002
14/09/2005,449.799988,52.470001,115.900002,34.240002
15/09/2005,450.299988,52,115.949997,34.130001
16/09/2005,454.5,52,118.400002,34.990002
19/09/2005,453.600006,52.25,118.279999,34.59
20/09/2005,451.5,52.400002,118.050003,34.529999
21/09/2005,448.200012,51.75,115.68,34.009998
22/09/2005,451.799988,52.200001,118.5,34.25
23/09/2005,452.399994,51.939999,119.470001,34.07
26/09/2005,450.899994,51.91,120,33.919998
27/09/2005,450.899994,52.369999,119.669998,33.880001
28/09/2005,451.799988,52.709999,120.099998,33.919998
29/09/2005,456.399994,53.849998,121.220001,34.349998
30/09/2005,455.200012,53.939999,121.580002,33.93
03/10/2005,455.100006,53.860001,121.650002,34.119999
04/10/2005,453.399994,53.23,118.919998,33.599998
05/10/2005,452.700012,52.990002,117.75,33.450001
06/10/2005,454.299988,53.150002,116.93,33.66
07/10/2005,454.100006,53.450001,117.57,33.900002
10/10/2005,452.299988,53.5,118.510002,33.52
11/10/2005,448,53.040001,117.550003,33.310001
12/10/2005,446,51.950001,115.650002,33.27
13/10/2005,447.200012,51.700001,113.18,33.75
14/10/2005,450.399994,52.200001,114.550003,34.080002
17/10/2005,448.100006,52.549999,117.050003,34
18/10/2005,444.600006,52.380001,117.089996,33.77
19/10/2005,448.899994,53.130001,121.199997,34.73
20/10/2005,443.399994,52.139999,118.75,34.75
21/10/2005,443.100006,52.099998,118.769997,35.130001
24/10/2005,450.5,53.400002,123.300003,35.759998
25/10/2005,451.700012,53.279999,123.550003,35.720001
26/10/2005,456.5,53.32,124.25,36.099998
27/10/2005,454.100006,53.02,122.43,36.029999
28/10/2005,459,53.93,124.559998,36.439999
31/10/2005,457.799988,54.41,126.370003,36.619999
01/11/2005,454,53.029999,126.599998,36.849998
02/11/2005,455.5,53.18,129.130005,37.200001
03/11/2005,454.5,52.720001,129.199997,37.09
04/11/2005,456,52.41,130.960007,37.310001
07/11/2005,464.299988,52.720001,129.149994,37.68
08/11/2005,466,52.540001,127.519997,37.34
09/11/2005,468.200012,53.080002,128.699997,37.720001
10/11/2005,477.299988,54.450001,130.089996,38.32
11/11/2005,480,55.279999,130,38.259998
14/11/2005,482.399994,55.610001,129.240005,38.130001
15/11/2005,476.600006,55.169998,127.970001,37.73
16/11/2005,476.899994,54.380001,128.179993,37.810001
17/11/2005,479.399994,55.009998,130.410004,37.93
18/11/2005,484.100006,55.5,131.580002,38.029999
21/11/2005,485.100006,56.02,132.410004,37.82
22/11/2005,489.200012,56.450001,132.600006,38.200001
23/11/2005,493.399994,57.349998,134.080002,38.779999
25/11/2005,495.200012,57.77,134.119995,38.860001
28/11/2005,493,56.66,131.100006,38.900002
29/11/2005,490.899994,56.799999,130.449997,38.959999
30/11/2005,485.5,56.029999,128.960007,38.25
01/12/2005,488.5,56.959999,130.279999,38.57
02/12/2005,487.700012,57.279999,131.080002,38.990002
05/12/2005,488.5,57.43,133.050003,38.849998
06/12/2005,488.899994,56.57,131.309998,38.849998
07/12/2005,487,56.299999,129.889999,38.470001
08/12/2005,485,56.360001,128.639999,38.650002
09/12/2005,489.100006,55.959999,129.660004,39.119999
12/12/2005,486.799988,56.52,130.009995,39.150002
13/12/2005,494.399994,57.369999,131.639999,39.41
14/12/2005,496.399994,57.439999,129.630005,39.549999
15/12/2005,491,56.91,128.300003,39.580002
16/12/2005,493.700012,56.880001,126.5,39.790001
19/12/2005,491.700012,56.669998,125.129997,39.599998
20/12/2005,492.100006,57.709999,125.860001,39.599998
21/12/2005,492.700012,58.110001,127.309998,39.830002
22/12/2005,491.899994,58.48,127.989998,40.049999
23/12/2005,492.399994,58.41,128.110001,40.200001
27/12/2005,486.5,57.98,128.259995,40.099998
28/12/2005,484.700012,57.630001,127.980003,39.91
29/12/2005,485.799988,57.130001,128.020004,39.860001
30/12/2005,485.299988,56.740002,127.709999,39.689999
03/01/2006,492.899994,58.310001,128.869995,40.189999
04/01/2006,483.799988,58.349998,127.089996,39.619999
05/01/2006,486.200012,58.509998,127.040001,39.740002
06/01/2006,486.200012,58.57,128.839996,40.02
09/01/2006,483.899994,59.189999,130.389999,40.669998
10/01/2006,485.399994,59.220001,132.029999,40.73
11/01/2006,489.799988,59.57,131.970001,40.700001
12/01/2006,490.299988,59.470001,132.25,39.950001
13/01/2006,489.200012,59.380001,133.259995,39.919998
17/01/2006,484.299988,58.810001,132.589996,39.709999
18/01/2006,483.600006,58.450001,132.369995,39.279999
19/01/2006,479.399994,59.349998,133.820007,39.060001
20/01/2006,456.899994,57.849998,131.440002,38.049999
23/01/2006,460,58.48,132.869995,38.27
24/01/2006,460.100006,58.689999,133,38.110001
25/01/2006,462.299988,59.169998,133.559998,38.48
26/01/2006,470.100006,59.970001,137.399994,39.59
27/01/2006,468.700012,60.779999,138.940002,39.75
30/01/2006,468.200012,60.669998,139.869995,39.849998
31/01/2006,465.799988,61.450001,141.25,39.75
01/02/2006,463.299988,61.830002,141.710007,39.880001
02/02/2006,451.799988,61.27,142.520004,39.990002
03/02/2006,450.600006,61.439999,142.740005,39.529999
06/02/2006,451.700012,61.73,142.820007,39.439999
07/02/2006,450.5,60.529999,139.479996,39.259998
08/02/2006,453.600006,61.27,141.139999,39.599998
09/02/2006,457.899994,61.18,140.850006,39.77
10/02/2006,459.600006,60.310001,140.809998,39.919998
13/02/2006,456.799988,59.810001,139.649994,39.77
14/02/2006,461.200012,60.07,141.779999,40.099998
15/02/2006,462.5,60.860001,145.139999,40.32
16/02/2006,464.399994,61.299999,145.899994,40.82
17/02/2006,462.399994,60.810001,145.539993,40.779999
21/02/2006,461.700012,60.77,143.449997,40.700001
22/02/2006,468.799988,61.580002,145.529999,41.41
23/02/2006,468,60.849998,143.960007,41.110001
24/02/2006,468.5,60.830002,144.160004,41.66
27/02/2006,467.799988,60.740002,143.820007,41.580002
28/02/2006,463.700012,59.66,141.289993,41.139999
01/03/2006,465.299988,60.130001,143.149994,41.630001
02/03/2006,460.5,59.790001,144,41.66
03/03/2006,459.200012,59.720001,146,41.59
06/03/2006,460.899994,59.919998,145.020004,41.43
07/03/2006,464,59.66,144.279999,41.48
08/03/2006,466.799988,59.07,142.490005,41.599998
09/03/2006,464.899994,58.66,141.699997,41.049999
10/03/2006,469.899994,59.119999,141.529999,41.130001
13/03/2006,468.399994,58.790001,140.720001,41.060001
14/03/2006,471.799988,60.029999,149.419998,41.380001
15/03/2006,470.100006,59.639999,149,41.220001
16/03/2006,473.200012,59.939999,147.690002,41.32
17/03/2006,474.100006,60.259998,150.360001,41.400002
20/03/2006,474,60.369999,152.179993,41.450001
21/03/2006,472.200012,60.41,149.399994,41.200001
22/03/2006,476.700012,61.939999,151.820007,42.049999
23/03/2006,477.700012,61.57,151.669998,42.040001
24/03/2006,478.100006,61.470001,152.169998,42.099998
27/03/2006,476.399994,62.119999,155,42.110001
28/03/2006,476,62.060001,154.160004,41.560001
29/03/2006,476.299988,62.900002,156.899994,41.68
30/03/2006,472.799988,63.619999,156.809998,41.529999
31/03/2006,472.299988,62.82,156.960007,41.639999
03/04/2006,474.100006,63.25,158.119995,41.93
04/04/2006,482.100006,64.269997,161,42.27
05/04/2006,482.600006,64.309998,160.75,42.540001
06/04/2006,478.5,64.5,162.039993,42.290001
07/04/2006,476.600006,63.77,161.020004,41.700001
10/04/2006,479.299988,64.190002,162.460007,41.880001
11/04/2006,474.700012,62.73,159.149994,41.610001
12/04/2006,476,63.080002,159.520004,41.900002
13/04/2006,480.5,62.98,159.429993,42.189999
17/04/2006,483.5,63.610001,161.940002,42
18/04/2006,484.799988,65.639999,165.550003,42.599998
19/04/2006,482.299988,65.160004,167.050003,42.619999
20/04/2006,483,64.980003,168.550003,42.599998
21/04/2006,480.100006,65.029999,165.889999,42.5
24/04/2006,480,65.309998,165.350006,42.68
25/04/2006,474.600006,64.370003,162.800003,42.220001
26/04/2006,477.5,64.410004,163.399994,42.66
27/04/2006,481.5,64.970001,163.970001,43.950001
28/04/2006,499.5,64.300003,160.289993,45.380001
01/05/2006,494.600006,63.16,156.449997,44.779999
02/05/2006,496,64.139999,158.830002,45.5
03/05/2006,498.5,63.419998,159.149994,45.459999
04/05/2006,493.799988,63.799999,158.039993,45.689999
05/05/2006,503.700012,65.529999,164.389999,46.650002
08/05/2006,501.600006,65.400002,163.529999,46.099998
09/05/2006,503.5,65.75,165.75,46.02
10/05/2006,503,65.209999,164.089996,45.919998
11/05/2006,494.799988,64.260002,159.279999,45.150002
12/05/2006,489.899994,63.290001,156.110001,44.32
15/05/2006,495.100006,62.07,153.139999,44.540001
16/05/2006,495.399994,62.060001,152.699997,44.32
17/05/2006,488.299988,59.990002,148.210007,43.25
18/05/2006,487.299988,59.860001,147.029999,42.740002
19/05/2006,488,59.939999,149.410004,42.75
22/05/2006,488.399994,59.169998,146.149994,42.639999
23/05/2006,485.299988,58.77,143.699997,42.169998
24/05/2006,486.600006,59.099998,143.919998,42.150002
25/05/2006,490.700012,59.77,147.320007,42.849998
26/05/2006,495.700012,60.57,152.940002,43.23
30/05/2006,490.200012,59.110001,149.830002,42.439999
31/05/2006,493,59.619999,150.949997,42.639999
01/06/2006,498.299988,60.580002,153.550003,43.580002
02/06/2006,501.399994,60.59,154.089996,43.810001
05/06/2006,496.200012,58.650002,150.399994,42.970001
06/06/2006,497.600006,58.900002,149.240005,42.380001
07/06/2006,499.5,59.139999,149.949997,42.25
08/06/2006,499.5,58.98,149.759995,42.349998
09/06/2006,497.700012,59.189999,149.889999,42.099998
12/06/2006,493.299988,58.200001,145,41.599998
13/06/2006,482.100006,55.240002,139.25,40.529999
14/06/2006,478,55.59,138.5,39.970001
15/06/2006,486.799988,57.330002,144.119995,40.599998
16/06/2006,483.600006,56.990002,144,40.16
19/06/2006,478.200012,56.52,143.75,39.950001
20/06/2006,480.100006,57.02,145.259995,40.490002
21/06/2006,483.700012,59.48,149.830002,41.209999
22/06/2006,481.700012,60.009998,148.309998,41.07
23/06/2006,477.399994,59.700001,147.919998,40.869999
26/06/2006,483,60.400002,149.899994,41.5
27/06/2006,477.600006,60.040001,147.160004,40.84
28/06/2006,478.5,60.139999,146.490005,41.27
29/06/2006,488.600006,62.540001,152.199997,42.68
30/06/2006,482.5,63.209999,150.429993,42
03/07/2006,489.700012,64.019997,152.449997,42.869999
05/07/2006,490.100006,63.650002,150.949997,42.41
06/07/2006,492.700012,63.869999,150.580002,42.450001
07/07/2006,490.799988,63.950001,148.509995,42.41
10/07/2006,493.399994,64.209999,148.850006,42.580002
11/07/2006,496,63.93,148.669998,42.869999
12/07/2006,488.299988,62.630001,145.270004,42.25
13/07/2006,478.700012,61.470001,142.550003,41.389999
14/07/2006,475.799988,60.689999,140.100006,40.889999
17/07/2006,464,61.200001,140.869995,40.73
18/07/2006,465.5,61.959999,142.339996,40.709999
19/07/2006,472.5,63.849998,146.970001,43.049999
20/07/2006,471.100006,63.34,145.179993,42.98
21/07/2006,469.299988,62.509998,142.039993,43.150002
24/07/2006,474.600006,64.220001,146.899994,44.200001
25/07/2006,474.5,64.970001,148.490005,44.630001
26/07/2006,475.299988,64.449997,147.380005,44.650002
27/07/2006,473.100006,65.059998,148.259995,44.700001
28/07/2006,483.299988,66.230003,151.720001,45.48
31/07/2006,483.100006,66.5,152.75,45.619999
01/08/2006,485.100006,65.940002,151.259995,45.509998
02/08/2006,487.200012,66.230003,149.899994,45.490002
03/08/2006,484.700012,67.800003,152.100006,45.66
04/08/2006,485,67.690002,152.990005,45.119999
07/08/2006,482.299988,67.139999,152.649994,45.27
08/08/2006,483.100006,66.279999,151.449997,44.990002
09/08/2006,478.299988,64.68,150.009995,44.349998
10/08/2006,479.700012,65.230003,151.630005,44.049999
11/08/2006,476.399994,65.360001,151.110001,43.93
14/08/2006,477.200012,65.029999,150.369995,43.889999
15/08/2006,484.100006,66.239998,152.649994,45.040001
16/08/2006,485.299988,66.949997,154.990005,45.470001
17/08/2006,485.700012,67.57,154.449997,45.459999
18/08/2006,486,67.139999,154.679993,45.709999
21/08/2006,484.899994,67.199997,153.830002,45.459999
22/08/2006,484.200012,67.849998,154.149994,45.349998
23/08/2006,485.799988,68.050003,152.699997,45.52
24/08/2006,487.200012,67.75,151.399994,45.68
25/08/2006,486.399994,66.980003,150.070007,45.52
28/08/2006,491.200012,66.889999,149.529999,46.02
29/08/2006,492.600006,65.639999,147.089996,45.970001
30/08/2006,495.200012,65.5,147.059998,45.73
31/08/2006,493.5,65.790001,148.649994,45.66
01/09/2006,493.700012,66.830002,149.139999,45.73
05/09/2006,494.200012,67.419998,151.279999,45.799999
06/09/2006,491.299988,66.099998,150.669998,45.880001
07/09/2006,485.5,65.959999,148.570007,45.200001
08/09/2006,487.200012,66.690002,149.800003,45.259998
11/09/2006,489.200012,66.669998,151,45.389999
12/09/2006,489.899994,68.349998,158.289993,46.009998
13/09/2006,493,69.730003,160.860001,46.400002
14/09/2006,492.899994,70.32,162.520004,46.5
15/09/2006,491.899994,70.949997,162.710007,46.950001
18/09/2006,495.899994,70.860001,163.220001,46.580002
19/09/2006,497,71.849998,163.389999,46.799999
20/09/2006,499,72.349998,166.600006,47.220001
21/09/2006,497.5,71.639999,167.149994,46.810001
22/09/2006,495,71.779999,167.520004,46.82
25/09/2006,500.799988,72.57,168.690002,46.91
26/09/2006,502.299988,73.260002,168.679993,46.900002
27/09/2006,499.700012,72.389999,169,46.84
28/09/2006,499.299988,72.889999,170,47.150002
29/09/2006,496.700012,72.910004,169.169998,46.959999
02/10/2006,494.899994,73.040001,170.690002,46.869999
03/10/2006,500.899994,73.559998,174.199997,47.75
04/10/2006,510.299988,74.540001,176.559998,47.490002
05/10/2006,509.899994,74.559998,175.5,47.41
06/10/2006,510.5,74.410004,175.649994,46.860001
09/10/2006,510.799988,75,177.449997,47.110001
10/10/2006,508.200012,75,178.860001,47.529999
11/10/2006,503.799988,74.779999,178.970001,47.639999
12/10/2006,501.799988,76.349998,181.509995,48.259998
13/10/2006,503.799988,76.57,183.850006,48.16
16/10/2006,501.5,76.809998,185.220001,47.73
17/10/2006,500.5,75.779999,183.070007,47.990002
18/10/2006,501.899994,76.300003,182.970001,47.209999
19/10/2006,498.700012,76.18,180.050003,46.869999
20/10/2006,499.100006,76.400002,180.399994,47.119999
23/10/2006,506.200012,77.349998,184.699997,47.389999
24/10/2006,504.700012,78.160004,187.839996,47.139999
25/10/2006,508.700012,77.470001,188.610001,47.27
26/10/2006,508.299988,77.620003,193.380005,47.77
27/10/2006,503.600006,76.440002,188.669998,47.290001
30/10/2006,501.200012,76.580002,189.75,47.450001
31/10/2006,501.600006,76.43,189.789993,47.439999
01/11/2006,500.899994,73.769997,185,46.93
02/11/2006,497.399994,74.160004,187.389999,46.900002
03/11/2006,495.899994,74.279999,187.130005,46.889999
06/11/2006,502.200012,76.040001,190,47.650002
07/11/2006,504.799988,75.900002,188.679993,47.490002
08/11/2006,505.700012,75.540001,188.770004,47.639999
09/11/2006,506.100006,74.849998,184.779999,47.240002
10/11/2006,506.299988,76.68,187.059998,47.610001
13/11/2006,506.899994,77.330002,187.729996,47.66
14/11/2006,507.5,78.230003,190.360001,47.75
15/11/2006,504.700012,78.660004,193.110001,47.450001
16/11/2006,506.600006,78.68,196.720001,47.849998
17/11/2006,508,79.120003,195.039993,47.66
20/11/2006,507.299988,79.309998,197.449997,47.900002
21/11/2006,506.100006,79.230003,199.759995,47.75
22/11/2006,507.700012,79.199997,202.289993,47.59
24/11/2006,503.100006,78.949997,201.600006,47.27
27/11/2006,498.899994,76.25,193.110001,46.630001
28/11/2006,495.600006,76.919998,197.119995,46.200001
29/11/2006,498.600006,77.410004,196.220001,46.669998
30/11/2006,495.899994,76.160004,194.800003,46.279999
01/12/2006,493.799988,75.269997,194.5,46.009998
04/12/2006,500,77.260002,200.050003,46.84
05/12/2006,505.100006,77.980003,201.610001,47.200001
06/12/2006,507.799988,78.610001,205,46.830002
07/12/2006,507.100006,78.18,200.199997,46.630001
08/12/2006,518.5,78.610001,205.100006,46.759998
11/12/2006,528.799988,78.769997,202.520004,47.549999
12/12/2006,522.5,78.400002,200,47.630001
13/12/2006,523.200012,78.959999,198.309998,47.599998
14/12/2006,531.099976,79.599998,200.130005,47.950001
15/12/2006,540.700012,79.260002,199.839996,48.299999
18/12/2006,554.400024,80.370003,203.240005,48.23
19/12/2006,552.299988,81.699997,201.240005,48.27
20/12/2006,551.599976,81.279999,201.369995,48.220001
21/12/2006,547.599976,80.790001,198.100006,48.650002
22/12/2006,545.5,79.699997,198.089996,47.889999
26/12/2006,551.200012,80.730003,199.860001,48.310001
27/12/2006,564.099976,82,201.949997,48.950001
28/12/2006,558.799988,81.589996,200.800003,48.919998
29/12/2006,557,81.43,199.350006,48.299999
03/01/2007,552.5,81.620003,200.720001,48.07
04/01/2007,550.599976,81.910004,198.850006,48.189999
05/01/2007,547.700012,80.860001,199.050003,47.790001
08/01/2007,550.5,81.349998,203.729996,47.950001
09/01/2007,545.700012,81.160004,204.080002,47.75
10/01/2007,541.299988,81.57,208.110001,48.099998
11/01/2007,541.700012,82.370003,211.880005,48.310001
12/01/2007,543.799988,82.860001,213.990005,47.990002
16/01/2007,547.700012,82.610001,213.589996,48.389999
17/01/2007,543.900024,82.379997,213.229996,48.43
18/01/2007,543.900024,81.209999,209.679993,48.150002
19/01/2007,545,81.5,210.289993,48.759998
22/01/2007,546.799988,83.309998,212.970001,49.66
23/01/2007,544.900024,82.620003,212.639999,49.830002
24/01/2007,548.299988,84.650002,220.100006,50.360001
25/01/2007,539.299988,82.220001,213.070007,50.209999
26/01/2007,546.700012,82.120003,213.5,49.700001
29/01/2007,540.599976,81.120003,211.039993,49.470001
30/01/2007,542.700012,81.720001,208.779999,50.18
31/01/2007,551.299988,82.790001,212.160004,50.93
01/02/2007,547.299988,83.849998,212,51.209999
02/02/2007,546.599976,84.040001,213.429993,50.93
05/02/2007,547.5,83.269997,212.550003,50.959999
06/02/2007,549.5,83.129997,214.649994,51
07/02/2007,549.5,83.239998,213.550003,51.209999
08/02/2007,544.400024,82.82,213.899994,50.93
09/02/2007,534,81.779999,213.279999,50.419998
12/02/2007,534.299988,80.279999,211.130005,50.439999
13/02/2007,537.099976,81.25,212.529999,50.950001
14/02/2007,541.799988,82.360001,217.399994,51.419998
15/02/2007,542.099976,82.82,216.820007,51.209999
16/02/2007,541,82.360001,216.919998,51.25
20/02/2007,541.900024,83.309998,220.940002,51.630001
21/02/2007,537.5,83.190002,220.149994,51.650002
22/02/2007,535.900024,82.75,218.970001,51.639999
23/02/2007,537.700012,80.970001,216.5,51.029999
26/02/2007,526.799988,78.519997,214,50.810001
27/02/2007,506,74.129997,196,49.220001
28/02/2007,503.700012,74.919998,201.75,49.389999
01/03/2007,510.799988,75.089996,199.660004,49.200001
02/03/2007,499.700012,73.400002,195.669998,48.189999
05/03/2007,492.5,71.639999,190,47.540001
06/03/2007,505.799988,73.550003,197.369995,48.52
07/03/2007,502.200012,73.889999,195.589996,48.360001
08/03/2007,505,75.410004,199.940002,48.740002
09/03/2007,503.299988,76,201.699997,48.82
12/03/2007,503.600006,76.059998,202.600006,48.84
13/03/2007,487.5,72.080002,199.029999,46.700001
14/03/2007,490.799988,73.809998,200.149994,47.299999
15/03/2007,501.299988,74.889999,200.889999,47.700001
16/03/2007,495.299988,74.410004,199,47.029999
19/03/2007,500.600006,75.019997,202.440002,47.580002
20/03/2007,506.399994,76.110001,204,47.75
21/03/2007,520.299988,81.330002,210.949997,49.049999
22/03/2007,518.400024,81.129997,210.080002,48.470001
23/03/2007,517.200012,81.099998,211.889999,48.52
26/03/2007,515.400024,80.370003,211.729996,48.700001
27/03/2007,510.600006,79.470001,209.869995,48.57
28/03/2007,509.600006,78.330002,206.759995,47.990002
29/03/2007,514,78.43,207.199997,48.5
30/03/2007,513.400024,78.760002,206.630005,48.380001
02/04/2007,510.5,78.690002,205.649994,48.240002
03/04/2007,514.099976,80.18,209.75,48.560001
04/04/2007,513.599976,79.809998,208.789993,48.560001
05/04/2007,515.700012,80.300003,207.929993,48.77
09/04/2007,515.799988,80.300003,208.940002,49
10/04/2007,524,80.279999,209.050003,49.240002
11/04/2007,518,79.400002,206.929993,49.150002
12/04/2007,516.5,80.07,207.050003,49.200001
13/04/2007,516,79.989998,206.5,49.09
16/04/2007,529.299988,82.07,214.520004,49.970001
17/04/2007,525.299988,81.589996,214.899994,50.18
18/04/2007,529.900024,81.82,216.75,52.07
19/04/2007,530.900024,82.589996,219.289993,52.09
20/04/2007,534.200012,82.910004,220,52.540001
23/04/2007,531.099976,83.559998,222.419998,52.279999
24/04/2007,528.099976,83.510002,220.720001,52.16
25/04/2007,538,84.519997,225.600006,52.82
26/04/2007,535.599976,84.379997,224.809998,52.939999
27/04/2007,533.700012,85.010002,224.279999,52.549999
30/04/2007,536.200012,84.010002,218.610001,52.099998
01/05/2007,542,84.110001,218.580002,52.259998
02/05/2007,543,84.360001,219.490005,52.549999
03/05/2007,539.5,85.279999,221.559998,52.700001
04/05/2007,540.900024,86.57,227.339996,52.630001
07/05/2007,538.799988,85.980003,227.220001,52.73
08/05/2007,537.200012,85.650002,224.949997,52.450001
09/05/2007,541.200012,86.050003,226.570007,53.200001
10/05/2007,532,84.379997,223.100006,52
11/05/2007,531.099976,85.150002,227.5,52.150002
14/05/2007,528.599976,84.900002,226.179993,51.830002
15/05/2007,527.900024,83.480003,224.380005,52.029999
16/05/2007,549.099976,84.080002,227.110001,52.98
17/05/2007,548,84.169998,227.380005,52.560001
18/05/2007,550,85.050003,230.339996,52.540001
21/05/2007,548.400024,85.610001,229.229996,52.560001
22/05/2007,550.799988,85.629997,230.710007,52.290001
23/05/2007,550.099976,85.75,228.539993,51.990002
24/05/2007,549.299988,84.459999,225.679993,51.59
25/05/2007,551.200012,84.260002,225.529999,51.639999
29/05/2007,549.099976,85.290001,228.440002,51.82
30/05/2007,552,85.82,232,52.060001
31/05/2007,544.900024,85.040001,230.820007,51.830002
01/06/2007,545.099976,86.07,230.710007,51.900002
04/06/2007,541.5,85.849998,229.710007,51.57
05/06/2007,539,85.650002,229.360001,51.220001
06/06/2007,533.299988,85.959999,227.350006,50.560001
07/06/2007,525.200012,84.730003,220.050003,49.82
08/06/2007,533.299988,87.099998,225.059998,50.41
11/06/2007,534.700012,88.540001,227.160004,50.43
12/06/2007,526,86.699997,227.850006,49.349998
13/06/2007,536.799988,89.169998,233.639999,50.290001
14/06/2007,536.700012,89.300003,225.75,50.32
15/06/2007,539.799988,88.480003,226.190002,50.560001
18/06/2007,539.599976,88.5,226.970001,50.43
19/06/2007,542.599976,87.800003,229.470001,50.849998
20/06/2007,534.400024,87.32,225.889999,49.459999
21/06/2007,536.599976,87.290001,226.899994,49.84
22/06/2007,524.099976,84.599998,222.399994,48.720001
25/06/2007,516.900024,84.540001,216.740005,48.360001
26/06/2007,511.5,84.110001,214.169998,48.599998
27/06/2007,518.099976,85.32,219.330002,49.240002
28/06/2007,518.099976,84.879997,218.960007,48.959999
29/06/2007,512.900024,83.879997,216.75,48.450001
02/07/2007,516.400024,71.330002,219.179993,49.150002
03/07/2007,518.599976,73.220001,224.550003,49.34
05/07/2007,515,72.940002,221.320007,48.790001
06/07/2007,517,73.089996,223.639999,48.970001
09/07/2007,516,72.660004,223.300003,48.790001
10/07/2007,510,70.459999,217.080002,47.509998
11/07/2007,514.099976,70.650002,216.720001,48.130001
12/07/2007,528.400024,72.400002,220.289993,49.529999
13/07/2007,525.200012,73.260002,222.179993,50.049999
16/07/2007,521.900024,72.300003,220.399994,49.830002
17/07/2007,524.599976,72.849998,219.399994,49.919998
18/07/2007,516,70.849998,214.990005,48.880001
19/07/2007,511.299988,69.879997,211.690002,48.619999
20/07/2007,507.299988,67.57,205.940002,47.560001
23/07/2007,508.600006,67.709999,205.039993,47.150002
24/07/2007,493.100006,65.550003,198.149994,45.34
25/07/2007,492.100006,65.860001,203.160004,45.27
26/07/2007,478.100006,64.5,195.119995,44.080002
27/07/2007,469.700012,64.370003,192.649994,44.23
30/07/2007,471.899994,64.610001,195.740005,44.75
31/07/2007,465.700012,63.869999,188.339996,44.009998
01/08/2007,468.5,64.379997,189,44.380001
02/08/2007,472.399994,63.880001,187.460007,44.59
03/08/2007,457.200012,60.619999,179.679993,43.650002
06/08/2007,483.5,64.029999,187.789993,45.110001
07/08/2007,485.899994,64.330002,191.25,45.34
08/08/2007,494.899994,65.389999,193.300003,46.509998
09/08/2007,469,61.810001,182.25,44.169998
10/08/2007,470,60.029999,180.5,44.25
13/08/2007,465.399994,59.639999,177.5,43.830002
14/08/2007,456.600006,57.580002,169.75,43.299999
15/08/2007,456.100006,56.630001,164.899994,43
16/08/2007,475.5,58.970001,169.850006,45.470001
17/08/2007,488.100006,62.23,175,47.009998
20/08/2007,483.899994,62.66,172.759995,46.490002
21/08/2007,480.600006,62.889999,175.479996,46.200001
22/08/2007,484.299988,64.089996,177.889999,46
23/08/2007,483.5,64.309998,177.5,45.669998
24/08/2007,485,64.540001,179.729996,45.950001
27/08/2007,477.899994,63.73,177.949997,44.91
28/08/2007,461.399994,60.77,170.949997,43.599998
29/08/2007,469.5,61.209999,173.720001,44.130001
30/08/2007,462.299988,60.16,171.380005,43.970001
31/08/2007,468.799988,62.369999,176.009995,44.52
04/09/2007,472.100006,63.93,180.800003,45.299999
05/09/2007,460,62.560001,177.809998,44.169998
06/09/2007,456.600006,62.5,179.179993,44.209999
07/09/2007,454.799988,62.5,178.979996,43.52
10/09/2007,453,63.080002,183.610001,43.93
11/09/2007,460.100006,63.540001,183.5,44.540001
12/09/2007,457.600006,63.459999,182.529999,44.470001
13/09/2007,463.600006,66.790001,188.470001,45.599998
14/09/2007,466.399994,66.110001,190.589996,45.540001
17/09/2007,460.299988,64.910004,187.610001,45.290001
18/09/2007,483.700012,68.510002,200.5,47.82
19/09/2007,482.700012,67.029999,205.5,47.57
20/09/2007,472,64.629997,203.529999,46.959999
21/09/2007,475.100006,64.440002,209.979996,47.130001
24/09/2007,465.899994,62.290001,210.429993,46.34
25/09/2007,463.100006,61.369999,210.899994,46.099998
26/09/2007,465.5,62.970001,214.610001,46.130001
27/09/2007,468.799988,64.550003,216.779999,46.209999
28/09/2007,466.700012,63,216.740005,45.82
01/10/2007,477.200012,64.010002,222.979996,46.810001
02/10/2007,478.600006,66.099998,228.020004,47.16
03/10/2007,478.899994,67,227.350006,47
04/10/2007,476.299988,67.110001,225.949997,47.25
05/10/2007,483,68.900002,228.5,47.580002
08/10/2007,478,67.940002,226.960007,47.439999
09/10/2007,476.200012,69.089996,239.199997,47.57
10/10/2007,471.399994,67.529999,235.940002,46.91
11/10/2007,483.200012,67.059998,229.009995,46.66
12/10/2007,478.700012,67.25,233.559998,46.82
15/10/2007,462.399994,66.099998,229.339996,46.27
16/10/2007,447.899994,65.300003,224.830002,45.110001
17/10/2007,446.600006,65.809998,227.619995,46.369999
18/10/2007,438.299988,65.400002,227.850006,45.900002
19/10/2007,423.600006,61.950001,217.690002,45.02
22/10/2007,426.100006,62.59,222.179993,45.369999
23/10/2007,424.399994,63.619999,223.759995,45.939999
24/10/2007,418.200012,62.889999,225.119995,46.27
25/10/2007,412.299988,62,226.660004,46.049999
26/10/2007,426.299988,64.779999,235.919998,47.32
29/10/2007,426.899994,66.269997,243.809998,46.669998
30/10/2007,421.100006,65.489998,240.330002,46.560001
31/10/2007,419,67.260002,247.919998,47
01/11/2007,385.100006,62.419998,240.210007,44.32
02/11/2007,377.299988,58.900002,229.600006,43.150002
05/11/2007,359,55.59,218.389999,42.77
06/11/2007,350.799988,54.509998,223.160004,44.110001
07/11/2007,334.100006,51.189999,214.179993,42.240002
08/11/2007,329,53.68,209.940002,42.610001
09/11/2007,331,54.200001,211.330002,42.310001
12/11/2007,335.700012,53.77,214.710007,42.389999
13/11/2007,359,55.860001,233.039993,45.049999
14/11/2007,360.399994,55.610001,233.309998,45.150002
15/11/2007,345.799988,53.27,227.020004,43.529999
16/11/2007,340,52.900002,225.25,43.09
19/11/2007,320,51.130001,220.539993,41.369999
20/11/2007,314,50.43,217.479996,41.630001
21/11/2007,307.299988,48.509998,209.5,40.68
23/11/2007,317,49.889999,216.479996,41.950001
26/11/2007,307,47.950001,207.449997,40.459999
27/11/2007,303.200012,49.799999,213.330002,42.349998
28/11/2007,322.899994,53.5,227.520004,43.959999
29/11/2007,322.899994,52.34,224.380005,43.650002
30/11/2007,333,52.720001,226.639999,45.619999
03/12/2007,330.600006,52.279999,226.889999,45.209999
04/12/2007,325.5,50.009998,215.220001,44.150002
05/12/2007,336.899994,50.110001,218.259995,44.900002
06/12/2007,343.5,51.580002,222.509995,46.209999
07/12/2007,343.100006,51.689999,217.889999,46.080002
10/12/2007,347.700012,54.369999,224.210007,47.419998
11/12/2007,332.299988,49.950001,211.149994,45.939999
12/12/2007,314.700012,50.369999,212.580002,46.150002
13/12/2007,310.100006,50.200001,208.479996,45.759998
14/12/2007,307,50.299999,210.669998,45.200001
17/12/2007,307.700012,49.529999,208.630005,44.529999
18/12/2007,303.799988,48.07,201.509995,43.900002
19/12/2007,302.100006,50.080002,204.160004,43.98
20/12/2007,298.899994,51.369999,202.669998,43.330002
21/12/2007,302.399994,54.369999,209.600006,44.110001
24/12/2007,309.799988,54.970001,214.320007,44.830002
26/12/2007,304.5,55,216.690002,44.939999
27/12/2007,295.600006,53.32,211.949997,43.639999
28/12/2007,292.899994,53.220001,211.940002,43.259998
31/12/2007,294.399994,53.110001,215.050003,43.650002
02/01/2008,289.200012,50.950001,207.600006,42.169998
03/01/2008,289.299988,50.939999,204.839996,41.880001
04/01/2008,282.399994,49.299999,199.929993,40.93
07/01/2008,282.600006,48.310001,194.729996,41.34
08/01/2008,271.399994,46.400002,189.5,39.700001
09/01/2008,274.899994,47.73,191.75,40.259998
10/01/2008,281.100006,48.41,196.910004,41.330002
11/01/2008,285.600006,48.389999,198.740005,40.860001
14/01/2008,290.600006,48.900002,201.649994,41.360001
15/01/2008,269.399994,47.130001,193.289993,39.169998
16/01/2008,262.399994,47.389999,197.5,41.43
17/01/2008,249.600006,45.25,190.979996,40.040001
18/01/2008,244.5,45.110001,187.210007,39.59
22/01/2008,244,48.529999,190.690002,40.860001
23/01/2008,263.600006,51.700001,199.389999,45.720001
24/01/2008,273.299988,51.23,199.199997,44.959999
25/01/2008,266.399994,48.889999,191.369995,43.639999
28/01/2008,276.5,49.59,196.25,45.57
29/01/2008,279.100006,49.459999,196.050003,47.450001
30/01/2008,278.799988,48.630001,198.550003,47.349998
31/01/2008,281.700012,49.34,199.550003,47.400002
01/02/2008,296.899994,48.25,207.779999,48.25
04/02/2008,292.200012,48.029999,200.800003,46.220001
05/02/2008,270.5,45.560001,189.860001,43.889999
06/02/2008,269.200012,44.950001,187.169998,43.720001
07/02/2008,267,44.880001,190.460007,45.110001
08/02/2008,260.299988,43.189999,187.070007,43.82
11/02/2008,258.100006,42.529999,185.869995,43.349998
12/02/2008,262.100006,42.709999,180.649994,43.310001
13/02/2008,263.399994,43.23,180.179993,44.099998
14/02/2008,257.399994,42.619999,176.559998,42.610001
15/02/2008,254.800003,42.32,178.410004,43.25
19/02/2008,253.199997,41.490002,173.800003,42.830002
20/02/2008,254.899994,43.549999,177.25,43.150002
21/02/2008,250.5,43.169998,175.169998,43.07
22/02/2008,251.199997,44.189999,177.710007,43.93
25/02/2008,247.399994,45.279999,177.360001,44.029999
26/02/2008,249.5,44.93,172.699997,43.720001
27/02/2008,257.200012,45.880001,180.800003,44.41
28/02/2008,250.100006,44.400002,176.699997,42.439999
29/02/2008,237.100006,42.119999,169.630005,40.650002
03/03/2008,230.899994,41.580002,165.080002,39.82
04/03/2008,221,41.349998,163.600006,39.189999
05/03/2008,221.5,41.470001,164.970001,38.740002
06/03/2008,211.699997,39.669998,158.649994,37.369999
07/03/2008,209.100006,39.860001,160.070007,37.560001
10/03/2008,196.899994,38.299999,155.580002,36.48
11/03/2008,214.899994,42.490002,163.070007,38.84
12/03/2008,212.100006,41.009998,163.009995,38.610001
13/03/2008,210.699997,41.599998,165.440002,38.110001
14/03/2008,197.800003,39.549999,156.860001,36.540001
17/03/2008,186.199997,36.380001,151.020004,40.310001
18/03/2008,207.100006,42.860001,175.589996,42.709999
19/03/2008,204.100006,43.450001,166.490005,42.470001
20/03/2008,225,49.669998,179.630005,45.970001
24/03/2008,232.699997,48.75,178.880005,46.549999
25/03/2008,234.199997,49.450001,179.630005,46.060001
26/03/2008,220.5,47.790001,175.479996,44.110001
27/03/2008,217.899994,45.689999,168.139999,42.860001
28/03/2008,208.300003,44.740002,164.449997,42.709999
31/03/2008,214.199997,45.700001,165.389999,42.950001
01/04/2008,238.399994,48.849998,176.860001,47
02/04/2008,240.199997,49.09,176.869995,46.240002
03/04/2008,243.600006,48.880001,176.529999,46.279999
04/04/2008,240.800003,47.599998,175.399994,45.57
07/04/2008,246,48.09,178.729996,45.540001
08/04/2008,237.600006,47.619999,178.899994,44.860001
09/04/2008,235.800003,46.099998,174.139999,44.299999
10/04/2008,237.100006,44.439999,170.550003,43.860001
11/04/2008,233.600006,43.630001,167.300003,42.529999
14/04/2008,225.100006,42.970001,163.589996,41.5
15/04/2008,228,43.52,164.199997,42.119999
16/04/2008,234.399994,45.419998,169.050003,44.959999
17/04/2008,240.300003,46.419998,172.100006,45.119999
18/04/2008,251.100006,47.77,179.929993,45.759998
21/04/2008,250.300003,47.200001,180.399994,45.23
22/04/2008,251.199997,47.189999,179.759995,45.650002
23/04/2008,246.300003,47.380001,179.350006,45.150002
24/04/2008,257.600006,50.389999,188.789993,46.970001
25/04/2008,266,50.650002,192,47.790001
28/04/2008,268.100006,49.91,190.240005,47.34
29/04/2008,263.200012,48.959999,192.679993,47.080002
30/04/2008,252.699997,48.599998,191.369995,47.650002
01/05/2008,259.899994,50.330002,199.050003,49.25
02/05/2008,263.899994,50.310001,200.270004,48.66
05/05/2008,257.5,48.720001,197.119995,48
06/05/2008,258.700012,49.049999,197.610001,48.200001
07/05/2008,244.800003,47.209999,189.759995,46.57
08/05/2008,243,46.48,187.720001,46.049999
09/05/2008,236.300003,45.959999,188.089996,46.57
12/05/2008,236.399994,47.650002,192.080002,47.240002
13/05/2008,230.300003,46.610001,190.330002,45.48
14/05/2008,232.5,46.959999,190.130005,45.91
15/05/2008,237.300003,47.709999,188.619995,47.02
16/05/2008,231.199997,47.209999,187.139999,46.529999
19/05/2008,229.899994,46.200001,184.399994,45.990002
20/05/2008,221.100006,44.799999,182.429993,43.700001
21/05/2008,210.600006,42.889999,178.600006,42.419998
22/05/2008,217.199997,42.950001,177.199997,43.049999
23/05/2008,211.199997,41.830002,172.639999,42.32
27/05/2008,216.600006,42.240002,173.919998,43.009998
28/05/2008,216,42.77,174.830002,42.860001
29/05/2008,220.399994,43.779999,176.240005,43.57
30/05/2008,218.899994,44.23,176.410004,43
02/06/2008,214.600006,43.099998,172.339996,42.150002
03/06/2008,214.199997,42.650002,170.580002,41.889999
04/06/2008,210.800003,43.360001,172.100006,41.630001
05/06/2008,212.199997,44.59,176.600006,42.099998
06/06/2008,200.600006,40.810001,169.440002,40.09
09/06/2008,196,39.389999,165.759995,37.509998
10/06/2008,202.600006,39.23,167.210007,38.290001
11/06/2008,192.100006,37.130001,162.399994,37.130001
12/06/2008,198.899994,38.380001,166.75,38.009998
13/06/2008,204.800003,41.040001,178.289993,39.580002
16/06/2008,208.300003,42.290001,182.089996,39.939999
17/06/2008,204.600006,40.59,179.440002,39.040001
18/06/2008,204,40.689999,182.770004,38.740002
19/06/2008,201.699997,40.189999,186.929993,38.650002
20/06/2008,193,38.68,183.770004,37.860001
23/06/2008,185.5,37.459999,178.589996,36.869999
24/06/2008,188.5,38.43,181.979996,37.720001
25/06/2008,188.5,38.18,183.649994,37.91
26/06/2008,176.699997,36.830002,176.259995,36.32
27/06/2008,172.5,36.709999,174.559998,35.049999
30/06/2008,167.600006,36.07,174.899994,34.310001
01/07/2008,171.300003,36.599998,175.330002,34.02
02/07/2008,168.399994,35.869999,178.789993,34.599998
03/07/2008,168.199997,35.91,178.889999,35.310001
07/07/2008,164,35.07,169.820007,34.040001
08/07/2008,173.899994,36.490002,174.899994,35.77
09/07/2008,164.399994,33.990002,169.020004,34.279999
10/07/2008,162.800003,33.509998,170.160004,34.509998
11/07/2008,161.899994,33.439999,162.479996,33.16
14/07/2008,152.199997,31.75,158.669998,31.690001
15/07/2008,145.600006,31,157.800003,31.02
16/07/2008,164.699997,35.049999,172.860001,35.939999
17/07/2008,179.699997,38.32,181.240005,40.799999
18/07/2008,193.5,38.57,182.839996,40.02
21/07/2008,196.899994,36.459999,180.779999,38.650002
22/07/2008,208.899994,38.669998,188.039993,40.860001
23/07/2008,211.199997,39.110001,187.869995,41.959999
24/07/2008,190.600006,37.240002,180.259995,39.139999
25/07/2008,188.5,36.75,178.660004,39.52
28/07/2008,174.300003,34.959999,172.899994,37.66
29/07/2008,184.5,36.5,181.630005,40.75
30/07/2008,188.100006,38.599998,186.169998,41.57
31/07/2008,186.899994,39.48,184.039993,40.630001
01/08/2008,188.699997,41.110001,182,40.759998
04/08/2008,188.300003,41.48,177.860001,40.139999
05/08/2008,199.199997,43.200001,180.770004,41.889999
06/08/2008,197,43.18,179.550003,41.389999
07/08/2008,184.699997,42.66,172.330002,39.810001
08/08/2008,193.899994,45.040001,175.949997,41.07
11/08/2008,198.199997,45.389999,178,41.889999
12/08/2008,185.399994,42.5,167.300003,37.919998
13/08/2008,178.100006,40.150002,164.899994,36.91
14/08/2008,180.800003,40.639999,166.589996,37.810001
15/08/2008,185.5,40.880001,163.179993,38.07
18/08/2008,176.199997,39.59,160.039993,36.740002
19/08/2008,171.899994,38.080002,158,35.580002
20/08/2008,174.899994,37.400002,158.25,37
21/08/2008,174.699997,37.060001,156.419998,36.259998
22/08/2008,181.399994,38.889999,159.809998,37.669998
25/08/2008,176.100006,38.220001,155.710007,36.130001
26/08/2008,178.399994,38.580002,155.910004,36.610001
27/08/2008,181.199997,39.049999,155.479996,37.139999
28/08/2008,190.800003,40.599998,161.830002,38.880001
29/08/2008,189.899994,40.830002,163.970001,38.490002
02/09/2008,191.100006,41.299999,165.320007,38.990002
03/09/2008,196.100006,42.169998,167.610001,39.709999
04/09/2008,183,40.34,160.899994,37.91
05/09/2008,190.699997,41.360001,163.240005,39.599998
08/09/2008,203.199997,43.27,169.729996,41.549999
09/09/2008,188.800003,40.400002,161.669998,39.470001
10/09/2008,186.800003,38.919998,157.589996,39.400002
11/09/2008,186.100006,38.709999,157.029999,41.650002
12/09/2008,179.600006,37.23,154.210007,41.169998
15/09/2008,152.399994,32.189999,135.5,37
16/09/2008,157.5,28.700001,133.009995,40.740002
17/09/2008,140.300003,21.75,114.5,35.77
18/09/2008,166.5,22.549999,108,40.299999
19/09/2008,206.5,27.209999,129.800003,47.049999
22/09/2008,200.100006,27.09,120.779999,40.799999
23/09/2008,199.899994,28,125.050003,40.560001
24/09/2008,189.600006,24.790001,133,40.5
25/09/2008,194.100006,27.1,135.5,43.459999
26/09/2008,201.5,24.75,137.990005,48.240002
29/09/2008,177.5,20.99,120.699997,41
30/09/2008,205.100006,23,128,46.700001
01/10/2008,230,24.42,134.5,49.630001
02/10/2008,225,23.209999,131.539993,49.849998
03/10/2008,183.5,23.92,128,45.900002
06/10/2008,174.100006,23.5,124,44
07/10/2008,151.5,17.65,115,39.32
08/10/2008,144,16.799999,113,39.299999
09/10/2008,129.300003,12.45,101.349998,36.68
10/10/2008,141.100006,9.68,88.800003,41.639999
13/10/2008,157.5,18.1,111,41.990002
14/10/2008,186.199997,21.940001,122.900002,40.709999
15/10/2008,162.300003,18.129999,113.150002,38.490002
16/10/2008,159,18.690001,112.400002,40.490002
17/10/2008,148.800003,19.24,114.300003,39.330002
20/10/2008,150.899994,19.77,121.5,40.66
21/10/2008,141.800003,20.200001,121.349998,39.740002
22/10/2008,133.199997,19.33,115.059998,37.169998
23/10/2008,131.100006,18.08,108.580002,37.849998
24/10/2008,121.400002,16.52,100.400002,35.43
27/10/2008,117.300003,13.73,92.879997,34
28/10/2008,134.100006,15.2,93.57,37.599998
29/10/2008,129.100006,14.76,97.660004,35.709999
30/10/2008,131.100006,16.09,91.110001,37.619999
31/10/2008,136.5,17.469999,92.5,41.25
03/11/2008,139.899994,18,89.089996,40.73
04/11/2008,146.800003,18.9,95,42.169998
05/11/2008,126.300003,17.059999,87.43,39.220001
06/11/2008,115.199997,15.39,80.720001,38.259998
07/11/2008,118.199997,15.98,77.779999,37.75
10/11/2008,112.099998,14.58,71.209999,36.41
11/11/2008,108,14.08,74.68,36.349998
12/11/2008,96.400002,11.94,66.790001,34.57
13/11/2008,94.5,13.21,69.989998,37.189999
14/11/2008,95.199997,12.03,66.730003,34.470001
17/11/2008,88.900002,11.22,62.490002,32.77
18/11/2008,83.599998,12.03,62.029999,32.139999
19/11/2008,64,10.25,55.18,28.469999
20/11/2008,47.099998,9.2,52,23.379999
21/11/2008,37.700001,10.05,53.310001,22.719999
24/11/2008,59.5,13.38,67.419998,27.58
25/11/2008,60.799999,14.27,71.779999,29.77
26/11/2008,70.5,14.5,76.5,30.620001
28/11/2008,82.900002,14.75,78.989998,31.66
01/12/2008,64.5,11.35,65.760002,26.120001
02/12/2008,72.199997,12.04,65,28.530001
03/12/2008,78.199997,13.85,68.949997,30.25
04/12/2008,74,14.94,67.529999,31.08
05/12/2008,77.099998,15.72,70.720001,33.349998
08/12/2008,84.699997,16.299999,77.150002,36.490002
09/12/2008,85.400002,14.97,72.769997,33.959999
10/12/2008,83,14.6,71.529999,33.52
11/12/2008,75.699997,13.74,69.709999,29.940001
12/12/2008,77,13.85,67.739998,30.940001
15/12/2008,74,13.64,66.459999,28.629999
16/12/2008,82.300003,16.129999,76,32.349998
17/12/2008,78.300003,16.5,78.779999,31.860001
18/12/2008,74.300003,16.23,80.050003,30.209999
19/12/2008,70.199997,15.45,80.730003,30.32
22/12/2008,67.5,14.58,77,29.82
23/12/2008,65.199997,14.44,75.199997,29.110001
24/12/2008,67.800003,14.5,76.440002,29.85
26/12/2008,67.300003,14.65,75.970001,29.799999
29/12/2008,65.699997,14.9,76.559998,29.780001
30/12/2008,68,15.19,82.059998,31.01
31/12/2008,67.099998,16.040001,84.389999,31.530001
02/01/2009,71.400002,16.99,86.760002,31.35
05/01/2009,70.800003,17.620001,88.779999,29.25
06/01/2009,74.599998,19.58,88.709999,29.879999
07/01/2009,71.5,18.1,84.5,28.09
08/01/2009,71.599998,18.82,85.410004,27.219999
09/01/2009,67.5,19.059999,83.919998,25.969999
12/01/2009,56,18.790001,77.669998,24.91
13/01/2009,59,18.860001,77.919998,26.35
14/01/2009,45.299999,17.190001,75.690002,25.91
15/01/2009,38.299999,16.26,73.830002,24.34
16/01/2009,35,15.59,73.050003,22.82
20/01/2009,28,13.1,59.200001,18.09
21/01/2009,36.700001,16.860001,69.900002,22.629999
22/01/2009,31.1,17.58,71.029999,23.1
23/01/2009,34.700001,18.709999,74.910004,24.280001
26/01/2009,33.299999,19.08,74.199997,24.5
27/01/2009,35.5,19.790001,78.260002,25.059999
28/01/2009,42.099998,23,87.699997,27.66
29/01/2009,39,21.379999,82.720001,25.43
30/01/2009,35.5,20.23,80.730003,25.51
02/02/2009,36.5,20.799999,83.57,25.200001
03/02/2009,34.599998,20.940001,82.809998,24.049999
04/02/2009,34.900002,22.01,87.970001,24.040001
05/02/2009,35.299999,23.190001,92.849998,24.540001
06/02/2009,39.099998,22.870001,96.57,27.629999
09/02/2009,39.5,23.610001,97.889999,27.280001
10/02/2009,33.5,20.790001,90.400002,24.620001
11/02/2009,36.900002,22.91,94.709999,26.09
12/02/2009,36.099998,22.99,95.580002,26.190001
13/02/2009,34.900002,22.93,96.449997,24.690001
17/02/2009,30.6,19.76,85.709999,21.65
18/02/2009,29.1,20.18,84.5,21.51
19/02/2009,25.1,19.93,86.010002,20.6
20/02/2009,19.5,19.43,84.589996,19.9
23/02/2009,21.4,18.82,80.07,19.51
24/02/2009,26,22.07,92.980003,21.02
25/02/2009,25.200001,21.76,89.919998,21.73
26/02/2009,24.6,21.33,92.150002,23.049999
27/02/2009,15,19.540001,91.080002,22.85
02/03/2009,12,17.950001,86.269997,21.16
03/03/2009,12.2,18.18,82.370003,21.01
04/03/2009,11.3,19.4,85.470001,19.299999
05/03/2009,10.2,17.98,81.720001,16.6
06/03/2009,10.3,17.18,75.650002,15.93
09/03/2009,10.5,16.48,73.949997,15.9
10/03/2009,14.5,20.84,85.279999,19.5
11/03/2009,15.4,22.51,92.389999,20.4
12/03/2009,16.700001,24.18,97.25,23.200001
13/03/2009,17.799999,25.43,98.800003,23.75
16/03/2009,23.299999,23.040001,93.900002,23.09
17/03/2009,25.1,23.809999,98.989998,25.139999
18/03/2009,30.799999,24.190001,105.25,27.110001
19/03/2009,26,21.040001,99.300003,24.950001
20/03/2009,26.200001,20.24,97.32,23.15
23/03/2009,31.299999,24.43,111.93,28.860001
24/03/2009,30.1,25.120001,110.599998,26.4
25/03/2009,29.5,25.91,112.949997,28.559999
26/03/2009,28.1,25.65,111.989998,29.1
27/03/2009,26.200001,24.35,108.080002,27.4
30/03/2009,23.1,22.129999,100.459999,24.85
31/03/2009,25.299999,22.77,106.019997,26.58
01/04/2009,26.799999,23.73,110.290001,28.139999
02/04/2009,27.4,23.110001,114.220001,28.16
03/04/2009,28.5,24.059999,119.400002,29.280001
06/04/2009,27.200001,23.309999,116.650002,28.200001
07/04/2009,27.6,23.32,116.080002,27.25
08/04/2009,27,22.690001,114.75,27.43
09/04/2009,30.4,25.35,124.330002,32.75
13/04/2009,38,26.889999,130.149994,33.700001
14/04/2009,40.099998,23.67,115.110001,30.700001
15/04/2009,39.700001,23.450001,121.190002,32.560001
16/04/2009,40.099998,23.969999,121.190002,33.240002
17/04/2009,36.5,25,120.599998,33.259998
20/04/2009,29.4,23.52,115.010002,29.690001
21/04/2009,32.400002,24.65,120.360001,32.529999
22/04/2009,32.5,22.440001,120.489998,31.9
23/04/2009,32,21.959999,122.809998,33.209999
24/04/2009,31.9,21.959999,121.300003,33.380001
27/04/2009,30.700001,21.26,120.900002,32.779999
28/04/2009,28.9,21.08,120.669998,32.790001
29/04/2009,31.200001,23.07,127.18,34.48
30/04/2009,30.5,23.639999,128.5,33
01/05/2009,29.700001,25.82,127.080002,32.490002
04/05/2009,32,27.02,134.160004,35.790001
05/05/2009,33.099998,27.209999,135.199997,34.82
06/05/2009,38.599998,28.51,139.220001,37.220001
07/05/2009,38.099998,27.139999,133.729996,35.240002
08/05/2009,40.200001,28.200001,139.589996,38.939999
11/05/2009,38.599998,26.07,135.779999,35.830002
12/05/2009,36.599998,26.42,135.410004,35.360001
13/05/2009,34.099998,25.1,129.259995,34.049999
14/05/2009,35.5,26.57,133.600006,35.540001
15/05/2009,34.799999,26.129999,134.399994,34.91
18/05/2009,36.400002,28.280001,143.149994,37.259998
19/05/2009,37.700001,28.91,141.149994,35.810001
20/05/2009,36.900002,28,136.440002,34.549999
21/05/2009,37.200001,28.09,137.160004,34.900002
22/05/2009,36.700001,28.23,136.350006,34.41
26/05/2009,37.700001,29.02,142.050003,36.540001
27/05/2009,37,28.610001,140.009995,34.66
28/05/2009,36.700001,29.43,144.649994,36.650002
29/05/2009,37.200001,30.32,144.570007,36.900002
01/06/2009,36.900002,29.889999,144.330002,36.110001
02/06/2009,35.099998,30.09,143.130005,34.5
03/06/2009,33.900002,29.719999,142.149994,33.98
04/06/2009,35.700001,31.200001,149.470001,35.349998
05/06/2009,34.599998,30.969999,149.009995,34.549999
08/06/2009,34.200001,31.389999,148.350006,35.389999
09/06/2009,34.099998,30.98,149.309998,35.259998
10/06/2009,34.799999,29.26,146.679993,34.84
11/06/2009,34.799999,29.49,145.149994,34.939999
12/06/2009,34.700001,29.700001,145.639999,35.130001
15/06/2009,33.700001,28.4,143.009995,34
16/06/2009,32.5,28.1,144.160004,33.5
17/06/2009,30.799999,27.48,139.729996,32.73
18/06/2009,31.299999,28.030001,143.089996,34.169998
19/06/2009,31.700001,28.27,143.130005,35
22/06/2009,30,26.629999,137.009995,32.869999
23/06/2009,30.1,27.700001,141.190002,33.57
24/06/2009,30.4,27.65,142.649994,33.459999
25/06/2009,30.299999,27.870001,144.429993,34.139999
26/06/2009,30.299999,28.620001,146.740005,34.450001
29/06/2009,30.200001,29.1,149.360001,34.599998
30/06/2009,29.700001,28.51,147.440002,34.110001
01/07/2009,29.700001,28.360001,147.320007,33.77
02/07/2009,28.799999,26.99,143.490005,32.27
06/07/2009,27.9,26.85,146.460007,32.599998
07/07/2009,26.9,26.15,142.539993,32.810001
08/07/2009,26.200001,25.5,138.550003,32.709999
09/07/2009,26.9,25.879999,143.210007,33.619999
10/07/2009,25.9,25.940001,141.869995,32.34
13/07/2009,27.799999,27.91,149.440002,34.709999
14/07/2009,29.200001,27.879999,149.660004,34.700001
15/07/2009,31.700001,28.799999,155.259995,36.259998
16/07/2009,30.299999,28.559999,156.839996,36.130001
17/07/2009,30.200001,27.99,156.839996,36.889999
20/07/2009,27.9,28.34,160.029999,36.98
21/07/2009,26.5,27.559999,159.800003,36.939999
22/07/2009,28,27.540001,160.460007,36.830002
23/07/2009,27.700001,28.540001,165.449997,38.150002
24/07/2009,27.299999,28.25,164.720001,37.919998
27/07/2009,26.9,28.049999,163.869995,38.130001
28/07/2009,29.700001,27.43,160.539993,38.080002
29/07/2009,32.200001,27.16,159.440002,37.77
30/07/2009,31.4,28.360001,162.419998,38.470001
31/07/2009,31.700001,28.5,163.300003,38.650002
03/08/2009,31.799999,29.309999,164.100006,39.599998
04/08/2009,32.5,30.07,165.169998,40.209999
05/08/2009,35.799999,31.049999,168.639999,41.779999
06/08/2009,38,30.549999,166.75,40.75
07/08/2009,38.5,31.219999,163.649994,42.360001
10/08/2009,39.400002,30.83,160.360001,42.689999
11/08/2009,36.900002,29.889999,159.220001,41.240002
12/08/2009,39.799999,29.98,163.759995,42.209999
13/08/2009,40.599998,29.879999,164.479996,42.900002
14/08/2009,40.400002,29.790001,162.729996,42.450001
17/08/2009,40,28.540001,157.25,40.73
18/08/2009,41.400002,28.780001,160.479996,41.700001
19/08/2009,41.299999,28.83,159.929993,41.41
20/08/2009,44.799999,29.360001,162.330002,42.419998
21/08/2009,47,29.690001,163.509995,43.66
24/08/2009,48.200001,29.65,162.580002,43.009998
25/08/2009,47.5,30.190001,164.940002,43.580002
26/08/2009,46.299999,29.530001,165.949997,43.299999
27/08/2009,50.5,29.84,165.020004,43.450001
28/08/2009,52.299999,29.51,164.419998,42.919998
31/08/2009,50,28.959999,165.460007,43.459999
01/09/2009,45.400002,27.450001,160.169998,41.669998
02/09/2009,45.599998,27.09,158.539993,40.860001
03/09/2009,47.700001,27.65,161.660004,42.110001
04/09/2009,48.5,27.65,162.970001,42.34
08/09/2009,46.799999,27.799999,167.220001,42.540001
09/09/2009,46.599998,28.549999,170.270004,42.860001
10/09/2009,47.5,28.639999,174.869995,43.02
11/09/2009,46.099998,28.82,174.699997,42.5
14/09/2009,45.200001,28.75,177.710007,43.75
15/09/2009,41.200001,28.74,176.660004,43.189999
16/09/2009,42,30.15,179.869995,44.650002
17/09/2009,44.200001,31.049999,181.460007,44.959999
18/09/2009,42.599998,31.379999,183.179993,44.950001
21/09/2009,44.299999,31.610001,182.389999,44.549999
22/09/2009,46.5,32.98,185.520004,46.470001
23/09/2009,45.200001,32.029999,183.639999,45.060001
24/09/2009,44.299999,30.73,183.059998,44.369999
25/09/2009,43.799999,30.549999,179.5,43.650002
28/09/2009,45.700001,31.25,182.5,44.810001
29/09/2009,47,31.09,183.580002,44.880001
30/09/2009,48.400002,30.879999,184.350006,43.82
01/10/2009,45.299999,29.870001,178.990005,41.369999
02/10/2009,45.200001,29.459999,179.610001,41.860001
05/10/2009,46.700001,29.84,186.470001,43.799999
06/10/2009,46.700001,30.790001,186.979996,44.91
07/10/2009,46.400002,31.16,190.479996,45.700001
08/10/2009,46.5,31.940001,188.169998,45.299999
09/10/2009,46.299999,32.09,189.300003,45.849998
12/10/2009,47.700001,31.76,190.149994,46.080002
13/10/2009,48.299999,31.139999,187.229996,45.66
14/10/2009,50,32.830002,192.279999,47.16
15/10/2009,47.5,32.709999,188.630005,47.16
16/10/2009,45.900002,32.990002,184.369995,46.060001
19/10/2009,45.400002,33.110001,185.5,45.98
20/10/2009,44.299999,32.52,184.960007,46.029999
21/10/2009,44.200001,34.080002,179.259995,44.650002
22/10/2009,44.599998,35.740002,183.690002,45.709999
23/10/2009,44.599998,35,180.360001,45.23
26/10/2009,42.700001,34.799999,179.369995,43.82
27/10/2009,42.700001,34.110001,178.610001,43.900002
28/10/2009,40.799999,32.310001,172.160004,42.68
29/10/2009,43.099998,33.669998,178.580002,44.349998
30/10/2009,40.900002,32.119999,170.169998,41.77
02/11/2009,39.900002,31.98,170.679993,42.580002
03/11/2009,40.400002,32.139999,171.610001,42.700001
04/11/2009,39.700001,31.48,169.5,42.209999
05/11/2009,40.599998,32.419998,173.399994,43.869999
06/11/2009,40.599998,32.599998,171.779999,43.48
09/11/2009,41.900002,33.950001,176.570007,44.349998
10/11/2009,41.799999,33.700001,176.509995,44.169998
11/11/2009,41.599998,33.75,179.850006,44.32
12/11/2009,40.599998,33.009998,178.479996,43.299999
13/11/2009,40.5,33.09,176.759995,42.900002
16/11/2009,41.799999,34.23,177.25,43.040001
17/11/2009,42.400002,33.470001,176.600006,43.16
18/11/2009,42.900002,33.330002,176.899994,43.380001
19/11/2009,42.599998,32.310001,172.830002,42.549999
20/11/2009,42,32.099998,170.009995,42.459999
23/11/2009,42.799999,32.619999,172,43.279999
24/11/2009,42.099998,32.119999,171.130005,42.48
25/11/2009,41.700001,31.42,168.919998,42.16
27/11/2009,40.599998,30.51,164.160004,41.330002
30/11/2009,41.099998,31.58,169.660004,42.490002
01/12/2009,41,31.52,167.630005,42.220001
02/12/2009,41,30.6,166.660004,41.93
03/12/2009,40.5,30.200001,164.300003,41.400002
04/12/2009,40.599998,30.969999,167.240005,41.740002
07/12/2009,40.299999,30.379999,163.850006,41.25
08/12/2009,39.099998,30.15,161.839996,41.209999
09/12/2009,38.599998,30.35,166.440002,41.189999
10/12/2009,38.700001,30.23,166.729996,41.27
11/12/2009,39.5,29.780001,166,40.959999
14/12/2009,37,30.17,166.100006,41.77
15/12/2009,35.599998,29.85,162.740005,40.860001
16/12/2009,34.5,30.34,164.990005,41.360001
17/12/2009,32,29.120001,160.929993,40.27
18/12/2009,34,29.209999,163.190002,40.950001
21/12/2009,34.200001,29.66,165.449997,41.900002
22/12/2009,33.400002,29.6,164.600006,41.939999
23/12/2009,32.900002,29.41,163.630005,41.560001
24/12/2009,33.5,29.6,163.970001,41.889999
28/12/2009,33.900002,29.290001,163.759995,41.720001
29/12/2009,33.700001,29.43,164.119995,41.490002
30/12/2009,33.200001,29.49,166.699997,41.529999
31/12/2009,33.099998,29.6,168.839996,41.669998
04/01/2010,34,30.91,173.080002,42.849998
05/01/2010,35.299999,32.040001,176.139999,43.68
06/01/2010,36.400002,32.450001,174.259995,43.919998
07/01/2010,36.5,32.919998,177.669998,44.790001
08/01/2010,35.900002,32.25,174.309998,44.68
11/01/2010,36.299999,32.040001,171.559998,44.529999
12/01/2010,35.200001,31.129999,167.820007,43.490002
13/01/2010,35,31.26,169.070007,44.25
14/01/2010,35.099998,31.200001,168.529999,44.689999
15/01/2010,34.200001,30.379999,165.210007,43.68
19/01/2010,35.400002,31.16,166.860001,43.279999
20/01/2010,34.599998,30.629999,167.789993,43.400002
21/01/2010,32.700001,29.34,160.869995,40.540001
22/01/2010,32.5,27.799999,154.119995,39.16
25/01/2010,32.299999,27.74,154.979996,39.209999
26/01/2010,31.5,27.33,150.880005,38.439999
27/01/2010,32,27.950001,151.5,39.330002
28/01/2010,32.400002,27.49,153.289993,39.48
29/01/2010,33.200001,26.780001,148.720001,38.939999
01/02/2010,33.400002,27.559999,153.130005,39.630001
02/02/2010,34.099998,28.059999,156.940002,40.549999
03/02/2010,33.700001,27.889999,157.229996,40.290001
04/02/2010,31.799999,26.629999,150.679993,38.349998
05/02/2010,32.200001,27.26,154.160004,38.299999
08/02/2010,31.5,26.6,151.100006,37.700001
09/02/2010,31.799999,27.129999,152.490005,38.389999
10/02/2010,32,27.51,153.630005,38.869999
11/02/2010,32.099998,27.120001,154.050003,39.02
12/02/2010,31.799999,27.16,153.929993,38.950001
16/02/2010,33.099998,27.82,157.399994,40.07
17/02/2010,34.099998,27.389999,157.259995,40.040001
18/02/2010,34.299999,27.26,155.729996,40.41
19/02/2010,34.200001,27.41,156.179993,40.029999
22/02/2010,34.599998,27.709999,156.710007,40.849998
23/02/2010,33.5,27.15,156.699997,39.880001
24/02/2010,34.5,27.83,158.330002,40.849998
25/02/2010,33.900002,27.74,156.440002,40.639999
26/02/2010,34,28.18,156.350006,41.970001
01/03/2010,33.900002,28.190001,156.539993,41.830002
02/03/2010,34,28.700001,158.75,41.619999
03/03/2010,34,28.32,157.720001,41.529999
04/03/2010,34.299999,29.200001,163.610001,41.919998
05/03/2010,35,29.41,167.179993,42.810001
08/03/2010,35.599998,29.58,169.839996,42.59
09/03/2010,38.200001,29.049999,168.850006,42.419998
10/03/2010,39.599998,29.969999,171.940002,42.93
11/03/2010,41.799999,30.02,173.509995,43.18
12/03/2010,39.700001,29.91,174.960007,43.150002
15/03/2010,38.900002,29.639999,173.529999,43.07
16/03/2010,40.5,30.309999,176.190002,43.240002
17/03/2010,40.5,30.280001,176.639999,43.790001
18/03/2010,40.200001,30.08,177.449997,43.639999
19/03/2010,39,29.629999,177.899994,43.450001
22/03/2010,40.400002,29.6,176.160004,43.740002
23/03/2010,41.299999,29.530001,174.830002,44.580002
24/03/2010,41.5,29.370001,174.410004,44.939999
25/03/2010,42.700001,28.91,174.899994,44.939999
26/03/2010,43.099998,28.85,172.869995,45.02
29/03/2010,41.799999,29.43,174.050003,44.860001
30/03/2010,40.900002,29.209999,171.380005,44.580002
31/03/2010,40.5,29.290001,170.630005,44.75
01/04/2010,41.799999,29.200001,170.220001,45.18
05/04/2010,42.599998,29.290001,173.160004,45.34
06/04/2010,42.900002,29.360001,172.899994,45.84
07/04/2010,43.599998,30.02,176.360001,45.32
08/04/2010,44.700001,30.879999,179.5,45.759998
09/04/2010,45.5,30.98,179.119995,45.98
12/04/2010,46.400002,30.93,177.839996,46.139999
13/04/2010,46.200001,30.48,179.25,45.869999
14/04/2010,49.299999,31.139999,184.919998,47.73
15/04/2010,48.099998,30.879999,184.270004,47.810001
16/04/2010,45.599998,29.16,160.699997,45.549999
19/04/2010,48.799999,29.559999,163.320007,45.389999
20/04/2010,49.700001,30.450001,159.979996,45.880001
21/04/2010,49.299999,31.68,158.929993,45.349998
22/04/2010,48.700001,31.9,159.050003,44.740002
23/04/2010,48.599998,31.940001,157.399994,44.939999
26/04/2010,46.099998,30.940001,152.029999,43.889999
27/04/2010,43.400002,29.93,153.039993,42.41
28/04/2010,44.5,30.33,157.009995,43.459999
29/04/2010,45.599998,31.309999,160.240005,44
30/04/2010,43.700001,30.219999,145.199997,42.580002
03/05/2010,44.099998,30.43,149.5,43.529999
04/05/2010,42.599998,29.49,149.449997,42.470001
05/05/2010,41.799999,29.290001,148.190002,42.630001
06/05/2010,40.400002,27.639999,142.320007,40.810001
07/05/2010,40,27.75,142.990005,40.759998
10/05/2010,42.200001,28.860001,143.830002,41.950001
11/05/2010,41.700001,28.379999,141.970001,41.549999
12/05/2010,41.799999,27.799999,147.199997,41.689999
13/05/2010,40.900002,27.620001,144.649994,40.810001
14/05/2010,39.799999,27.08,143.229996,39.889999
17/05/2010,38.599998,27.110001,142.639999,39.84
18/05/2010,37.299999,26.73,137.360001,39.02
19/05/2010,38.099998,27.040001,140.100006,39.380001
20/05/2010,36.299999,25.639999,136.100006,37.830002
21/05/2010,37.5,27.110001,140.619995,40.049999
24/05/2010,37.799999,25.75,136.690002,38.619999
25/05/2010,37.799999,26.110001,142.559998,38.939999
26/05/2010,38.599998,26.530001,140.300003,38.779999
27/05/2010,40.200001,27.66,144.949997,40.419998
28/05/2010,39.599998,27.110001,144.259995,39.580002
01/06/2010,38.5,26.129999,141.860001,38.540001
02/06/2010,39.200001,27.18,144.830002,39.549999
03/06/2010,39.599998,26.85,144.039993,39.099998
04/06/2010,37.900002,25.99,142.25,37.619999
07/06/2010,36.400002,25.290001,138.679993,36.720001
08/06/2010,37.200001,25.59,137.779999,37.779999
09/06/2010,38.700001,25.129999,136.800003,37.119999
10/06/2010,39,25.59,133.770004,38.290001
11/06/2010,38.799999,26,135.639999,38.09
14/06/2010,38.799999,25.33,133.440002,37.330002
15/06/2010,39.900002,25.950001,136.899994,38.25
16/06/2010,39.900002,25.77,137.059998,38.52
17/06/2010,39.599998,25.32,137.320007,38.439999
18/06/2010,40.099998,25.700001,138.179993,39.18
21/06/2010,40.200001,25.610001,137.740005,38.869999
22/06/2010,39.400002,25.18,134.789993,38.330002
23/06/2010,38.900002,25.030001,135.070007,38.889999
24/06/2010,37.799999,24.26,134.979996,38.029999
25/06/2010,39.400002,25.01,139.660004,39.439999
28/06/2010,40,24.52,136.660004,38.540001
29/06/2010,37.299999,23.450001,133.759995,37.060001
30/06/2010,37.599998,23.209999,131.270004,36.610001
01/07/2010,37.799999,23.09,131.139999,36.080002
02/07/2010,37.900002,22.83,131.080002,35.830002
06/07/2010,37.900002,22.969999,132.259995,36.330002
07/07/2010,39,23.950001,135.830002,38.150002
08/07/2010,39.700001,24.200001,135.460007,38.16
09/07/2010,40.400002,24.700001,138.059998,38.849998
12/07/2010,41.099998,24.559999,137.25,39.189999
13/07/2010,43,25.66,140.25,40.48
14/07/2010,42.099998,25.540001,139.059998,40.349998
15/07/2010,41.599998,25.59,145.220001,40.459999
16/07/2010,39,24.74,146.169998,39
19/07/2010,39.799999,24.780001,145.679993,39.040001
20/07/2010,39.900002,25.219999,148.910004,39.630001
21/07/2010,39.400002,26.799999,146.990005,38.419998
22/07/2010,40.900002,26.790001,146.550003,39.349998
23/07/2010,40.200001,26.889999,147.380005,39.830002
26/07/2010,41.5,27,148.199997,40.330002
27/07/2010,41.599998,27,147.229996,40.689999
28/07/2010,40.900002,27.01,147.199997,40.32
29/07/2010,41.200001,26.99,152.580002,40.209999
30/07/2010,41,26.99,150.820007,40.279999
02/08/2010,41.900002,27.68,152.740005,41.639999
03/08/2010,41.299999,27.49,153.190002,41.080002
04/08/2010,41.400002,27.870001,156.410004,41.290001
05/08/2010,41,27.84,155.919998,41.27
06/08/2010,40.599998,27.65,155.179993,40.439999
09/08/2010,40.799999,27.450001,155.399994,39.82
10/08/2010,40,27.33,153.899994,39.169998
11/08/2010,38.5,26.43,149.25,37.77
12/08/2010,38.700001,26.120001,149.419998,37.810001
13/08/2010,38.799999,25.9,148.080002,37.5
16/08/2010,38.700001,25.700001,147.759995,37.689999
17/08/2010,38.5,26.200001,148.589996,37.48
18/08/2010,38.599998,26.26,149.199997,37.889999
19/08/2010,37.900002,25.99,147.050003,37.07
20/08/2010,37.5,25.92,148.240005,37.139999
23/08/2010,37.5,25.719999,146.740005,36.880001
24/08/2010,37.099998,25.129999,143.949997,36.209999
25/08/2010,36.799999,25.1,144.679993,36.23
26/08/2010,36.599998,24.629999,141.809998,35.630001
27/08/2010,37.599998,25.030001,139.75,36.599998
30/08/2010,36.700001,24.43,136.660004,35.849998
31/08/2010,37.099998,24.690001,136.929993,36.360001
01/09/2010,38.5,25.41,139.740005,37.740002
02/09/2010,38.799999,25.68,139.779999,38.16
03/09/2010,39.099998,26.66,147.289993,39.169998
07/09/2010,38.299999,25.67,145.210007,38.279999
08/09/2010,38.400002,25.969999,147.539993,39.119999
09/09/2010,39.099998,27.01,149.139999,40.099998
10/09/2010,39.099998,27.190001,150.389999,39.759998
13/09/2010,39.900002,27.77,154.369995,41.119999
14/09/2010,39.400002,27.52,152.529999,40.720001
15/09/2010,39.200001,27.24,152.559998,40.98
16/09/2010,39.700001,26.780001,152.229996,40.990002
17/09/2010,39.5,26.469999,150.979996,40.060001
20/09/2010,39.900002,26.84,151.899994,41.189999
21/09/2010,39.400002,26.059999,151.399994,40.59
22/09/2010,38.799999,24.950001,148.070007,39.939999
23/09/2010,38,24.74,144.910004,39.099998
24/09/2010,39,25.15,147.279999,39.75
27/09/2010,38.700001,24.870001,146,39.080002
28/09/2010,38.799999,24.5,145.009995,38.950001
29/09/2010,39.200001,24.48,144.419998,38.41
30/09/2010,39.099998,24.68,144.580002,38.060001
01/10/2010,40.900002,25.02,147.699997,38.810001
04/10/2010,40.299999,24.709999,146.570007,38.950001
05/10/2010,41.299999,25.469999,149.570007,39.639999
06/10/2010,41,25.379999,150.839996,39.900002
07/10/2010,41.799999,25.07,151.110001,39.52
08/10/2010,41.900002,25.32,152.660004,39.310001
11/10/2010,41.799999,25.15,152.199997,39.73
12/10/2010,42.400002,25.93,155.210007,40.400002
13/10/2010,42.5,25.940001,154.729996,39.84
14/10/2010,40.599998,25.440001,151.589996,38.720001
15/10/2010,39.5,25.02,150.690002,37.150002
18/10/2010,41.700001,25.4,153.699997,38.200001
19/10/2010,40.599998,25.389999,156.720001,37.689999
20/10/2010,41.099998,25.379999,159.600006,38.099998
21/10/2010,40.700001,24.6,159.300003,37.700001
22/10/2010,41.099998,24.52,157.759995,37.700001
25/10/2010,42.099998,24.379999,157.389999,37.07
26/10/2010,41.799999,24.190001,158.289993,37.200001
27/10/2010,41.700001,24.4,160.149994,37.540001
28/10/2010,41.700001,24.860001,163.240005,37.509998
29/10/2010,41.700001,24.870001,161.130005,37.630001
01/11/2010,41.5,24.68,161.570007,37.419998
02/11/2010,41.700001,24.610001,162.820007,36.959999
03/11/2010,41.900002,25.4,162.630005,37.720001
04/11/2010,43.299999,26.370001,166.389999,39.799999
05/11/2010,44.900002,27.280001,171.070007,40.939999
08/11/2010,44.400002,27.209999,169.199997,40.509998
09/11/2010,43,26.32,166.550003,39.900002
10/11/2010,44.200001,26.549999,167.220001,40.619999
11/11/2010,43.599998,26.309999,167.710007,40.02
12/11/2010,42.900002,25.57,165.830002,39.610001
15/11/2010,43.200001,26,167.220001,40.080002
16/11/2010,42.200001,25.629999,165.100006,39.610001
17/11/2010,41.900002,25.09,164.889999,39.18
18/11/2010,43,25.57,167.350006,39.66
19/11/2010,42.700001,25.620001,166.669998,39.41
22/11/2010,41.799999,25.059999,161.050003,38.509998
23/11/2010,41,24.66,157.779999,37.630001
24/11/2010,41.700001,25.15,160.259995,38.16
26/11/2010,41.099998,24.700001,158.220001,37.5
29/11/2010,41.5,24.92,159.279999,37.91
30/11/2010,42,24.459999,156.139999,37.400002
01/12/2010,43,24.92,158.449997,38.150002
02/12/2010,44.200001,25.610001,162.5,39.310001
03/12/2010,44.5,25.639999,162.309998,39.610001
06/12/2010,44.5,25.540001,162.649994,39.900002
07/12/2010,46.200001,25.66,161.589996,39.25
08/12/2010,46.400002,26.469999,166.139999,40.259998
09/12/2010,46.900002,26.709999,166.449997,40.810001
10/12/2010,47.700001,26.950001,168.470001,41.43
13/12/2010,48.099998,26.940001,169.479996,41.509998
14/12/2010,46.900002,26.629999,167.330002,40.790001
15/12/2010,45.900002,26.200001,165.210007,40.209999
16/12/2010,45.900002,26.01,164.460007,40.009998
17/12/2010,47,26.24,164.039993,39.669998
20/12/2010,47.099998,26.26,166.050003,39.950001
21/12/2010,47.400002,26.860001,168.229996,41
22/12/2010,47.299999,27.4,169.600006,42.16
23/12/2010,46.799999,27.41,167.600006,42.080002
27/12/2010,47.700001,27.51,169.830002,42.669998
28/12/2010,47.799999,27.66,169.190002,42.610001
29/12/2010,47.700001,27.280001,167.630005,42.360001
30/12/2010,47.599998,27.33,167.639999,42.23