store_id,hub_id,store_name,store_segment,store_plan_price,store_latitude,store_longitude
3,2,CUMIURI,FOOD,0,,
6,3,PIMGUCIS DA VIVA ,FOOD,0,-30.0374149,-51.20352
8,3,RASMUR S ,FOOD,0,-30.0374149,-51.20352
53,8,PAPA SUCIS ,FOOD,0,-22.921475,-43.234822
54,8,VUZPI PAZZIS ,FOOD,0,-22.921475,-43.234822
56,8,SUPSIO ,FOOD,49,-22.921475,-43.234822
58,8,PIAMUARIS ,FOOD,49,-22.921475,-43.234822
82,8,LUCITA ,FOOD,0,-22.921475,-43.234822
83,8,PRARIZZAI ,FOOD,0,-22.921475,-43.234822
84,8,PALLO MZU GRALA,FOOD,49,-22.921475,-43.234822
85,8,PRISMAURAI ,FOOD,0,-22.921475,-43.234822
88,8,EUGUSMI ,GOOD,0,-22.921475,-43.234822
89,8,LIS URPIMIOUS ,FOOD,49,-22.921475,-43.234822
90,8,CISI DA POI EU QUASI ,FOOD,49,-22.921475,-43.234822
95,8,ARE TRAMUO ,FOOD,49,-22.921475,-43.234822
96,5,PIRMI DA SIPIR ,FOOD,0,-23.0007498,-43.318364
99,8,SIRVUMU AMILAI ,FOOD,0,-22.921475,-43.234822
100,8,LUPIMUIM ,FOOD,49.9,-22.921475,-43.234822
122,4,MASUCIE,GOOD,0,,
141,8,RO PRISMAUS ,FOOD,0,-22.921475,-43.234822
144,8,CIRIROI U CAI ,FOOD,49.9,-22.921475,-43.234822
149,8,IUMPICA ,FOOD,0,-22.921475,-43.234822
164,8,CLUPU RULASSI ,GOOD,0,-22.921475,-43.234822
187,13,LUCITA ,FOOD,49,-22.8858199,-43.2792183
189,13,USPUMUI CIRAICI ,FOOD,49,-22.8858199,-43.2792183
191,13,AR PAZZI ,FOOD,49,-22.8858199,-43.2792183
228,8,PUGUM ,GOOD,0,-22.9241443,-43.2363449
232,16,RIARI SIARI ,FOOD,0,-23.0174723,-43.4799389
236,13,IUMPICA ,FOOD,0,-22.8858199,-43.2792183
245,18,SUPSIO ,FOOD,0,-22.9454948,-43.1821807
261,18,AR TRAMUO ,FOOD,49,-22.9454948,-43.1821807
264,8,EMUOUS,GOOD,0,-22.9241443,-43.2363449
274,16,IUMPICA ,FOOD,0,-23.0174723,-43.4799389
294,13,PAPA SUCIS ,FOOD,0,-22.8858199,-43.2792183
295,8,AIEMAMIMU IU PRUSEM,GOOD,29.9,-22.921475,-43.234822
311,13,RISA PUM ,GOOD,29,-22.8858199,-43.2792183
321,17,IUMPICA ,FOOD,0,-23.5920041,-46.6365035
339,17,ARE TRAMUO ,FOOD,49.9,-23.5920041,-46.6365035
342,13,PIARIS,GOOD,0,,
345,13,ZIM ME MUMEUR ,FOOD,49,-22.8860986,-43.2795475
356,21,SPILUMI ,FOOD,49.9,-23.550407,-46.6973162
357,22,PILIOU RAS ,FOOD,0,-23.0007532,-43.3837713
361,22,IPUPIEMAI ,FOOD,0,-23.0007532,-43.3837713
365,20,CIRILAMI SILUS ,FOOD,49.9,-22.996848,-43.361197
366,20,AR TRAMUO ,FOOD,49,-22.996848,-43.361197
367,20,MIUMSAU ,FOOD,49,-22.996848,-43.361197
370,20,PAZZI ZUM ,FOOD,49,-22.996848,-43.361197
371,20,LUCITA ,FOOD,0,-22.996848,-43.361197
373,20,CRUPULICOS ,FOOD,49,-22.996848,-43.361197
377,20,RIRURPIS,GOOD,0,-23.0007532,-43.3837713
378,21,OURAMIES ,FOOD,49.9,-23.550407,-46.6973162
383,21,ACA PRISSURAU ,FOOD,49.9,-23.550407,-46.6973162
387,22,REMFRUMIS ,FOOD,49,-23.0007532,-43.3837713
390,17,PAZZI ZUM ,FOOD,49.9,-23.5920041,-46.6365035
391,20,FAIARUMUI ,FOOD,0,-22.996848,-43.361197
399,13,PIARO ,FOOD,0,-22.8843321,-43.283366
406,20,GARIOLIS ,FOOD,49,-23.0007532,-43.3837713
409,16,RC OUMILEES ,FOOD,0,-23.0172627,-43.4791238
414,13,SPILUMI ,FOOD,0,-22.886644,-43.2801892
415,8,IPUPIEMAI ,FOOD,,-22.921475,-43.234822
416,21,IUMPICA ,FOOD,0,-23.550407,-46.721291
417,20,IUMPICA ,FOOD,0,-22.996848,-43.361197
426,20,ZIM M MUMEUR ,FOOD,,-22.996848,-43.361197
430,21,PIR DA ILUROI ,FOOD,0,-23.550407,-46.721291
435,16,SUSM GRALA,FOOD,49.9,-23.0172627,-43.4791238
439,16,CILAFIRMAI CIOLA ,FOOD,49.9,-23.0172627,-43.4791238
446,20,SIRLE FRA ,GOOD,29,-22.996848,-43.361197
447,21,PA PISACI ,GOOD,29,-23.550407,-46.721291
453,20,IRULAU CRUPURAU ,FOOD,49,-22.996848,-43.361197
462,18,CIFUAMI ,FOOD,49,-22.9464282,-43.1823091
476,20,PIARI FLIRUS ,GOOD,29,-22.996848,-43.361197
482,25,GIPUMZIGUM OPASI RIUSARI CIREARA ,GOOD,49.9,-23.5677027,-46.642043
490,22,MATATA ,FOOD,49.9,-23.0007532,-43.3837713
491,16,I CISI DA PAMPE ,GOOD,29.9,-23.0172627,-43.4791238
493,25,PAZZI ZUM ,FOOD,49.9,-23.5677027,-46.642043
495,25,IUMPICA ,FOOD,0,-23.5623285,-46.642043
496,26,IUMPICA ,FOOD,,-23.5630195,-46.652621
497,13,CISI DA URPIOU ,FOOD,0,-22.8843321,-43.283366
501,25,RISIRA ,FOOD,49.9,-23.5677027,-46.642043
508,20,GROI USPRUSSI ,FOOD,49,-22.996848,-43.361197
515,18,GULIMURAI RE ,FOOD,49,-22.9464282,-43.1823091
520,26,IRIR OIS PUOUMIS ,FOOD,49.9,-23.5630195,-46.652621
524,3,ILA RIERUGI ,GOOD,49.9,-30.0374149,-51.20352
525,25,PUCIRAMI  ,FOOD,49.9,-23.5677027,-46.642043
529,20,GULIMURAI RE ,FOOD,49,-22.996848,-43.361197
531,16,CISUMPES ,FOOD,49.9,-23.0172627,-43.4791238
532,13,SIRLE FRA ,GOOD,29.9,-22.886644,-43.2801892
540,22,UMIG ,GOOD,49,-23.0007532,-43.3837713
545,3,IAMUR ,FOOD,49.9,-30.0374149,-51.20352
555,20,RIGU I CIGU ,FOOD,49,-22.996848,-43.361197
563,3,MZU PLICA PAF ,FOOD,49.9,-30.038145,-51.20352
564,20,PUMGUA ,FOOD,49.9,-22.996848,-43.361197
582,16,SPILUMI ,FOOD,49.9,-23.020709,-43.4897
585,21,MUMRIFAM ,GOOD,29.9,-23.550407,-46.721291
586,26,GULIMI PIRULA ,FOOD,49.9,-23.563758,-46.652621
587,8,PIARO ,FOOD,,-22.921475,-43.234822
590,20,VUG UP ,FOOD,49,-22.996848,-43.361197
591,27,MZU SUACU LIP ,FOOD,49.9,-23.622995,-46.699204
595,27,ZIVIMUI ,GOOD,49.9,-23.622995,-46.699204
599,21,LIFM ,GOOD,,-23.550407,-46.721291
600,21,GRIME CRU ,GOOD,29.9,-23.550407,-46.721291
603,27,GRIME CRU ,GOOD,29.9,-23.622995,-46.699204
604,16,SIRVUMU AMILAI ,FOOD,49.9,-23.020709,-43.4897
605,16,MIMAMI SAMU VAMUIGU ,GOOD,49.9,-23.020709,-43.4897
606,8,MAP MIP ,GOOD,,-22.921475,-43.234822
607,27,ECILUMI MI LISI FASACIO PASCIAMO ,FOOD,49.9,,
616,18,CILAFIRMAI CIOLA ,FOOD,49,-22.94733,-43.183534
622,28,PASCIAMO ,FOOD,49.9,-23.595775,-46.685984
623,28,SUPSIO ,FOOD,49.9,-23.595775,-46.685984
624,28,SPILUMI ,FOOD,49.9,-23.595775,-46.685984
626,28,MUMRIFAM ,GOOD,29.9,-23.595775,-46.685984
627,27,FAM RIRGUM ,GOOD,29.9,-23.622995,-46.699204
629,8,RIARI SIARI ,FOOD,,-22.921475,-43.234822
631,28,IUMPICA ,FOOD,,-23.595775,-46.685984
632,28,IPUPIEMAI ,FOOD,,-23.595775,-46.685984
633,21,ZIVIMUI ,GOOD,49.9,-23.550407,-46.721291
640,28,GRIME CRU ,GOOD,49,-23.595775,-46.685984
641,26,MUMRIFAM ,GOOD,29.9,-23.563758,-46.652621
644,13,USARULI DA SUA,FOOD,,-22.887521,-43.283366
646,21,PASCIAMU ,FOOD,49.9,-23.550407,-46.721291
648,27,PIPRU SUIM ,FOOD,49.9,-23.622995,-46.699204
651,27,SIZMUO RICAUMS ,FOOD,49.9,-23.622995,-46.699204
652,25,MUMRIFAM ,GOOD,29.9,-23.570765,-46.642043
656,3,IPALUPAES ,FOOD,0.01,-30.038145,-51.20352
657,21,RIGAC FAM ,GOOD,29.9,-23.550407,-46.721291
658,29,IUMPICA ,FOOD,,-23.561053,-46.558976
659,29,IPUPIEMAI ,FOOD,,-23.561053,-46.558976
660,16,FIRIFI CIRAICI ,FOOD,49,-22.989451,-43.433223
661,20,RA VACAI EUSEU I AMACAI ,FOOD,49,-22.996848,-43.361197
666,25,RIZI ,FOOD,49.9,-23.570765,-46.642043
669,29,PUPALUGALA,FOOD,49.9,-23.561053,-46.558976
673,18,MIZPIZ ,FOOD,49,-22.950331,-43.184893
674,29,AR TRAMUO ,FOOD,49.9,-23.561053,-46.558976
676,31,IUMPICA ,FOOD,,-23.631835,-46.735203
678,18,MZU PIUI ,FOOD,49,-22.949561,-43.185022
679,18,ZIRIE ,FOOD,49,-22.94733,-43.183534
681,5,CISI DA POI EU QUASI ,FOOD,49.9,-23.003717,-43.317444
682,25,MISMO GRALA,FOOD,49.9,-23.570765,-46.642043
684,17,RIZIGIMO ,GOOD,29.9,-23.599551,-46.636755
685,20,CICIU SZIS ,GOOD,29.9,-22.996848,-43.361197
686,29,RIMUIMI GRALA,FOOD,49.9,-23.561053,-46.558976
687,17,LUPI ,GOOD,29.9,-23.599551,-46.636755
689,17,RIRIMI ,GOOD,29.9,-23.599551,-46.636755
690,29,EAVAMI FIGOI ,FOOD,49.9,-23.561053,-46.558976
692,29,PIULIMGURAU CIRAICI ,FOOD,49.9,-23.561053,-46.558976
693,29,EURECA ,GOOD,29,-23.561053,-46.558976
695,5,PILAS SUCIS ,FOOD,49,-23.004907,-43.318364
697,21,ZIPU ,GOOD,29.9,-23.550407,-46.721291
700,21,CZALLA PUIMS ,GOOD,29.9,-23.550407,-46.721291
701,21,SMIRPIAMU ,GOOD,29.9,-23.550407,-46.721291
702,21,EUCI SGAM ,GOOD,,-23.550407,-46.721291
706,17,AR CIM ,GOOD,29.9,-23.599551,-46.636755
707,33,IUMPICA ,FOOD,,-23.579067,-46.594006
716,33,EA CUMUI ,FOOD,49.9,-23.579067,-46.594006
728,33,GUMOUA ,FOOD,49.9,-23.579067,-46.594006
735,33,IRIR OIS PUOUMIS ,FOOD,49.9,-23.579067,-46.594006
739,16,GIPUMZIGUM ,GOOD,29,-23.020709,-43.4897
745,3,IGUAI VUMURAMIRAI ,GOOD,,-30.037362,-51.204753
747,21,IRUZZI ,GOOD,29.9,-23.550407,-46.721291
748,27,LI PISMI GAIMOI ,FOOD,49.9,-23.622995,-46.699204
753,3,PF PIR FIVIR ,FOOD,0,-30.038145,-51.20352
754,13,GIPUMZIGUM ,GOOD,,-22.887521,-43.283366
762,26,CZALLA PUIMS ,GOOD,29.9,-23.563758,-46.652621
763,26,CISI PIUEUEMI ,GOOD,49.9,-23.563758,-46.652621
767,29,PASSIMA ,FOOD,49.9,-23.561053,-46.558976
771,27,MISQUAMZI DA USQUAMI ,FOOD,49.9,-23.622995,-46.699204
773,18,OU SALVI ,FOOD,49,-22.94733,-43.183534
780,29,GARIOLIS ,FOOD,,-23.561053,-46.558976
783,22,VUZPI ,FOOD,49,-23.000149,-43.381736
785,33,ARE TRAMUO ,FOOD,49.9,-23.579067,-46.594006
786,33,LU PUMAM RICIRIMS ,GOOD,49.9,-23.579067,-46.594006
787,33,PUGOIE ,FOOD,49.9,-23.579067,-46.594006
790,33,MZU SMUIG FICMIRO ,FOOD,49.9,-23.579889,-46.594297
791,8,PULGAIM SIOLLU ,FOOD,0,-22.921475,-43.234822
792,13,CIOLAMISM ,FOOD,0,-22.887521,-43.283366
801,20,CIMUAMI PUIMISURI ,FOOD,49,-22.996848,-43.361197
802,20,PIAMUARIS CIFO ,FOOD,49,-22.996848,-43.361197
804,18,MOIRI MPECILIMU PIR ,FOOD,49,-22.94733,-43.183534
806,27,IMLAIZA,GOOD,,,
807,29,ZIMRPI,GOOD,,,
808,28,ROICIPIP,GOOD,,,
809,25,GARPI ,GOOD,29.9,-23.570765,-46.642043
810,22,PIULIMGURAU ,FOOD,49,-23.001696,-43.386494
811,8,CISI DA PRUSI ,GOOD,0.01,-22.921475,-43.234822
824,26,RUMOU VUREU ,GOOD,29.9,-23.563758,-46.652621
828,20,MUI SZIP ,GOOD,,-22.996848,-43.361197
832,27,RUSURVI FLIRIA,GOOD,29.9,-23.622995,-46.699204
837,33,SMIR PIAMU ,GOOD,29,-23.579067,-46.594006
840,26,SIZMUO RICAUMS ,FOOD,49.9,-23.563758,-46.652621
845,13,RUA DA RIMU ,FOOD,,-22.887521,-43.283366
847,13,GIGIRUS ,GOOD,29,-22.887521,-43.283366
850,22,CIRIRIOU CIRIROI ,FOOD,49,-23.001696,-43.386494
859,20,CIRIRIOU CIRIROI ,FOOD,49.9,-22.996848,-43.361197
864,3,RIC IME CZASU ,FOOD,0.01,-30.038145,-51.20352
869,18,PILIOU RAS ,FOOD,49,-22.94733,-43.183534
870,18,CUSMUI ,FOOD,49,-22.949297,-43.188152
875,31,RIRURIMUA ,FOOD,49.9,-23.631835,-46.735203
876,26,IVIMAR ,GOOD,29.9,-23.569798,-46.659254
877,33,IVIMAR ,GOOD,29,-23.579067,-46.594006
879,28,RISIRA ,FOOD,49.9,-23.595775,-46.685984
882,35,RUGIRIMA ,FOOD,49,-22.97315,-43.370811
883,35,GIMA ,FOOD,49,-22.97315,-43.370811
886,35,RC OUMILEES ,FOOD,,-22.97315,-43.370811
894,35,MRIMUIRAI ,FOOD,49,-22.97315,-43.370811
902,8,MRIRI LIP ,GOOD,29,-22.921475,-43.234822
903,35,PILITAMZI ,FOOD,49,-22.97315,-43.370811
904,25,CAIRIR PIPO ,GOOD,29,-23.570765,-46.642043
911,28,RCOUMILES ,FOOD,0,-23.595775,-46.685984
912,3,MURPURI OUS GURAIS ,FOOD,49,-30.035516,-51.204007
913,27,PAMACIS ,GOOD,29.9,-23.622995,-46.699204
915,25,GRIME CRU ,GOOD,29.9,-23.570765,-46.642043
918,27,USIFLUS ,GOOD,,-23.622995,-46.699204
921,29,GRIME CRU ,GOOD,29.9,-23.561053,-46.558976
923,3,GRIME CRU ,GOOD,29.9,-30.027068,-51.19292
924,29,LIFM ,GOOD,29,-23.561053,-46.558976
931,31,GUMOUA E ISIM ,FOOD,49.9,-23.631835,-46.735203
933,31,SUPSIO ,FOOD,49.9,-23.631835,-46.735203
938,27,OIGIPUARO ,FOOD,49.9,-23.622995,-46.699204
941,27,GUMOUA ,FOOD,49.9,-23.622995,-46.699204
944,35,ZIMI ZUM ,FOOD,49,-22.97315,-43.370811
945,29,LUPI ,GOOD,29.9,-23.561053,-46.558976
946,29,USIFLUS ,GOOD,29.9,-23.561053,-46.558976
947,5,USMIMOI RS ,FOOD,49,-23.004907,-43.318364
948,27,RAMZI CISMURUARI RA SIPIMUARI ,GOOD,29.9,-23.622995,-46.699204
950,33,ISIM ,FOOD,49.9,-23.579067,-46.594006
951,33,GRIMEVASAIM ,GOOD,29.9,-23.579067,-46.594006
952,26,GRIMEVASAIM ,GOOD,29.9,-23.563758,-46.652621
953,26,GRIME CRU ,GOOD,29.9,-23.561121,-46.666602
955,51,CIRIROI U CAI ,FOOD,,-22.926904,-43.572533
960,33,GRIME CRU ,GOOD,29,-23.579067,-46.594006
961,21,PIGUE PIPACO ,FOOD,49.9,-23.550407,-46.721291
964,26,GRIME CRU ZAGAUMAPILAS ,GOOD,29.9,-23.54166,-46.657483
965,17,GRIME CRU ,GOOD,29.9,-23.603557,-46.657894
966,35,CIRIROI U CAI ,FOOD,49,-22.97315,-43.370811
967,28,GRIME CRU VALI MIVI CIMCUAMOI ,GOOD,29.9,-23.595215,-46.666397
968,28,GRIME CRU AMIARO CIRUSI  ,GOOD,29.9,-23.586689,-46.67986
975,36,IEPISMI ,FOOD,49,-30.085743,-51.245997
976,36,PAZZI ROIE MIPILAPACO ,FOOD,49,-30.085743,-51.245997
977,36,PRIMZURS RUSMIURIMA U PAZZIRAI ,FOOD,49,-30.085743,-51.245997
978,55,ZUPULAR MUC ,GOOD,29.9,-23.515421,-46.665322
983,35,LUPIMUIM ,FOOD,49,-22.97315,-43.370811
984,33,GIPUMZIGUM ,GOOD,,-23.579067,-46.594006
989,36,GRIME CRU ,GOOD,29,-30.085743,-51.245997
995,31,ROGLISS ICUSSARAIS ,GOOD,29,-23.631835,-46.735203
997,33,PIEURISI MAROI ,GOOD,29,-23.579067,-46.594006
998,20,TRAZ LOURA RIRMAM ,FOOD,49,-22.996848,-43.361197
999,35,LUCITA ,FOOD,49,-22.97315,-43.370811
1000,20,PAI RUMOU ,GOOD,49,-22.996848,-43.361197
1001,26,PEUIM GAMTRAM ,FOOD,49.9,-23.563758,-46.652621
1002,20,OIGIPUARO ,FOOD,49.9,-22.996848,-43.361197
1003,29,ZIVIMUI ,GOOD,29,-23.561053,-46.558976
1006,25,PUGUM ,GOOD,29.9,-23.570765,-46.642043
1008,29,PUGUM ,GOOD,29.9,-23.561053,-46.558976
1009,20,CIPIMI PURGUR ,FOOD,49.9,-22.996848,-43.361197
1010,16,CICIU SZIS ,GOOD,49,-23.020709,-43.4897
1014,31,OUMGA ,GOOD,29,-23.631835,-46.735203
1015,31,MUMRIFAM ,GOOD,29.9,-23.658852,-46.737876
1016,36,PIPS ,FOOD,49,-30.085743,-51.245997
1018,36,ICI EU SIVEMI ,FOOD,49,-30.085743,-51.245997
1019,20,CISI PIUEUEMI ,GOOD,49,-22.996848,-43.361197
1022,29,RIRIMI ,GOOD,29,-23.561053,-46.558976
1025,21,IMUI PUGIVI ,GOOD,29,-23.528072,-46.731195
1026,22,AIEMAMIMU IU PRUSEM,GOOD,29.9,-23.001696,-43.386494
1027,33,LIFM ,GOOD,,-23.579067,-46.594006
1029,55,UVURUSM ,GOOD,29.9,-23.515578,-46.665665
1034,18,GRIME CRU ,GOOD,29.9,-22.964613,-43.220246
1037,35,IUMPICA ,FOOD,,-22.97315,-43.370811
1041,26,GIPUMZIGUM ,GOOD,49.9,-23.563758,-46.652621
1042,36,FRUEOU ,FOOD,49,-30.085743,-51.245997
1044,36,ZIVIMUI ,GOOD,29,-30.085743,-51.245997
1056,16,RIOZ ,FOOD,49,,
1057,36,IUMPICA ,FOOD,,-30.085743,-51.245997
1061,33,SMIMCU ,GOOD,29,-23.579067,-46.594006
1064,8,GRIME CRU ,GOOD,49,-22.921475,-43.234822
1071,25,VIRIMOU ,GOOD,29.9,-23.570765,-46.642043
1076,20,SUMIR SIMMPE ,FOOD,49,-22.996848,-43.361197
1080,18,AIEMAMIMU IU PRUSEM,GOOD,29.9,-22.94733,-43.183534
1082,35,LIEMAMIMU IU PRUSEM,GOOD,29.9,-22.97315,-43.370811
1083,27,CISI PIUEUEMI ,GOOD,29.9,-23.622995,-46.699204
1084,28,CISI PIUEUEMI ,GOOD,29.9,-23.595775,-46.685984
1091,20,SALITO ,GOOD,29.9,-22.996848,-43.361197
1092,18,SALITO ,GOOD,29,-22.94733,-43.183534
1093,36,SALITO ,GOOD,29,-30.085743,-51.245997
1095,22,SALITO ,GOOD,29,-23.001696,-43.386494
1096,8,SALITO ,GOOD,29,-22.921475,-43.234822
1097,28,SALITO ,GOOD,29.9,-23.595775,-46.685984
1098,33,SALITO ,GOOD,29,-23.579067,-46.594006
1099,29,SALITO ,GOOD,29,-23.561053,-46.558976
1101,26,SALITO ,GOOD,29.9,-23.563758,-46.652621
1103,27,SALITO ,GOOD,29,-23.622995,-46.699204
1104,13,SALITO ,GOOD,,-22.887521,-43.283366
1105,25,SALITO ,GOOD,29,-23.570765,-46.642043
1106,21,SALITO ,GOOD,29,-23.550407,-46.721291
1107,21,SR SIGIRIMI ,FOOD,49,-23.550407,-46.721291
1114,35,RIMAI EU TRAPRISCI ,FOOD,49.9,-22.97315,-43.370811
1117,21,PIPULIRAI RIGMALAI ,GOOD,29,-23.550407,-46.721291
1118,35,PRISEMCICIU ,GOOD,29,-22.97315,-43.370811
1119,28,ISIM O RIRARIRA ,FOOD,,-23.595775,-46.685984
1120,27,GIPUMZIGUM ,GOOD,29,-23.622995,-46.699204
1121,20,PRISEMCICIU ,GOOD,29,-22.996848,-43.361197
1122,27,MPECILIMUS PRISEMCICIU ,GOOD,29,-23.622995,-46.699204
1123,8,SIRSUMG ,GOOD,,-22.921475,-43.234822
1125,36,PIZ RUSMIURIMA ,FOOD,49,-30.085743,-51.245997
1127,16,CIRIROI U CAI ,FOOD,49,-23.020709,-43.4897
1128,17,ZIVIMUI ,GOOD,29.9,-23.599551,-46.636755
1141,21,CISI RUVAVI ,GOOD,29,-23.550407,-46.721291
1143,3,GRORAI RIMAI ,GOOD,49,-29.972736,-51.195821
1146,33,MZU PIEO SZIP ,GOOD,29.9,-23.579067,-46.594006
1150,26,PASCIAMU ,FOOD,49.9,-23.563758,-46.652621
1152,8,CISI DA PILIP ,FOOD,29,-22.922908,-43.2349
1153,13,RIMAI EU TRAPRISCI ,FOOD,49,-22.887521,-43.283366
1154,27,ILRU ,GOOD,29.9,-23.622995,-46.699204
1157,27,CISI OUS CACIS ,GOOD,29,-23.622995,-46.699204
1160,3,MPECILIMRIS CAOUEU PIASI ,GOOD,49,-30.03821,-51.2217
1161,31,CZALLA PUIMS ,GOOD,,-23.631835,-46.735203
1162,13,SIU SIU EUSAGM ,GOOD,29,-22.887521,-43.283366
1163,33,PA PISACI ,GOOD,29,-23.579067,-46.594006
1164,26,GAIVIMUI PIPO ,GOOD,29,-23.563758,-46.652621
1165,17,USIFLUS ,GOOD,29,-23.599551,-46.636755
1166,33,RIGAC FAM ,GOOD,29,-23.579067,-46.594006
1167,31,SIMUI LIMOI ,GOOD,29,-23.631835,-46.735203
1175,31,LUVA S ,GOOD,,-23.631835,-46.735203
1187,33,IRUZZI ,GOOD,29,,
1199,31,CISI RUVAVI ,GOOD,29,-23.631835,-46.735203
1204,18,GRIME CRU ,GOOD,,,
1205,29,ZIPU ,GOOD,29,-23.561053,-46.558976
1208,16,RUSMIURIMA RIRIOU ,FOOD,49,-23.020709,-43.4897
1210,26,RIGU I CIGU ,FOOD,49,-23.561506,-46.668456
1213,21,AMACIS CIRIA,GOOD,29.9,-23.550407,-46.721291
1214,21,CRICS ,GOOD,29,-23.550407,-46.721291
1215,17,CRICS ,GOOD,29,-23.599551,-46.636755
1218,20,PALLO MZU GRALA,FOOD,49.9,-22.996848,-43.361197
1220,33,R RIRMIM ,GOOD,29,-23.579067,-46.594006
1224,31,SSIRIVSGA ,GOOD,,-23.631835,-46.735203
1230,27,MZU PIEO SZIP ,GOOD,29,-23.622995,-46.699204
1232,33,AMUARASSARA ,GOOD,,-23.579067,-46.594006
1233,3,PIUMCU CIRPIMO ,GOOD,29,-30.029656,-51.217429
1235,33,MIARO ZALFAGUR ,GOOD,29,-23.579067,-46.594006
1236,33,VACMIR ZUGI ,GOOD,29.9,-23.579067,-46.594006
1237,33,SIRLE MUMUAS ,GOOD,29.9,-23.579067,-46.594006
1238,33,ZURAMG GAES ,GOOD,29.9,-23.579067,-46.594006
1239,33,RULASSI ,GOOD,29.9,-23.579067,-46.594006
1242,35,IMICIPRA ,GOOD,29.9,-22.97315,-43.370811
1246,31,PUGUM ,GOOD,29,-23.631835,-46.735203
1247,25,PAGAES ,GOOD,29.9,-23.570765,-46.642043
1254,31,PUMAM MAMA ,GOOD,29,-23.631835,-46.735203
1259,26,PUGUM ,GOOD,29.9,-23.563758,-46.652621
1263,33,RAMASI ,GOOD,29,-23.579067,-46.594006
1271,21,IPIQA ,GOOD,,-23.550407,-46.721291
1272,20,PAPA CILMIOUS ,GOOD,29.9,-22.996848,-43.361197
1273,35,MRICA E FAULE ,GOOD,29.9,-22.97315,-43.370811
1274,28,MZU PIEO SZIP ,GOOD,29,-23.595775,-46.685984
1276,35,USIFLUS ,GOOD,29.9,-22.97315,-43.370811
1278,35,PAPA CILMIOUS ,GOOD,29.9,-22.97315,-43.370811
1279,8,PAPA CILMIOUS ,GOOD,29.9,-22.921475,-43.234822
1280,33,RIRIMI ,GOOD,29.9,-23.579067,-46.594006
1283,27,SSIRIVSGA ,GOOD,29,-23.622995,-46.699204
1288,31,STRAMZ ,GOOD,29,-23.631835,-46.735203
1290,26,SSIRIVSGA ,GOOD,29,-23.563758,-46.652621
1292,18,SIRSUMG ,GOOD,,,
1293,35,SIRSUMG ,GOOD,29,-22.97315,-43.370811
1300,29,OIGAMA ,GOOD,29,-23.561053,-46.558976
1303,13,LIMI EU FAMI PASU ,GOOD,,-22.887521,-43.283366
1304,25,OIGAMA ,GOOD,29,-23.570765,-46.642043
1307,8,GIMA ,FOOD,49.9,-22.921475,-43.234822
1314,27,OIGAMA ,GOOD,29,-23.622995,-46.699204
1317,31,USPIMI PRIMI ,GOOD,49,-23.631835,-46.735203
1318,33,PRIMIUVI,GOOD,29,-23.579067,-46.594006
1321,31,PUPALU GALA,FOOD,49,-23.631835,-46.735203
1324,3,PAZZI PIRPACO ,FOOD,,-30.038145,-51.20352
1325,31,EUCI SGAM ,GOOD,29.9,-23.629826,-46.735203
1330,31,R RIRMIM ,GOOD,,-23.631835,-46.735203
1332,20,SR MIPICIRAI ,GOOD,29,-22.996848,-43.361197
1333,20,SUMSARAI ,GOOD,29,-22.996848,-43.361197
1335,8,ILUIMIRO ,GOOD,29,-22.921475,-43.234822
1338,31,OIGPUARO ,FOOD,49.9,-23.631835,-46.735203
1344,31,CAI RIRAMARI ,GOOD,,-23.631835,-46.735203
1345,29,CAI RIRAMARI ,GOOD,29,-23.561053,-46.558976
1378,33,SSIRIVSGA ,GOOD,,-23.579067,-46.594006
1381,13,ILUIMIRO ,GOOD,,-22.887521,-43.283366
1383,13,UMALACISI ,GOOD,29,-22.887521,-43.283366
1395,21,IUMZUMUAC FAM ,GOOD,,-23.550407,-46.721291
1397,21,IRM SILG ,GOOD,29,-23.550407,-46.721291
1399,3,RUSU ,FOOD,0,-30.038145,-51.20352
1401,27,SUPUR GRALA,FOOD,49.9,-23.622995,-46.699204
1404,31,GAIVIMUI PIPO ,GOOD,29.9,-23.631667,-46.735203
1406,26,SUPUR GRALA,FOOD,49.9,-23.563758,-46.652621
1409,17,PAMACIS ,GOOD,29.9,-23.599551,-46.636755
1411,29,CIRACIOU ,GOOD,29.9,-23.561053,-46.558976
1412,29,ISZUI ,GOOD,29.9,-23.561053,-46.558976
1413,20,LUVAES ,GOOD,29,-22.996848,-43.361197
1415,8,LUVAES ,GOOD,29,-22.921475,-43.234822
1416,13,LUVAES ,GOOD,29,-22.887521,-43.283366
1419,8,PLIMUMIO ,GOOD,29.9,-22.921475,-43.234822
1428,8,SILAMIS ,GOOD,,-22.921475,-43.234822
1431,20,UMACAU ,GOOD,29,-22.996848,-43.361197
1432,33,LUPI ,GOOD,,-23.579067,-46.594006
1433,33,RIOPULLAMU ,GOOD,29.9,-23.579067,-46.594006
1435,8,USIFLUS ,GOOD,29.9,-22.921475,-43.234822
1437,20,EULIRUM ,GOOD,29.9,-22.996848,-43.361197
1438,13,RIOPULLAMU ,GOOD,29.9,-22.887521,-43.283366
1442,31,AIEMAMIMU IU PRUSEM,GOOD,29.9,-23.631835,-46.735203
1454,36,RUGI SMIRU CICIU SZIS ,GOOD,29.9,-30.085743,-51.245997
1455,27,CICIU SZIS ,GOOD,29.9,-23.622995,-46.699204
1458,29,RUGI SMIRU CICIU SZIS ,GOOD,29.9,-23.561053,-46.558976
1460,29,CIARUM SMUOLUMS ,GOOD,29.9,-23.561053,-46.558976
1473,33,PILRUARIS SMIRU ,GOOD,29,-23.579067,-46.594006
1474,33,IMICIPRA ,GOOD,29,-23.579067,-46.594006
1477,13,CLUPU RULASSI ,GOOD,29,-22.887521,-43.283366
1482,36,SSIRIVSGA ,GOOD,29.9,-22.998897,-43.3371057
1492,18,ZURAMG CIPICIPIMI ,GOOD,29.9,-22.972848,-43.188259
1495,18,ZURAMG CIMUMU ,GOOD,29.9,-22.930807,-43.177547
1496,18,ZURAMG RAI SUA,GOOD,29.9,-22.956842,-43.176536
1497,35,ZURAMG ,GOOD,29.9,-22.982371,-43.361246
1498,16,ZURAMG IRURACIS ,GOOD,29.9,-22.973898,-43.367431
1507,18,ZURAMG CUMURI ,GOOD,29.9,-22.902939,-43.179809
1508,8,IMACIS CIRIA,GOOD,,-22.921475,-43.234822
1512,8,VAI RAI ,GOOD,29,-22.921475,-43.234822
1515,33,AIEMAMIMU IU PRUSEM,GOOD,29.9,-23.579067,-46.594006
1519,26,IPIQA ,GOOD,29.9,-23.563758,-46.652621
1520,25,IPIQA ,GOOD,29.9,-23.570765,-46.642043
1528,20,EULARAI MRIPACIA,FOOD,49.9,-22.996848,-43.361197
1529,17,ÂRPIR PILMACI ,GOOD,,-23.599551,-46.636755
1530,36,SUPSIO ,FOOD,49,-30.085743,-51.245997
1538,33,CISI PIUEUEMI ,GOOD,49.9,-23.579067,-46.59282
1539,21,CISI PIUEUEMI ,GOOD,49.9,-23.550407,-46.721291
1551,3,PRIMGIPA,GOOD,,,
1556,36,PIPRU SUIM ,FOOD,49,-30.085743,-51.245997
1560,17,MUG ,GOOD,29,-23.599551,-46.636755
1568,33,EUCI SGAM ,GOOD,29,-23.579067,-46.594006
1571,27,EURECA MPECILIMUS ,GOOD,,-23.622995,-46.699204
1579,20,ILAVI ,FOOD,49,-22.996848,-43.359636
1583,13,LUVAES ,GOOD,29.9,-22.887521,-43.283366
1584,18,LUVAES ,GOOD,29,-22.94733,-43.183534
1586,8,EULARAI MRIPACIA,FOOD,49.9,-22.921475,-43.234822
1587,35,EULARAI MRIPACIA,FOOD,49.9,-22.97315,-43.370811
1589,43,R RIRMIM ,GOOD,29,-25.4412212,-49.27769
1590,20,ISZUI ,GOOD,29,-22.996848,-43.361197
1591,33,PUZAMZI E CAI ,GOOD,29,-23.579067,-46.594006
1594,51,CZAMULIMACIS ,GOOD,29,-22.927336,-43.572533
1600,17,PILRAPO ,GOOD,,-23.599551,-46.636755
1601,28,MIOURIOU ,GOOD,29,-23.595775,-46.685984
1602,25,MIOURIOU ,GOOD,29,-23.570765,-46.642043
1603,29,MIOURIOU ,GOOD,,-23.561053,-46.558976
1606,36,PIARIUARI,GOOD,,,
1607,13,EPOSIRPI ,GOOD,29,-22.887521,-43.283366
1608,17,CZALLA PUIMS LISI ,GOOD,29,-23.599551,-46.636755
1609,43,SIRSUMG ,GOOD,,-25.4412212,-49.27769
1610,42,SIRSUMG ,GOOD,,-25.438766,-49.266532
1612,44,SIRSUMG ,GOOD,,-25.4351398,-49.3167883
1620,27,META EASSU PURUMACU ,GOOD,29.9,-23.622995,-46.699204
1621,20,META EASSU PURUMACU ,GOOD,29.9,-22.996848,-43.361197
1622,29,META EASSU PURUMACU ,GOOD,29.9,-23.561053,-46.558976
1629,25,SIRLE MUMUAS ,GOOD,29,-23.570765,-46.642043
1630,33,PIR DA URSI ,GOOD,,-23.579067,-46.594006
1632,17,GRUGIRO ,GOOD,29,-23.599551,-46.636755
1633,44,PIRAGUAM,GOOD,,,
1634,8,ITAOUS ,GOOD,,-22.921475,-43.234822
1635,37,PIPCIRM GIUARUM ,FOOD,29,-23.507105,-46.718197
1636,33,PRUSUMA OUS IMSIS ,GOOD,29,-23.579067,-46.594006
1641,25,CIRACIOU ,GOOD,29.9,-23.570765,-46.642043
1642,27,CIRACIOU ,GOOD,29.9,-23.622995,-46.699204
1647,44,CIRACIOU ,GOOD,29.29,-25.4351398,-49.3167883
1649,44,PIRPALA ,GOOD,29.9,-25.4351398,-49.3167883
1661,44,PUGUM ,GOOD,29.9,-25.4351398,-49.3167883
1664,26,SPILUMI ,FOOD,49.9,-23.563758,-46.652621
1667,44,CLACAO SLARU ,GOOD,29,-25.4351398,-49.3167883
1674,27,VUSMUR ,GOOD,29,-23.622995,-46.699204
1679,17,CUMOIARAS ,GOOD,29.9,-23.599551,-46.636755
1680,43,MAP MIP ,GOOD,29.9,-25.4412212,-49.27769
1681,35,ZIM ME MUMEUR ,FOOD,49.9,-22.97315,-43.370811
1685,13,CUMOIARAS ,GOOD,29,-22.887521,-43.283366
1693,17,ACULIS MRAMIM ,GOOD,29,-23.599551,-46.636755
1696,33,SUPUR GRALA,FOOD,49.9,-23.579067,-46.594006
1704,28,MIUMSAU ,FOOD,49,-23.595775,-46.685984
1705,8,CIMRIM ,GOOD,29,-22.921475,-43.234822
1721,20,CIRACIOU ,GOOD,29.9,-22.996848,-43.361197
1723,33,CIRACIOU ,GOOD,29.9,-23.579067,-46.594006
1728,33,PASCIAMU ,FOOD,49.9,-23.579067,-46.594006
1729,22,CIRACIOU ,GOOD,29.9,-23.001696,-43.386494
1730,8,CIRACIOU ,GOOD,29.9,-22.921475,-43.234822
1739,20,CIMRIM ,GOOD,29,-22.996848,-43.361197
1745,43,PUGUM ,GOOD,29.9,-25.4412212,-49.27769
1748,25,SSIRIVSGA ,GOOD,29,-23.570765,-46.642043
1772,20,IMIUGA VUGIMI ,FOOD,,-22.996848,-43.361197
1784,21,EURECA ,GOOD,,-23.550407,-46.721291
1787,44,GRUGIRO ,GOOD,,-25.4351398,-49.3167883
1792,36,ASASS ,FOOD,49,-30.085743,-51.245997
1799,51,SARIVIGIMZI ,GOOD,29,-22.927336,-43.572533
1801,17,ZIPU ,GOOD,29.9,-23.599551,-46.636755
1804,3,RIRAI CISAMZI ,FOOD,,-30.038145,-51.20352
1814,13,I CISI DA PRUSI ,FOOD,,-22.887521,-43.283366
1816,44,RUGI CICIU SZIS ,GOOD,29.9,-25.4351398,-49.3167883
1820,29,PIRPALA ,GOOD,29.9,-23.561053,-46.558976
1822,27,PIRPALA ,GOOD,29,-23.622995,-46.699204
1833,8,ZUS ,GOOD,29,-22.921475,-43.234822
1835,25,PASCIAMU ,FOOD,49,-23.570765,-46.642043
1842,13,TRAPRAM POI ,FOOD,49.9,-22.887521,-43.283366
1844,51,RUGI SMIRU CICIU SZIS ,GOOD,29.9,-22.927336,-43.572533
1852,36,PILIMCUIOU ,FOOD,49,-30.085743,-51.245997
1855,16,CRICS ,GOOD,29,-23.020709,-43.4897
1867,27,CUMOIARAS ,GOOD,29,-23.622995,-46.699204
1872,26,CUMOIARAS ,GOOD,29,-23.563758,-46.652621
1873,26,CUMOIARAS QUAISQA ,GOOD,29,-23.563758,-46.652621
1874,25,CUMOIARAS ,GOOD,29,-23.570765,-46.642043
1875,25,CUMOIARAS ,GOOD,,-23.570765,-46.642043
1881,20,CUMOIARAS ,GOOD,29,-22.996848,-43.361197
1882,20,CUMOIARAS QUAISQA MO ,GOOD,29,-22.996848,-43.361197
1883,31,CIPIOURMU ,GOOD,,-23.631835,-46.735203
1888,33,ZIVIAIMIS ,GOOD,29,-23.579067,-46.594006
1899,21,VPUIUMO ,GOOD,29,-23.550407,-46.721291
1910,17,ARIGAMIRAUR ,GOOD,29,-23.599551,-46.636755
1911,13,USPIRMU FAMI SMIRU ,GOOD,29,-22.887521,-43.283366
1914,16,PIRMI DA SIPIR ,FOOD,49.9,-23.020709,-43.4897
1923,3,GUIAPUCI PURGUR ,FOOD,49.9,-30.038145,-51.20352
1924,20,VIMS ,GOOD,29,-22.996848,-43.361197
1925,17,I PIMACIRAI ,GOOD,29.9,-23.599551,-46.636755
1926,17,META EASSU PURUMACU ,GOOD,29.9,-23.599551,-46.636755
1928,44,SIZMUO RICAUMS ,FOOD,49.9,-25.4351398,-49.3167883
1930,20,USPUMUI CIRAICI ,FOOD,49.9,-22.996848,-43.361197
1940,31,PAMACIS ,GOOD,19.9,-23.631835,-46.735203
1964,13,LUEMIS MOIM ,GOOD,29,-22.887521,-43.283366
1967,43,RIRIMI ,GOOD,29.9,-25.4412212,-49.27769
1981,13,LIFM ,GOOD,,-22.887521,-43.283366
1984,43,SUSZAIGA ,FOOD,49.9,-25.4412212,-49.27769
1987,20,PIRPALA ,GOOD,29,-22.996848,-43.361197
1992,43,CZALLA PUIMS ,GOOD,29,-25.4412212,-49.27769
1996,51,META EASSU PURUMACU ,GOOD,29.9,-22.927336,-43.572533
1997,18,META EASSU PURUMACU ,GOOD,29.9,-22.94733,-43.183534
1999,43,META EASSU PURUMACU ,GOOD,29.9,-25.4412212,-49.27769
2002,44,META EASSU PURUMACU ,GOOD,29.9,-25.4351398,-49.3167883
2006,18,LUVAES ,GOOD,29,-22.94733,-43.183534
2007,26,ZIVIMUI ,GOOD,29.9,-23.563758,-46.652621
2008,8,META EASSU PURUMACU ,GOOD,29.9,-22.921475,-43.234822
2012,44,EURECA ,GOOD,29,-25.4351398,-49.3167883
2013,31,EURECA ,GOOD,29,-23.631835,-46.735203
2014,20,EURECA ,GOOD,29,-22.996848,-43.361197
2026,13,LU EUPAIMAR ,FOOD,49,-22.887521,-43.283366
2028,13,CZALLA PUIMS ,GOOD,29,-22.887521,-43.283366
2036,44,SUSZAIGA ,FOOD,49.9,-25.4351398,-49.3167883
2037,28,LUVAES ,GOOD,29,-23.595775,-46.685984
2043,31,IRUZZI ,GOOD,29.9,-23.631835,-46.735203
2047,17,LUVAS ,GOOD,29,-23.599551,-46.636755
2049,17,SIRLE MUMUAS ,GOOD,29.9,-23.599551,-46.636755
2050,33,IRUZZI ,GOOD,29.9,-23.579067,-46.594006
2052,13,AERUIR  ,GOOD,,-22.887521,-43.283366
2055,8,SIMUI LIMOI ,GOOD,29,-22.921475,-43.234822
2060,43,FIPRACI EA MPECILIMU ,FOOD,49.9,-25.4412212,-49.27769
2061,42,FIPRACI EA MPECILIMU ,FOOD,49.9,-25.438766,-49.266532
2070,31,PA PISACI ,GOOD,29.9,-23.631835,-46.735203
2073,21,PIMOURI ,GOOD,29,-23.550407,-46.721291
2074,42,PUPALU RAS ,FOOD,49.9,-25.438766,-49.266532
2078,13,MIRMUVAVI,GOOD,29.9,-22.887521,-43.283366
2079,13,ARIGAMIRAUR ,GOOD,29.9,-22.887521,-43.283366
2080,8,SIRGU PASMPEOL ,GOOD,29,-22.921475,-43.234822
2097,33,CICIU SZIS ,GOOD,29,-23.579067,-46.594006
2109,21,ZIVIAIMIS ,GOOD,29,-23.550407,-46.721291
2110,27,CRAIRAGIS ,GOOD,29,-23.622995,-46.699204
2112,51,PIMRIMA ,FOOD,49.9,-22.926904,-43.572533
2118,8,ZIPU ,GOOD,29,-22.921475,-43.234822
2136,27,CAI RIRAMARI ,GOOD,29.9,-23.622995,-46.699204
2137,33,RUSURVI ,GOOD,29.9,-23.579067,-46.594006
2138,33,QUAGSALVUR ,GOOD,29,-23.579067,-46.594006
2139,33,EAVAMI FIGOI ,FOOD,49.9,-23.579067,-46.59282
2142,43,ILZI I TRAPRIS ,FOOD,49.9,-25.4412212,-49.27769
2149,43,VUG U LUV ,FOOD,49.9,-25.4412212,-49.27769
2150,31,IRMU UR RUMILZIS ,GOOD,29,-23.631835,-46.735203
2156,43,RO PISMUAS ,FOOD,49.9,-25.4412212,-49.27769
2161,28,EAVAMI FIGOI ,FOOD,49.9,-23.595775,-46.685984
2167,25,CIPIOURMU ,GOOD,29,-23.570765,-46.642043
2168,17,IMICIPRA ,GOOD,29.9,-23.599551,-46.636755
2169,31,AMACI RAMIMA ,GOOD,,-23.631835,-46.735203
2170,37,SIZMUO RICAUMS ,FOOD,49.9,-23.507105,-46.718197
2181,13,LILI CISRUMACS ,GOOD,29,-22.887521,-43.283366
2188,44,RO PISMUAS ,FOOD,49.9,-25.4351398,-49.3167883
2189,42,RO PISMUAS ,FOOD,49.9,-25.438766,-49.266532
2193,21,RIOPULLAMU ,GOOD,,-23.550407,-46.721291
2198,13,AZASSARI ,GOOD,29,-22.887521,-43.283366
2211,35,IMRISFURI SPIRM MUMRAMAIM ,GOOD,29.9,-22.97315,-43.370811
2216,18,PAMACIS ,GOOD,29.9,-22.94733,-43.183534
2221,33,MUG ,GOOD,29,-23.579067,-46.594006
2229,42,MUG ,GOOD,29,-25.438766,-49.266532
2233,31,MAP MIP ,GOOD,29.9,-23.629826,-46.735203
2244,17,PUGUM ,GOOD,29.9,-23.599551,-46.636755
2249,20,EU POI MI ILRIMI ,FOOD,0,-22.996848,-43.359636
2257,42,LOI CISROMACIS ,GOOD,29,-25.438766,-49.266532
2260,44,CZALLA PUIMS ,GOOD,29,-25.4351398,-49.3167883
2261,43,LOI CISROMACIS ,GOOD,29,-25.4412212,-49.27769
2264,33,MAP MIP ,GOOD,,-23.579067,-46.594006
2267,17,SIZ DA IMIA ,FOOD,49.9,-23.599551,-46.636755
2270,73,LIGGAPLUS,FOOD,,,
2274,27,LILI CISRUMACS ,GOOD,,-23.622995,-46.699204
2275,20,LILI CISRUMACS ,GOOD,29,-22.996848,-43.361197
2276,28,LILI CISRUMACS ,GOOD,29,-23.595775,-46.685984
2278,51,IPA EMUOU ,GOOD,,,
2292,37,AIEMAMIMU IU PRUSEM,GOOD,29,-23.507105,-46.718197
2306,13,ZIVIAIMIS ,GOOD,,-22.887521,-43.283366
2311,13,PAGAES ,GOOD,29.9,-22.887521,-43.283366
2313,36,IPALUPAES ,FOOD,49,-30.085743,-51.245997
2317,37,SIRSUMG ,GOOD,0,-23.507105,-46.718197
2326,37,CLUPU RULASSI ,GOOD,,-23.507105,-46.718197
2354,13,RIOIAMRUEUA,FOOD,49.9,-22.887521,-43.283366
2355,17,URPARAI IEUGI PULIMIS ,GOOD,29,-23.581713,-46.64582
2356,8,CAI RIRAMARI ,GOOD,29.9,-22.921475,-43.234774
2390,8,SIRLE MUMUAS ,GOOD,,-22.921475,-43.234822
2398,27,EAVAMI FIGOI ,FOOD,49.9,-23.622995,-46.699204
2400,75,CLUPU RULASSI ,GOOD,29.9,-25.477073,-49.28966
2403,42,CLUPU RULASSI ,GOOD,,-25.438766,-49.266532
2404,43,CLUPU RULASSI ,GOOD,29.9,-25.4412212,-49.27769
2413,51,RE GULIMURAI ,FOOD,,-22.927336,-43.572533
2414,75,CAI DA PUERI ,GOOD,29,-25.477073,-49.28966
2425,33,CMS ,GOOD,,-23.579067,-46.594003
2429,44,PUPALU RAS MUI ,FOOD,,-25.4351398,-49.3167883
2432,42,MUMUO PIVIRAIM ,FOOD,29.9,-25.438766,-49.266532
2433,75,MUMUO PIVIRAIM ,FOOD,29.9,-25.477073,-49.28966
2434,75,MZU PIEO SZIP ,GOOD,,-25.477073,-49.28966
2436,75,ZURAMG GAES ,GOOD,29.9,-25.477073,-49.28966
2439,37,PAZZI ZUM ,FOOD,49.9,-23.507105,-46.718197
2447,13,CISIS PUERI ,GOOD,29.9,-22.886774,-43.283164
2451,13,SUSMAMA ,GOOD,,-22.887521,-43.283366
2459,44,EUCI SGAM ,GOOD,29,-25.4351398,-49.3167883
2463,75,RIRG LISUR PURSIMILAMO ,GOOD,,-25.477073,-49.28966
2465,28,CIMSMIMCU ,GOOD,,-23.595775,-46.685984
2466,37,LUVAES ,GOOD,,-23.507105,-46.718197
2468,26,AIEMAMIMU IU PRUSEM,GOOD,29.9,-23.563758,-46.652621
2471,75,SIRSUMG ,GOOD,,-25.477073,-49.28966
2479,37,IRUZZI ,GOOD,29.9,-23.507105,-46.718197
2480,27,CLUPU RULASSI ,GOOD,29,-23.622995,-46.699204
2482,31,LICISMU ,GOOD,29,-23.631835,-46.735203
2489,75,CIRACIOU ,GOOD,29.9,-25.477073,-49.28966
2500,51,CEI ,GOOD,,-22.927336,-43.572533
2505,13,IRUZZI ,GOOD,29,-22.887521,-43.283366
2518,21,EUCI SGAM QUAISQA ,GOOD,29,-23.550407,-46.721291
2529,27,EUCI SGAM ,GOOD,29,-23.622995,-46.699204
2541,51,GIMA ,FOOD,49,-22.927336,-43.572533
2542,20,EUCI SGAM ,GOOD,29,-22.996848,-43.361197
2543,20,EUCI SGAM ,GOOD,29,-22.996848,-43.35981
2545,29,EUCI SGAM ,GOOD,29,-23.561053,-46.558976
2559,51,PIARU ,FOOD,,-22.927336,-43.572533
2583,43,PRURAIMUI ,FOOD,49.9,-25.4412212,-49.27769
2587,75,PEC PILIS ,FOOD,49,-25.477073,-49.28966
2595,8,USPIRMU FAMI SMIRU ,GOOD,,-22.921475,-43.234774
2604,21,GIPUMZIGUM ,GOOD,,-23.550407,-46.721291
2640,27,CZALLA PUIMS ,GOOD,29,-23.622995,-46.699204
2645,31,GRIME CRU ,GOOD,29.9,-23.629826,-46.735203
2658,75,LUI CISRUMACIS ,GOOD,29,-25.477073,-49.28966
2661,75,RALGLIMEAI ,GOOD,29,-25.477073,-49.28966
2664,75,ZIVIMUI ,GOOD,29,-25.477073,-49.28966
2700,26,MZU SUACU LIP ,FOOD,49.9,-23.563758,-46.652621
2703,75,MPECILIMUS PRISEMCICIU ,GOOD,29,-25.477073,-49.28966
2710,75,ZIVIAIMIS ,GOOD,29,-25.477073,-49.28966
2730,44,TRAF VURGO ,FOOD,49,-25.4351398,-49.3167883
2732,35,RO PRISMAUS ,FOOD,49,-22.96988,-43.370811
2734,51,PALLO MZU GRALA,FOOD,49.9,-22.926904,-43.572533
2749,51,PALLO PURGAR ,FOOD,49.9,-22.927336,-43.572533
2754,28,IMO IMO ,GOOD,29,-23.595215,-46.685984
2756,29,IMO IMO ,GOOD,29,-23.561053,-46.558976
2764,44,RUG ICUSSIRAIS AMFIMUAS ,GOOD,29,-25.4351398,-49.3167883
2785,37,GIPUMZIGUM ,GOOD,29,-23.507105,-46.718197
2800,75,LIVAM ,GOOD,29,-25.477073,-49.28966
2812,31,EAVAMI FIGOI ,FOOD,49.9,-23.629826,-46.735203
2816,27,IMO IMO ,GOOD,29.9,-23.622995,-46.699204
2836,75,RO COIGAUS ,FOOD,49,-25.477073,-49.28966
2861,44,CISI PIUEUEMI ,GOOD,29,-25.4351398,-49.3167883
2863,36,URPIRAI USSUMZI ,GOOD,29.9,-30.085743,-51.245997
2872,13,RALGLIMEAI ,GOOD,29.9,-22.887521,-43.283366
2888,75,CISI PIUEUEMI ,GOOD,0,-25.477073,-49.28966
2891,75,CISAMZI LIVURS ,FOOD,49,-25.477073,-49.28966
2894,42,LIVAIM ,FOOD,49.9,-25.438766,-49.266532
2904,8,OUMZIZ ,GOOD,29,-22.921475,-43.234822
2908,36,IPALUPAES ERAMGS ,FOOD,49.9,-30.085743,-51.245997
2917,17,RIOPULLAMU ,GOOD,29,-23.599551,-46.636755
2933,8,CISI PIUEUEMI ,GOOD,,-22.921475,-43.234822
2948,42,GUIRGUES ,FOOD,49.9,-25.438766,-49.266532
2954,29,MICI PULA,FOOD,0,-23.561053,-46.558976
2955,20,MICI PULA,FOOD,0,-22.996848,-43.35981
2956,18,MICI PULA,FOOD,49.9,-22.94733,-43.183534
2958,35,MICI PULA,FOOD,0,-22.96988,-43.370811
2959,33,MICI PULA,FOOD,0,-23.579067,-46.594006
2960,27,MICI PULA,FOOD,0,-23.622995,-46.699204
2962,25,MICI PULA,FOOD,0,-23.5707484,-46.642043
2963,17,MICI PULA,FOOD,0,-23.599551,-46.636755
2964,8,MICI PULA,FOOD,0,-22.921475,-43.234822
2971,51,AR FAM ,FOOD,49,-22.926904,-43.572533
2980,75,SUSZAIGA ,FOOD,49.9,-25.477073,-49.28966
3000,42,PIUARUR ,GOOD,29,-25.438766,-49.266532
3001,43,RULMACIASIS ,GOOD,29.9,-25.4412212,-49.27769
3008,75,FRUG FRIZUM ,FOOD,49.9,-25.477073,-49.28966
3012,43,CISI PIUEUEMI ,GOOD,29.9,-25.4412212,-49.27769
3016,18,RO PRISMAUS ,FOOD,49.9,-22.94733,-43.183534
3019,29,CISI PIUEUEMI ,GOOD,29,-23.561053,-46.558976
3021,43,CISI PILIME ,GOOD,49.9,-25.4412212,-49.27769
3048,35,CRUPULICOS ,FOOD,49.9,-22.96988,-43.370811
3060,29,PIGUE PIPACO ,FOOD,49.9,-23.561053,-46.558976
3062,25,CISI PIUEUEMI ,GOOD,29,-23.570169,-46.642043
3063,20,RIARIMUA,GOOD,29,-22.996848,-43.359636
3068,37,PIGUE PIPACO ,FOOD,49.9,-23.507105,-46.718197
3070,17,PIGUE PIPACO ,FOOD,49.9,-23.599551,-46.636755
3071,31,PIGUE PIPACO ,FOOD,49.9,-23.631835,-46.735203
3077,75,PIP RU ,GOOD,29.9,-25.477073,-49.28966
3091,25,PIGUE PIPACO ,FOOD,49.9,-23.570765,-46.642043
3097,26,PIGUE PIPACO ,FOOD,49.9,-23.563758,-46.652621
3105,27,PIGUE PIPACO ,FOOD,49.9,-23.622995,-46.699204
3117,8,PIPS ,FOOD,49.9,-22.921475,-43.234822
3128,20,GAMGS ,GOOD,29.9,-22.996848,-43.359636
3162,37,RULMACIASIS ,GOOD,29.9,-23.507105,-46.718197
3172,44,ZIVIMUI ,GOOD,29,-25.4351398,-49.3167883
3182,51,MAR ,GOOD,29,-22.927336,-43.572533
3183,8,MAR ,GOOD,29,-22.921475,-43.234822
3185,13,MAR ,GOOD,29,-22.887521,-43.283366
3218,27,RUG ICUSSIRAIS AMFIMUAS ,GOOD,39,-23.622995,-46.699204
3222,20,PIRMI DA SIPIR ,FOOD,49.9,-22.996848,-43.361197
3230,42,SUSZA OIRI ,FOOD,49,-25.438766,-49.266532
3254,28,PIMOURUA,FOOD,49,-23.595775,-46.685984
3265,37,EAVAMI FIGOI ,FOOD,49.9,-23.507105,-46.718197
3279,44,SALITO ,GOOD,29,-25.4351398,-49.3167883
3284,31,MZU PIEO SZIP ,GOOD,29.9,-23.629826,-46.735203
3285,25,MZU PIEO SZIP ,GOOD,29.9,-23.570169,-46.642043
3296,29,PRAGIEURAI ,FOOD,49,-23.561053,-46.558976
3322,13,USPIMI RUPRI MUGRI ,GOOD,29.9,-22.887521,-43.283366
3324,36,LIS RUS ,FOOD,49,-30.085743,-51.245997
3325,33,META EASSU PURUMACU ,GOOD,29,-23.579067,-46.59282
3365,31,RIOPULLAMU ,GOOD,29,-23.629826,-46.735203
3370,28,PUGUM ,GOOD,29,-23.595775,-46.685984
3388,43,SURIMRI ,GOOD,29,-25.4412212,-49.27769
3393,20,UV LAMU ,GOOD,29,-22.996848,-43.359636
3394,8,UV LAMU ,GOOD,29,-22.921475,-43.234822
3401,43,FRUEOU ,FOOD,49.9,-25.4412212,-49.27769
3402,44,FRUEOU ,FOOD,49,-25.4351398,-49.3167883
3403,75,FRUEOU ,FOOD,49,-25.477073,-49.28966
3404,42,FRUEOU ,FOOD,49.9,-25.438766,-49.266532
3405,27,PAMOIPIMG ,GOOD,29.9,-23.622995,-46.699204
3406,20,QUAGSALVUR ,GOOD,29.9,-22.996848,-43.359636
3412,75,RO PISMUAS ,FOOD,49.9,-25.477073,-49.28966
3418,25,IMACIS CIRIA,GOOD,29.9,-23.570169,-46.642043
3420,18,MZU PIEO SZIP ,GOOD,29.9,-22.94733,-43.183534
3422,3,EURECA ,GOOD,,-30.0374149,-51.20352
3432,43,RIOPULLAMU ,GOOD,29,-25.4412212,-49.27769
3433,13,GRIME CRU ,GOOD,29,-22.887521,-43.283366
3434,33,I PIMACIRAI ,GOOD,29,-23.579067,-46.59282
3450,13,GIMAMI ,FOOD,,-22.887521,-43.283366
3451,37,PUGUM ,GOOD,29,-23.507105,-46.718197
3460,75,CIRIOURI PURGAR ,FOOD,29,-25.477073,-49.28966
3468,75,RIVUMOI MRIMUIRAI ,FOOD,49,-25.477073,-49.28966
3490,25,IMO IMO ,GOOD,29,-23.570765,-46.642043
3491,31,IMO IMO ,GOOD,29,-23.631835,-46.735203
3492,17,IMO IMO ,GOOD,29,-23.599551,-46.636755
3493,33,IMO IMO ,GOOD,29,-23.579067,-46.594006
3497,26,IMO IMO ,GOOD,29,-23.563758,-46.652621
3498,37,IMO IMO ,GOOD,29,-23.507105,-46.718197
3500,13,MIA ,FOOD,29,-22.887521,-43.283366
3509,51,GASSA ,FOOD,49.9,-22.927336,-43.572533
3510,13,PAIRUMOU ,GOOD,29.9,-22.887521,-43.283366
3512,75,GOI SIPIMUSU ,FOOD,49,-25.477073,-49.28966
3528,51,ZIM M MUMEUR ,FOOD,49.9,-22.927336,-43.572533
3530,43,PRIMI U IRMU ,GOOD,29,-25.4412212,-49.27769
3535,25,CZALLA PUIMS ,GOOD,29,-23.570765,-46.642043
3541,44,SUGIR PIGURO ,FOOD,49,-25.4351398,-49.3167883
3546,37,RIUSSUCIGU ,FOOD,49,-23.507105,-46.718197
3553,13,ILUMGI PRISMAUS ,GOOD,29,-22.887521,-43.283366
3588,35,IRUZZI ,GOOD,49,-22.97315,-43.370811
3595,43,IASZPILITA ,FOOD,49.9,-25.4412212,-49.27769
3609,42,ZIZULO ,GOOD,29,-25.438766,-49.266532
3612,36,IMIA CIMCUPM ,FOOD,29,-30.085743,-51.245997
3615,33,GAIVIMUI PIPO ,GOOD,29,-23.579067,-46.594006
3625,13,CIPRU ,FOOD,49,-22.887521,-43.283366
3627,13,O GARI! ,FOOD,49,-22.887521,-43.283366
3631,8,GIPUMZIGUM ,GOOD,29,-22.921475,-43.234822
3639,21,SUCOI LIMTRAS ,FOOD,49,-23.550407,-46.721291
3641,13,MRUS GIROUS ,FOOD,49,-22.887521,-43.283366
3644,75,ASOI ,FOOD,29,-25.477073,-49.28966
3646,43,ZIZULO ,GOOD,29,-25.4412212,-49.27769
3648,8,PAMACIS ,GOOD,29.9,-22.921475,-43.234822
3688,21,SIFASMAQA ,GOOD,29,-23.550407,-46.721291
3694,51,VALLUES CIOLA E CIGU CIE ,FOOD,,-22.927336,-43.572533
3711,44,RIRAI IMIA ,FOOD,49,-25.4351398,-49.3167883
3712,75,RIRAI IMIA ,FOOD,49,-25.477073,-49.28966
3721,27,PUPALUGALA,FOOD,49.9,-23.622995,-46.699204
3723,17,CZALLA PUIMS QSQ ,GOOD,29,-23.599551,-46.636755
3728,13,MU PURGAR ,FOOD,,-22.887521,-43.283366
3752,86,PRIGRIR ,GOOD,29,-23.54150197,-46.57671799
3766,21,MRIRI LIP ,GOOD,29,-23.550407,-46.721291
3767,86,PIARUGGAI ,FOOD,49,-23.54150197,-46.57671799
3770,51,OUR ZOLAI ,FOOD,49,-22.927336,-43.572533
3778,33,PAZZI ZUM ,FOOD,49.9,-23.579067,-46.594006
3780,75,SIZMUO RICAUMS ,FOOD,49.9,-25.477073,-49.28966
3804,37,TRAPRAM POI ,FOOD,49,-23.507105,-46.718197
3808,75,SPICU CISU ,GOOD,,-25.477073,-49.28966
3821,35,PIRMI DA SIPIR ,FOOD,49,-22.97315,-43.370811
3822,37,SITAO OUCUS ,FOOD,49,-23.507105,-46.718197
3832,21,GIOUG ,GOOD,29.9,-23.550407,-46.721291
3835,91,MUG ,GOOD,29,-19.8753564,-43.9252624
3847,86,IRIR OIS PUOUMIS ,FOOD,49,-23.54150197,-46.57671799
3862,27,SIRSUMG ,GOOD,0,-23.622995,-46.6986074
3884,20,IRUZZI ,GOOD,29,-22.996848,-43.361197
3902,26,CIRIRIOU CIRIROI ,FOOD,49.9,-23.563758,-46.652621
3916,75,PIPS ,FOOD,0,-25.477073,-49.28966
3919,43,SALVAI OURAMG ,GOOD,29,-25.4412212,-49.27769
3920,25,PUPALUGALA,FOOD,49,-23.570765,-46.642043
3930,16,PALLO MZU GRALA,FOOD,49.9,-23.020709,-43.4897
3935,75,MRAIRAEMA ,FOOD,49,-25.4351398,-49.28966
3936,85,MIUMSAU ,FOOD,49,-23.51525271,-46.6183535
3937,44,MRAIRAEMA ,FOOD,49,-25.4351398,-49.3167883
3938,44,SFAZI GRALA,FOOD,49,-25.4351398,-49.3167883
3943,44,GARIOLIS ,FOOD,49,-25.4351398,-49.3167883
3961,20,OULU! RUSACIMI ,FOOD,49.9,-22.996848,-43.361197
3965,28,PAZZI ZUM ,FOOD,49.9,-23.595775,-46.685984
3966,85,PAZZI ZUM ,FOOD,49.9,-23.51525271,-46.6183535
3968,85,POILA ,FOOD,49,-23.5133533,-46.6183535
3973,85,GRIME CRU ,GOOD,29.9,-23.5133533,-46.6183535
3984,85,VAOU SIUOUVUA,FOOD,49,-23.5133533,-46.6183535
3986,85,VUGIM LIVURS ,FOOD,49,-23.5155164,-46.6183535
3987,85,POI ILARUMUIMOI ,FOOD,49,-23.5133533,-46.6183535
3995,85,USIFLUS ,GOOD,29,-23.51525271,-46.6183535
3996,85,PASCIAMU ,FOOD,49,-23.51525271,-46.6183535
4002,43,IMIA VAMOI RISI ,FOOD,49,-25.4412212,-49.27769
4003,85,EA POILI ,FOOD,49,-23.51525271,-46.6183535
4009,33,CILVAM GLUAM ,GOOD,29.9,-23.579067,-46.594006
4012,13,CICI PIRPU ,FOOD,0,-22.887521,-43.283366
4015,37,GARIOLIS ,FOOD,49,-23.507105,-46.718197
4016,85,FACZAPS ,FOOD,49,-23.51525271,-46.6183535
4022,18,RALGLIMEAI ,FOOD,49,-22.94733,-43.183534
4023,8,RALGLIMEAI ,FOOD,49,-22.921475,-43.234822
4025,37,RIARIZAMI ,FOOD,49.9,-23.507105,-46.718197
4026,25,RIARIZAMI ,FOOD,49.9,-23.570765,-46.642043
4058,85,MICI PULA,FOOD,49,-23.51525271,-46.6183535
4064,85,I CRUPURAI ,FOOD,49,-23.5133533,-46.6183535
4072,44,SUCOI LIMTRAS ,FOOD,49,-25.4351398,-49.3167883
4097,51,SMITAUR SMUIGZIUSU ,FOOD,49,-22.927336,-43.572533
4105,8,SZIPUAMG MASUCI ,GOOD,,-22.92706,-43.2385163
4109,17,SZIPUAMG RUMRI SIMUI CRUZ ,GOOD,,-23.598468,-46.636687
4110,31,SZIPUAMG SIREAR SUA,GOOD,,-23.6308517,-46.735398
4121,21,PIEO FIR SURU ,GOOD,29,-23.550407,-46.721291
4132,43,RIMI CURVUSUARI ,FOOD,49,-25.4412212,-49.27769
4139,86,MIAOIMG ,FOOD,49,-23.54150197,-46.57671799
4142,18,CIRIROI U CAI ,FOOD,49.9,-22.94733,-43.183534
4151,85,OIGPUARO ,FOOD,49.9,-23.5133533,-46.6184904
4153,44,PIP CIRM GIUARUM ,FOOD,49,-25.4351398,-49.3167883
4157,51,IARIZOR FAM ,GOOD,49,-22.927336,-43.572533
4159,29,OIGPUARO ,FOOD,49.9,-23.561053,-46.558976
4161,26,ZIPU ,GOOD,29,-23.563758,-46.652621
4164,26,IMUAS ,GOOD,29,-23.563758,-46.652621
4165,26,IMICIPRA ,GOOD,29,-23.563758,-46.652621
4167,26,STRAMZ ,GOOD,29,-23.563758,-46.652621
4170,26,ZIAGIA ,GOOD,29,-23.563758,-46.652621
4171,26,MRICA E FAULE ,GOOD,29.9,-23.563758,-46.652621
4181,26,ZIVIAIMIS ,GOOD,29,-23.563758,-46.652621
4184,26,LUPI ,GOOD,29,-23.563758,-46.652621
4195,26,IRUZZI ,GOOD,29,-23.563758,-46.652621
4199,26,I PIMACIRAI ,GOOD,29,-23.563758,-46.652621
4200,8,OIGIPUARRO ,FOOD,49,-22.921475,-43.234822
4201,85,ZIVIMUI ,GOOD,49,-23.5133533,-46.6184904
4202,26,RAZIPAO ,GOOD,29,-23.563758,-46.652621
4203,22,IRULAU CRUPURAU ,FOOD,49,-23.001696,-43.386494
4204,22,SIZI FOIE ERAMGS ,FOOD,49,-23.001696,-43.386494
4206,85,USPUMI RIMAI ,FOOD,49,-23.5133533,-46.6184904
4207,16,ARE PIMUAUR ,FOOD,49,-23.020709,-43.4897
4208,26,MAP MIP ,GOOD,29,-23.563758,-46.652621
4210,33,RCOUMILES ,FOOD,,-23.579067,-46.594006
4211,29,RCOUMILES ,FOOD,,-23.561053,-46.558976
4213,17,RCOUMILES ,FOOD,,-23.599551,-46.636755
4214,44,RCOUMILES ,FOOD,,-25.4351398,-49.3167883
4243,85,IMO IMO ,GOOD,29,-23.5133533,-46.6184904
4245,33,ZAMZIMU ,GOOD,29,-23.579067,-46.594006
4255,85,URPIRAI VAGMIRIZZA ,GOOD,49,-23.5133533,-46.6184904
4262,85,CIPIOURMU ,GOOD,29,-23.5133533,-46.6184904
4264,85,SALITO ,GOOD,29.9,-23.5133533,-46.6184904
4266,75,SALITO ,GOOD,29.9,-25.477073,-49.28966
4271,17,RAMA GILZIMU ,FOOD,49,-23.599551,-46.636755
4272,75,ILACU SILIZIR ,GOOD,29,-25.477073,-49.28966
4292,75,P PAZZI ,FOOD,49,-25.477073,-49.28966
4296,85,MZU PIEO SZIP ,GOOD,29,-23.5133533,-46.6184904
4299,21,ZISARIS ,GOOD,29.9,-23.550407,-46.721291
4300,33,SIM RIRZIMI ,FOOD,49.9,-23.579067,-46.594006
4302,42,IMIA VAMOI RISI ,FOOD,49,-25.438766,-49.266532
4305,20,RCOUMILES ,FOOD,0,-22.996848,-43.361197
4314,25,RCOUMILES ,FOOD,,-23.570765,-46.642043
4315,27,RCOUMILES ,FOOD,0,-23.622995,-46.699204
4316,43,RCOUMILES ,FOOD,0,-25.4412212,-49.27769
4317,85,PIRPALA ,GOOD,29,-23.5133533,-46.6184904
4320,21,CAI RIRAMARI ,GOOD,29,-23.550407,-46.721291
4328,27,LUPI ,GOOD,29,-23.622995,-46.699204
4329,55,MUSPUO SMIRU ,GOOD,1,-23.5217758,-46.6241516
4334,44,SILSI GRALA,FOOD,,-25.4351398,-49.3167883
4335,20,PASCIAMU ,FOOD,49,-22.996848,-43.361197
4336,26,MAR ,GOOD,29,-23.563758,-46.652621
4344,31,CIRACIOU ,GOOD,1,-23.631835,-46.735203
4347,36,CIRACIOU ,GOOD,1,-30.085743,-51.245997
4348,28,CIRACIOU ,GOOD,1,-23.595775,-46.685984
4352,35,CIRACIOU ,GOOD,1,-22.97315,-43.370811
4354,33,RUA DA RIMU ,FOOD,49.9,-23.579067,-46.594006
4355,13,CIRACIOU ,GOOD,1,-22.887521,-43.283366
4373,86,MICI PULA,FOOD,49,-23.54150197,-46.57671799
4386,28,SALITO ,GOOD,29.9,-23.595775,-46.685984
4388,29,RIOPULLAMU ,GOOD,29.9,-23.561053,-46.558976
4389,85,RUMAR ,GOOD,1,-23.5133533,-46.6184904
4396,85,LAZ ,GOOD,29,-23.5133533,-46.6184904
4398,37,ILACU SILIZIR ,GOOD,29,-23.507105,-46.718197
4402,51,PIMUCI DA RIMILI ,FOOD,49,-22.927336,-43.572533
4403,13,GIPUMZIGUM QSQ  ,GOOD,29,-22.887521,-43.283366
4434,35,GIPUMZIGUM ,GOOD,49,-22.97315,-43.370811
4439,75,IMI MURUZI ,GOOD,49,-25.477073,-49.28966
4440,75,CICIU SZIS ,GOOD,49,-25.477073,-49.28966
4441,35,RIRASIA,GOOD,29,-22.97315,-43.370811
4442,35,CIMSMIMCU ,GOOD,29,-22.97315,-43.370811
4443,75,GIPUMZIGUM ,GOOD,49,-25.477073,-49.28966
4447,35,LU PISMATRA ,GOOD,,-22.97315,-43.370811
4448,35,ZIPU ,GOOD,29,-22.97315,-43.370811
4449,35,CUMOIARAS ,GOOD,29,-22.97315,-43.370811
4451,13,CZALLA PUIMS ,GOOD,49.9,-22.887521,-43.283366
4452,43,GIPUMZIGUM ,GOOD,49,-25.4412212,-49.27769
4453,42,GIPUMZIGUM ,GOOD,49,-25.438766,-49.266532
4459,13,GAESMIG ,GOOD,29,-22.887521,-43.283366
4462,37,RIRIMI ,GOOD,29,-23.507105,-46.531521
4467,37,MAP MIP ,GOOD,29.9,-23.507105,-46.718197
4483,85,SIGO ,GOOD,29,-23.5133533,-46.6184904
4484,35,VAI RAI ,GOOD,29,-22.97315,-43.370811
4488,36,RIARI RAI ,FOOD,49,-30.085743,-51.245997
4489,29,LALACI E MAGIR ,GOOD,,-23.561053,-46.558976
4491,13,MIRMU SZIPUAMG ,GOOD,,-22.8874999,-43.2848835
4498,85,ARIGAMIRAUR ,GOOD,49,-23.5133533,-46.6184904
4510,33,OIGPUARO ,FOOD,,-23.579067,-46.594006
4512,20,CIRIROI U CAI ,FOOD,49.9,-22.996848,-43.361197
4524,35,RALIM ,GOOD,29,-22.97315,-43.370811
4531,37,IRMURAZI SIAIS ,GOOD,49,-23.507105,-46.718197
4553,85,CIARUM SMUOLUMS ,GOOD,,-23.5133533,-46.6184904
4556,37,RIMAI EU TRAPRISCI ,FOOD,49,-23.507105,-46.718197
4558,86,MIAF ,GOOD,49,-23.54150197,-46.57671799
4559,85,MIAF ,GOOD,49,-23.5133533,-46.6184904
4564,25,ZIVIMUI ,GOOD,49,-23.570765,-46.642043
4567,85,PUGUM ,GOOD,49,-23.5133533,-46.6184904
4568,85,SAEUSILG ,GOOD,49,-23.5133533,-46.6184904
4572,85,RIRO RIUGU ,GOOD,49,-23.5133533,-46.6184904
4585,85,IRUZZI ,GOOD,49,-23.5133533,-46.6184904
4587,85,PIPUARIGAI ,GOOD,49,-23.5133533,-46.6184904
4596,44,LUAZI PIRCULIS ,GOOD,29,-25.4351398,-49.3167883
4605,85,USPIMI PRIMI ,GOOD,49,-23.5133533,-46.6184904
4611,36,SUSZAIGA ,FOOD,49,-30.085743,-51.245997
4624,27,RUMAR ,GOOD,0,-23.622995,-46.699204
4625,8,RUMAR ,GOOD,0,-22.921475,-43.234822
4637,16,AR TRAMUO ,FOOD,,-23.020709,-43.4897
4645,44,AIEMAMIMU UM PRIVUMCU ,GOOD,29.9,-25.4351398,-49.3167883
4648,86,ILAPIARUGAIMI ,FOOD,49.9,-23.54150197,-46.57671799
4650,25,CICI PIRPU ,FOOD,0,-23.570765,-46.642043
4660,85,CIRUMOI ,GOOD,49.9,-23.5133533,-46.6184904
4664,29,CIRUMOI ,GOOD,49,-23.561053,-46.558976
4669,21,CIRUMOI ,GOOD,29,-23.550407,-46.721291
4671,25,CIRUMOI ,GOOD,49.9,-23.570765,-46.642043
4675,13,SIMUI LIMOI ,GOOD,29,-22.887521,-43.283366
4676,75,PAMACIS ,GOOD,49.9,-25.477073,-49.28966
4679,85,PIGUE PIPACO ,FOOD,49.9,-23.5133533,-46.6184904
