"Date","USO"
2007-01-03,-0.0426355830478908
2007-01-04,-0.0406883181907562
2007-01-05,0.00928472271122005
2007-01-08,-0.0071085090065437
2007-01-09,-0.00400090528528507
2007-01-10,-0.0410147577381557
2007-01-11,-0.0224867940368871
2007-01-12,0.00654039242219207
2007-01-16,-0.0289043462042494
2007-01-17,0.0203045916012921
2007-01-18,-0.0223880818094058
2007-01-19,0.0277585010409438
2007-01-22,-0.0132793157776276
2007-01-23,0.0412865419708028
2007-01-24,0.00985752421215658
2007-01-25,-0.0180042957919433
2007-01-26,0.022310558869008
2007-01-29,-0.0283059210956335
2007-01-30,0.0531465409573817
2007-01-31,0.0185811018036084
2007-02-01,-0.00829191507910787
2007-02-02,0.0313545150501673
2007-02-05,-0.00486424807458463
2007-02-06,0.00224034632343573
2007-02-07,-0.0195082101099007
2007-02-08,0.0310880829015545
2007-02-09,0.00482416080402004
2007-02-12,-0.0324065400117407
2007-02-13,0.020467273526303
2007-02-14,-0.018435980177553
2007-02-15,-0.00206404536503524
2007-02-16,0.0206825241233723
2007-02-20,-0.0137791292311704
2007-02-21,0.0244504427553089
2007-02-22,0.00942641377002795
2007-02-23,0.00258289280417667
2007-02-26,0.00871983766785256
2007-02-27,-0.0186640660642803
2007-02-28,0.0246246041116196
2007-03-01,0.00117237202032028
2007-03-02,-0.00448875860699605
2007-03-05,-0.0272495403744184
2007-03-06,0.0141072352701983
2007-03-07,0.0192766494435612
2007-03-08,0
2007-03-09,-0.0230064335541736
2007-03-12,-0.0151666929721274
2007-03-13,-0.00830798412595679
2007-03-14,0.00408663678150067
2007-03-15,-0.00956453010916836
2007-03-16,-0.00513663468817072
2007-03-19,0.00578279660399827
2007-03-20,-0.00492817238340504
2007-03-21,0.00701609589385255
2007-03-22,0.0282787095958752
2007-03-23,0.00777202072538863
2007-03-26,0.011864702392723
2007-03-27,0.000586339675057168
2007-03-28,0.0156249801635746
2007-03-29,0.0311538269230769
2007-03-30,-0.00503545328301858
2007-04-02,0.00393632629564489
2007-04-03,-0.0205377516703182
2007-04-04,-0.00247802139683617
2007-04-05,-0.00611511537874576
2007-04-09,-0.0319169402775213
2007-04-10,0.00516391281683859
2007-04-11,-0.00296388059743358
2007-04-12,0.023583095988567
2007-04-13,-0.00251697957339858
2007-04-16,-0.00621116071428574
2007-04-17,-0.0177734371528626
2007-04-18,-0.00298274004806631
2007-04-19,-0.0183485843308453
2007-04-20,0.0168630228187114
2007-04-23,0.0233766638037296
2007-04-24,-0.0162046463060397
2007-04-25,0.0184560630771198
2007-04-26,-0.00740454014029623
2007-04-27,0.0176678645007433
2007-04-30,-0.0115740354938273
2007-05-01,-0.0171741015935167
2007-05-02,-0.0152899321824873
2007-05-03,-0.00625128050010093
2007-05-04,-0.0198863640399018
2007-05-07,-0.00496890279438722
2007-05-08,0.0120682061575488
2007-05-09,-0.012952323457079
2007-05-10,0.00291614259179918
2007-05-11,0.0087226995338443
2007-05-14,-0.000205867819641714
2007-05-15,0.00885504512242496
2007-05-16,-0.00938973221515693
2007-05-17,0.0335874929649185
2007-05-18,-0.00119621212121201
2007-05-21,0.0143712979788941
2007-05-22,-0.0177096025186935
2007-05-23,0.00500801302115428
2007-05-24,-0.02471592683739
2007-05-25,0.0116492949110976
2007-05-29,-0.0222221818181818
2007-05-30,-0.00392568165596352
2007-05-31,0.015556938717215
2007-06-01,0.0102124185092405
2007-06-04,0.0179943190051419
2007-06-05,-0.00655408169033089
2007-06-06,0.00579770091963216
2007-06-07,0.00675811952379002
2007-06-08,-0.0313919237357582
2007-06-11,0.0158988785996967
2007-06-12,-0.00561795746388449
2007-06-13,0.0106940877583921
2007-06-14,0.0201636654022759
2007-06-15,0.00841489269725604
2007-06-18,0.0118377646388079
2007-06-19,-0.000383582669420512
2007-06-20,-0.010936301054035
2007-06-21,0.000969912724925637
2007-06-22,0.00562017463644104
2007-06-25,0.00134900754189649
2007-06-26,-0.0161662820663258
2007-06-27,0.0148670190701685
2007-06-28,0.0113723976219662
2007-06-29,0.0101009908499905
2007-07-02,0.00999998113207545
2007-07-03,0.000186848499660996
2007-07-05,0.0113933692306059
2007-07-06,0.00978758966620163
2007-07-09,-0.00603514996342358
2007-07-10,0.00680778313920083
2007-07-11,-0.00109650948288553
2007-07-12,0.00146362971094027
2007-07-13,0.0146145226666232
2007-07-16,0.00396105502410782
2007-07-17,-0.0021520624875202
2007-07-18,0.0168943748543202
2007-07-19,0.00883704457981471
2007-07-20,-0.00140157668529861
2007-07-23,-0.0108771754385965
2007-07-24,-0.0216388963881006
2007-07-25,0.0413342820884699
2007-07-26,-0.021239519868376
2007-07-27,0.0270366590708526
2007-07-30,-0.00415659840122617
2007-07-31,0.0179130260869564
2007-08-01,-0.013155663986941
2007-08-02,-0.00103872926034387
2007-08-03,-0.0218371226718003
2007-08-06,-0.0396881296897259
2007-08-07,0.00295202946582962
2007-08-08,-0.00165564750449498
2007-08-09,-0.00902894785332609
2007-08-10,-0.0026031982633542
2007-08-13,0.00391497024449983
2007-08-14,0.00705667621380401
2007-08-15,0.0165959985248019
2007-08-16,-0.0281153450369065
2007-08-17,0.00839859991046654
2007-08-20,-0.00906899887227464
2007-08-21,-0.0207321811592793
2007-08-22,-0.00152588212855231
2007-08-23,0.00573073565351434
2007-08-24,0.0188033611090841
2007-08-27,0.0128635908438401
2007-08-28,-0.00552186616889883
2007-08-29,0.0281325194916255
2007-08-30,-0.000900072023403586
2007-08-31,0.00504502702702703
2007-09-04,0.017389763667798
2007-09-05,0.00898674889867856
2007-09-06,0.00646180602381441
2007-09-07,0.00225571746910092
2007-09-10,0.0178324625288249
2007-09-11,0.0028916141709201
2007-09-12,0.0176390946003917
2007-09-13,0.00283330000000004
2007-09-14,-0.00631538993901914
2007-09-17,0.0147181298759302
2007-09-18,0.0227460201993084
2007-09-19,-0.00370667209841535
2007-09-20,0.0134261080556455
2007-09-21,-0.00814051051426934
2007-09-24,-0.00514964604360557
2007-09-25,-0.0121319961177613
2007-09-26,0.0103160471589978
2007-09-27,0.0282009395753495
2007-09-28,-0.0140290040042403
2007-10-01,-0.0153477060806987
2007-10-02,0.000649472316934574
2007-10-03,-0.00551679367975355
2007-10-04,0.0215369551062661
2007-10-05,-0.00527075538618826
2007-10-08,-0.0244059252473654
2007-10-09,0.0105333117357904
2007-10-10,0.0162866444206304
2007-10-11,0.0190704801579975
2007-10-12,0.00644755464695712
2007-10-15,0.029531234375
2007-10-16,0.0165427836779903
2007-10-17,-0.00522552977490898
2007-10-18,0.023112728040495
2007-10-19,-0.0151092713835785
2007-10-22,-0.00893652083611141
2007-10-23,-0.0106702583307747
2007-10-24,0.0326598957113811
2007-10-25,0.0314798456246024
2007-10-26,0.0149742577734917
2007-10-29,0.0186876779173155
2007-10-30,-0.0408275724137931
2007-10-31,0.0536381355530897
2007-11-01,-0.0150129527096882
2007-11-02,0.0302064578136747
2007-11-05,-0.010894378235222
2007-11-06,0.0244764070645036
2007-11-07,-0.0114148267276256
2007-11-08,-0.00537058249044386
2007-11-09,0.00931418711354803
2007-11-12,-0.026748697074309
2007-11-13,-0.0252851047939441
2007-11-14,0.0235443112928237
2007-11-15,-0.00413216264826888
2007-11-16,0.0221299990817427
2007-11-19,0.0079837074970579
2007-11-20,0.0382601433282359
2007-11-21,-0.0116368508733824
2007-11-23,0.00418628979104407
2007-11-26,-0.0066441113433009
2007-11-27,-0.0255737311475409
2007-11-28,-0.0336473741461356
2007-11-29,-0.00222846787346231
2007-11-30,-0.0241484509233453
2007-12-03,0.0113001423944989
2007-12-04,-0.0183874830998931
2007-12-05,-0.0102305472556037
2007-12-06,0.033920438668789
2007-12-07,-0.0223880184055766
2007-12-10,-0.00100819530462348
2007-12-11,0.0129757927771657
2007-12-12,0.0518075704011509
2007-12-13,-0.00987826766229305
2007-12-14,-0.0124367367073046
2007-12-17,-0.00512043993577527
2007-12-18,-0.0108498819147292
2007-12-19,0.0146252423762447
2007-12-20,-0.000693056113844626
2007-12-21,0.0235784333863645
2007-12-24,0.00203243894177074
2007-12-26,0.0265044905951788
2007-12-27,0.00447893534559696
2007-12-28,-0.00472132459016394
2007-12-31,-0.00171296615776739
2008-01-02,0.0357708411887316
2008-01-03,-0.00127434686791961
2008-01-04,-0.0135256470514619
2008-01-07,-0.0234122111864495
2008-01-08,0.00741719205297997
2008-01-09,-0.0106494612319079
2008-01-10,-0.0163455548172757
2008-01-11,-0.0125641858645307
2008-01-14,0.0158708997603447
2008-01-15,-0.0197979932659932
2008-01-16,-0.0127782496946723
2008-01-17,-0.0114126516746736
2008-01-18,0.00718009301957045
2008-01-22,-0.0138383839273359
2008-01-23,-0.0148831035485569
2008-01-24,0.0205755395683453
2008-01-25,0.0138164951360495
2008-01-28,0.00611867578257952
2008-01-29,0.00870774039275024
2008-01-30,0.00137022466277514
2008-01-31,-0.00998910755366422
2008-02-01,-0.0259847553831308
2008-02-04,0.0127714202813762
2008-02-05,-0.017094030386968
2008-02-06,-0.0161084100895678
2008-02-07,0.0113011595755357
2008-02-08,0.0444125912143585
2008-02-11,0.0226337579524347
2008-02-12,-0.0128773569599991
2008-02-13,0.0070662457978663
2008-02-14,0.0222642150551313
2008-02-15,0.0022439017359055
2008-02-19,0.0379296457263267
2008-02-20,0.00647128553410181
2008-02-21,-0.0250882249117499
2008-02-22,0.0164230695351593
2008-02-25,0.0017811705287829
2008-02-26,0.0172720349827797
2008-02-27,-0.0147315858859322
2008-02-28,0.0324379759867706
2008-02-29,-0.0130093883280784
2008-03-03,0.0111912711064726
2008-03-04,-0.0236104033448106
2008-03-05,0.0491183992665392
2008-03-06,0.00708278485896341
2008-03-07,-0.00190721184774367
2008-03-10,0.0226919136740029
2008-03-11,0.00829147524085516
2008-03-12,0.00671765145784819
2008-03-13,0.00333641287014275
2008-03-14,-0.00802656814615943
2008-03-17,-0.0371055245149572
2008-03-18,0.0300120037210563
2008-03-19,-0.0409091127887257
2008-03-20,-0.0120305989545437
2008-03-24,-0.0127921397493675
2008-03-25,0.0150759901550961
2008-03-26,0.0409966485700668
2008-03-27,0.0108478365958693
2008-03-28,-0.0158637577558466
2008-03-31,-0.0356762106551068
2008-04-01,-0.00368735246205321
2008-04-02,0.0335554042328006
2008-04-03,-0.00155164718968315
2008-04-04,0.0147040642031306
2008-04-07,0.0241517798357134
2008-04-08,0.00299093523524685
2008-04-09,0.019612340414902
2008-04-10,-0.00809900994152957
2008-04-11,0.00340216602404153
2008-04-14,0.0131102617616323
2008-04-15,0.0200803549763537
2008-04-16,0.00776465424836714
2008-04-17,0.00238742262859626
2008-04-18,0.0153729344363018
2008-04-21,0.00629060660741443
2008-04-22,0.00741687881172526
2008-04-23,0.00105172484115013
2008-04-24,-0.0208027211599077
2008-04-25,0.0263949257423259
2008-04-28,0.000313589784085799
2008-04-29,-0.0282161557484345
2008-04-30,-0.00526936241035303
2008-05-01,-0.0229189513513514
2008-05-02,0.0334145286594776
2008-05-05,0.0357601277139159
2008-05-06,0.0169526466188268
2008-05-07,0.0144338894419767
2008-05-08,0.00861724422994259
2008-05-09,0.0145042612952806
2008-05-12,-0.0196827452110435
2008-05-13,0.0159823992010548
2008-05-14,-0.0146494741387226
2008-05-15,-9.98004380383666e-05
2008-05-16,0.0205568109026726
2008-05-19,0.00518241923875284
2008-05-20,0.0145914392628956
2008-05-21,0.0384467390667285
2008-05-22,-0.0247438006600276
2008-05-23,0.0124964502271072
2008-05-27,-0.0251518941136576
2008-05-28,0.0159216954551757
2008-05-29,-0.0345543435527633
2008-05-30,0.00782315650649013
2008-06-02,-9.69823422661831e-05
2008-06-03,-0.023289674237079
2008-06-04,-0.016592140753261
2008-06-05,0.0502121019333572
2008-06-06,0.0790764909786386
2008-06-09,-0.027814879697154
2008-06-10,-0.01861536858463
2008-06-11,0.037095880314779
2008-06-12,0.00252274083291715
2008-06-13,-0.0186033976436614
2008-06-16,-0.00192306781839924
2008-06-17,-0.00284427934387144
2008-06-18,0.0203349190283399
2008-06-19,-0.0358913791675659
2008-06-20,0.0208586186190771
2008-06-23,0.0163093184561969
2008-06-24,0.000270456189514157
2008-06-25,-0.0220819924853175
2008-06-26,0.0425806728110598
2008-06-27,0.00556928026248382
2008-06-30,-0.000791173626373598
2008-07-01,0.00818222740868468
2008-07-02,0.0196352219089002
2008-07-03,-0.000171140026399952
2008-07-07,-0.0160075586372196
2008-07-08,-0.043758148162457
2008-07-09,-0.00245629553231985
2008-07-10,0.0427724023206129
2008-07-11,0.0266748566267223
2008-07-14,0.000766709266263765
2008-07-15,-0.0433265566055526
2008-07-16,-0.027938420036822
2008-07-17,-0.034050352402746
2008-07-18,-0.0103287881202386
2008-07-21,0.0213519337159722
2008-07-22,-0.0314052504247728
2008-07-23,-0.0319396341463414
2008-07-24,0.0143971410037134
2008-07-25,-0.0215848809539215
2008-07-28,0.0127934324406196
2008-07-29,-0.0248657248372217
2008-07-30,0.0417176250334799
2008-07-31,-0.0209536773020761
2008-08-01,0.0105010803180534
2008-08-04,-0.0348377272878293
2008-08-05,-0.0197908230042296
2008-08-06,-0.00177840785765904
2008-08-07,0.0106896250406545
2008-08-08,-0.0389879917256741
2008-08-11,-0.0018342468709539
2008-08-12,-0.0110258780450573
2008-08-13,0.0247021756411012
2008-08-14,-0.0107733546666666
2008-08-15,-0.0101358100093984
2008-08-18,-0.00588236364218864
2008-08-19,0.0162173566465624
2008-08-20,0.013370768026111
2008-08-21,0.045009532506612
2008-08-22,-0.057733408591115
2008-08-25,0.00605140473253285
2008-08-26,0.00859295399770033
2008-08-27,0.0187433648829953
2008-08-28,-0.0237299279226457
2008-08-29,-0.00556800519935763
2008-09-02,-0.0396252921408863
2008-09-03,-0.00840901427494078
2008-09-04,-0.0160561393926699
2008-09-05,-0.0110319355676375
2008-09-08,-0.00151055081363105
2008-09-09,-0.0416618410333993
2008-09-10,0.00752887692844872
2008-09-11,-0.0178378086315799
2008-09-12,0
2008-09-15,-0.0636887363771932
2008-09-16,-0.0171691343183827
2008-09-17,0.0334711570468371
2008-09-18,0.0215483612903227
2008-09-19,0.0437034114867603
2008-09-22,0.0603897637803374
2008-09-23,-0.0170053178382109
2008-09-24,-0.0147451067483493
2008-09-25,0.0215649420037127
2008-09-26,-0.00553700529387469
2008-09-29,-0.105788227650948
2008-09-30,0.063821588471739
2008-10-01,-0.0295086689547941
2008-10-02,-0.0473677118918313
2008-10-03,-0.00751780532840929
2008-10-06,-0.0483720797342193
2008-10-07,0.012288744417138
2008-10-08,-0.00317279633529577
2008-10-09,-0.0368115683140999
2008-10-10,-0.0445402024293161
2008-10-13,0.0192481052631579
2008-10-14,-0.0405724408464508
2008-10-15,-0.0661233133342045
2008-10-16,-0.022888193643998
2008-10-17,0.000505544320862805
2008-10-20,0.0409297631957177
2008-10-21,-0.0490291108257137
2008-10-22,-0.065339458907606
2008-10-23,0.0304022938285089
2008-10-24,-0.0636042071944949
2008-10-27,-0.0405660754716981
2008-10-28,0.0466077304467152
2008-10-29,0.046223204693288
2008-10-30,-0.0301724137931034
2008-10-31,0.0294444444444446
2008-11-03,-0.0557653894585358
2008-11-04,0.093160579418534
2008-11-05,-0.0616939863768911
2008-11-06,-0.068536367013373
2008-11-07,-0.00219343959348206
2008-11-10,0.0237809547605725
2008-11-11,-0.0609017958227601
2008-11-12,-0.0490542704416073
2008-11-13,0.0710382513661203
2008-11-14,-0.0575510204081633
2008-11-17,-0.0220874837592032
2008-11-18,-0.00863596102745778
2008-11-19,-0.0337279874916239
2008-11-20,-0.0857604986481969
2008-11-21,0.0366624788030969
2008-11-24,0.076341487804878
2008-11-25,-0.0627690898987291
2008-11-26,0.0768858782184265
2008-11-28,-0.0550067567353668
2008-12-01,-0.0522689712520789
2008-12-02,-0.034845801826167
2008-12-03,-0.0116883376623377
2008-12-04,-0.0693823671322568
2008-12-05,-0.032759107596724
2008-12-08,0.0545985109489051
2008-12-09,-0.0462347188880043
2008-12-10,0.0394775024825107
2008-12-11,0.0790281463549807
2008-12-12,-0.0139751815210969
2008-12-15,-0.0330708153842947
2008-12-16,-0.0108577904451683
2008-12-17,-0.0447310111067786
2008-12-18,-0.0597529715669931
2008-12-19,0.0100825236785824
2008-12-22,-0.0735027805958021
2008-12-23,-0.0205680385428678
2008-12-24,-0.0326666666666667
2008-12-26,0.00275671950379053
2008-12-29,0.0625429553264605
2008-12-30,-0.0232858667529108
2008-12-31,0.096026387548795
2009-01-02,0.0764351405700991
2009-01-05,0.0468705572026227
2009-01-06,-0.00134045580001219
2009-01-07,-0.106845637583893
2009-01-08,-0.00210396753832287
2009-01-09,-0.02500005948795
2009-01-12,-0.053135590149385
2009-01-13,0.0388254486133768
2009-01-14,-0.0191582914572864
2009-01-15,-0.0336215177713737
2009-01-16,-0.010603015241882
2009-01-20,-0.0401875740057744
2009-01-21,0.0826936845778088
2009-01-22,-0.0325491771656726
2009-01-23,0.0769487674883411
2009-01-26,-0.00587698695471772
2009-01-27,-0.0821406061649225
2009-01-28,0.00847457627118642
2009-01-29,-0.0178151596638655
2009-01-30,0
2009-02-02,-0.028062937305371
2009-02-03,0.0165493309859155
2009-02-04,-0.0207828534540058
2009-02-05,0.0191014856738592
2009-02-06,-0.0211731350632813
2009-02-09,0.00177301412152442
2009-02-10,-0.0474336283185841
2009-02-11,-0.0308435525826831
2009-02-12,0.00191713957055217
2009-02-13,-0.0202831618937299
2009-02-17,-0.0835937890625
2009-02-18,-0.0255753634090095
2009-02-19,0.0621172326282924
2009-02-20,0.0028829899965821
2009-02-23,-0.042299794661191
2009-02-24,0.048027487135506
2009-02-25,0.0638297437058206
2009-02-26,0.0473076923076923
2009-02-27,-0.00661039294895338
2009-03-02,-0.0950092086879559
2009-03-03,0.0371731617647058
2009-03-04,0.0874360806394676
2009-03-05,-0.0380297704444125
2009-03-06,0.053840401123509
2009-03-09,0.0235798499464095
2009-03-10,-0.0286212914485166
2009-03-11,-0.0549766798418971
2009-03-12,0.0733840712313336
2009-03-13,-0.0212540205455189
2009-03-16,0.0224394144929212
2009-03-17,0.0421239292035398
2009-03-18,0.00577445632559592
2009-03-19,0.0253292797929996
2009-03-20,0.0131751971944929
2009-03-23,0.0331599804941483
2009-03-24,-0.00534927610606428
2009-03-25,-0.0126542862178334
2009-03-26,0.0259532529943369
2009-03-27,-0.0396627108057465
2009-03-30,-0.0666666341463414
2009-03-31,0.0121950518398937
2009-04-01,-0.0161789678546977
2009-04-02,0.0839748075577327
2009-04-03,-0.00161394448030994
2009-04-06,-0.0226317491108955
2009-04-07,-0.0426728084684089
2009-04-08,0.0190048023840772
2009-04-09,0.0406917938284164
2009-04-13,-0.0329097740987365
2009-04-14,-0.0158356132075471
2009-04-15,0.00342348522504232
2009-04-16,-0.000682292756134184
2009-04-17,0.00546261504053902
2009-04-20,-0.0757216273099617
2009-04-21,0.00404118310217405
2009-04-22,0.00036589828027811
2009-04-23,0.0197512435991223
2009-04-24,0.0365854030339097
2009-04-27,-0.0283737024221453
2009-04-28,-0.00819088319088312
2009-04-29,0.0254936804308796
2009-04-30,0.00245098047797554
2009-05-01,0.0345791838833105
2009-05-04,0.0317352453836852
2009-05-05,-0.0134161980829909
2009-05-06,0.0424543946932008
2009-05-07,0.00190900413617556
2009-05-08,0.0317561765639884
2009-05-11,-0.00615577062753025
2009-05-12,0.0105295753939432
2009-05-13,-0.0134845843247139
2009-05-14,0.00652385854376702
2009-05-15,-0.0339507077808205
2009-05-18,0.0450479247619147
2009-05-19,0.00244579646731236
2009-05-20,0.0329368089985727
2009-05-21,-0.0144670213896375
2009-05-22,0.00958657850249911
2009-05-26,0.0121661717458108
2009-05-27,0.013778979367371
2009-05-28,0.021977962869985
2009-05-29,0.0299943972835313
2009-06-01,0.0282966467968875
2009-06-02,0.00480900347314983
2009-06-03,-0.0361606212134904
2009-06-04,0.0397241103448276
2009-06-05,-0.00769426924102601
2009-06-08,0.0037432885698776
2009-06-09,0.0173148104071708
2009-06-10,0.0204242477199332
2009-06-11,0.0182191168021781
2009-06-12,-0.00630040322580649
2009-06-15,-0.0230788739538421
2009-06-16,-0.000259657320872297
2009-06-17,0.00493386159095621
2009-06-18,0.00387589137271593
2009-06-19,-0.0226511465972276
2009-06-22,-0.0452989453437203
2009-06-23,0.0319999999999998
2009-06-24,-0.00855386260358171
2009-06-25,0.0258829603666755
2009-06-26,-0.0141918794794186
2009-06-29,0.0309250882924599
2009-06-30,-0.019136230625096
2009-07-01,-0.0123912733983653
2009-07-02,-0.0376401504976015
2009-07-06,-0.0371705974249817
2009-07-07,-0.0259290701794604
2009-07-08,-0.036675568273423
2009-07-09,0.00614062020264061
2009-07-10,-0.0119010985657615
2009-07-13,-0.000308894369706825
2009-07-14,-0.00803206697658543
2009-07-15,0.0423544054078355
2009-07-16,0.00268897512133326
2009-07-17,0.0202622461185265
2009-07-20,0.0172313074047135
2009-07-21,0.00315811064265792
2009-07-22,-0.00372060686092179
2009-07-23,0.0281528288378963
2009-07-24,0.0120145288624052
2009-07-27,0.00276087789174828
2009-07-28,-0.0154185572687224
2009-07-29,-0.0640379510088339
2009-07-30,0.0603525826007592
2009-07-31,0.0371935453821615
2009-08-03,0.0301547669069611
2009-08-04,0.00131864458431674
2009-08-05,0.00605741358816392
2009-08-06,0.00183243450700443
2009-08-07,-0.016200627123073
2009-08-10,0.00159354573208259
2009-08-11,-0.0225403877629381
2009-08-12,0.0132934613865041
2009-08-13,0.0120482201899985
2009-08-14,-0.0468253980641641
2009-08-17,-0.0141548435790962
2009-08-18,0.0377252533783783
2009-08-19,0.034183341449177
2009-08-20,-0.011804853405164
2009-08-21,0.0148659949490839
2009-08-24,0.00183099659952934
2009-08-25,-0.0295039433290847
2009-08-26,-0.00591867128967827
2009-08-27,0.0208389710192431
2009-08-28,-0.00159069454955763
2009-08-31,-0.042750955921402
2009-09-01,-0.0216365886723047
2009-09-02,-0.00255174369152267
2009-09-03,0.00397953382603755
2009-09-04,-0.00537936013590035
2009-09-08,0.0515228564895287
2009-09-09,0
2009-09-10,0.0116404984201544
2009-09-11,-0.0414770950355123
2009-09-14,-0.00307093802345049
2009-09-15,0.0277233835822845
2009-09-16,0.019890980384442
2009-09-17,0.00160304568527914
2009-09-18,-0.00986937797442633
2009-09-21,-0.0342133899303176
2009-09-22,0.0315202806984813
2009-09-23,-0.0500270146024877
2009-09-24,-0.0330202097062279
2009-09-25,0.000883102711713102
2009-09-28,0.0149999411764707
2009-09-29,-0.00579533502146257
2009-09-30,0.0547944606588615
2009-10-01,0.00110530536350661
2009-10-02,-0.00993654430030355
2009-10-05,0.00864234760642169
2009-10-06,0.0099502763957986
2009-10-07,-0.0158730701731506
2009-10-08,0.0200222753065147
2009-10-09,0.0130861504907305
2009-10-12,0.0142626210979548
2009-10-13,0.012204908787607
2009-10-14,0.0120576402591013
2009-10-15,0.0336700068979536
2009-10-16,0.0135304685542472
2009-10-19,0.00766370809236827
2009-10-20,-0.00907750289879794
2009-10-21,0.0232731622498925
2009-10-22,0.00338734558977283
2009-10-23,-0.0135037614298589
2009-10-26,-0.019066218528477
2009-10-27,0.0114627208706026
2009-10-28,-0.0278393939393939
2009-10-29,0.0364927277367644
2009-10-30,-0.038630853856682
2009-11-02,0.0165310528992879
2009-11-03,0.0162621462030985
2009-11-04,0.00910888747190763
2009-11-05,-0.00463534985921688
2009-11-06,-0.02696073595492
2009-11-09,0.020151107804758
2009-11-10,-0.00222222222222235
2009-11-11,0.00346446424152447
2009-11-12,-0.0315659440583462
2009-11-13,-0.00381973516679412
2009-11-16,0.029908027349387
2009-11-17,0.00471578543768225
2009-11-18,0.0046936264822135
2009-11-19,-0.0248339820424875
2009-11-20,-0.00605148764498231
2009-11-23,-0.00101463729145801
2009-11-24,-0.020314854740608
2009-11-25,0.0238464995413945
2009-11-27,-0.0253164556962026
2009-11-30,0.0168831688311688
2009-12-01,0.0120050313151963
2009-12-02,-0.0196870020112822
2009-12-03,-0.00823892893923794
2009-12-04,-0.00493245067497416
2009-12-07,-0.021914947982523
2009-12-08,-0.0170713247761363
2009-12-09,-0.0265942755275047
2009-12-10,-0.00390295522450401
2009-12-11,-0.00699692135460395
2009-12-14,0.00281854565952666
2009-12-15,0.00983693030708643
2009-12-16,0.0225438908989701
2009-12-17,-0.0103429771179653
2009-12-18,0.00825079735283829
2009-12-21,-0.0136388434260775
2009-12-22,0.0110619745575222
2009-12-23,0.0322757376292193
2009-12-24,0.0121886321044711
2009-12-28,0.0172774864587044
2009-12-29,-0.000514693759271712
2009-12-30,0.00772397013388249
2009-12-31,0.00357690351499484
2010-01-04,0.0252036920876706
2010-01-05,0.00347653339955278
2010-01-06,0.0138579806978472
2010-01-07,-0.00610202572365082
2010-01-08,0.00515714623877339
2010-01-11,-0.00952843879794774
2010-01-12,-0.0224469654058469
2010-01-13,-0.0105980819934877
2010-01-14,-0.00382550379560076
2010-01-15,-0.0168970553789796
2010-01-19,0.0138020305311441
2010-01-20,-0.026714641664526
2010-01-21,-0.0171548434192359
2010-01-22,-0.0241676141693009
2010-01-25,0.0129334342322509
2010-01-26,-0.0084216514962876
2010-01-27,-0.0115067945205479
2010-01-28,0.00221723934494222
2010-01-29,-0.0143805586283184
2010-02-01,0.0303030872700081
2010-02-02,0.0220587684624516
2010-02-03,0.00319752206761326
2010-02-04,-0.049136863259662
2010-02-05,-0.0164804473877219
2010-02-08,-0.0034080943881879
2010-02-09,0.0319178968367055
2010-02-10,0.00828497675462514
2010-02-11,0.00739526197728058
2010-02-12,-0.012778630037483
2010-02-16,0.0407601200561796
2010-02-17,0.00476316473238536
2010-02-18,0.0200157750851782
2010-02-19,0.00929512006196753
2010-02-22,-0.00153494499872109
2010-02-23,-0.0179348454505468
2010-02-24,0.0172188877005537
2010-02-25,-0.0225699142051852
2010-02-26,0.0186302540375163
2010-03-01,-0.0121072127769192
2010-03-02,0.0117340553707461
2010-03-03,0.0154639952439175
2010-03-04,-0.00634517734288442
2010-03-05,0.017879845829893
2010-03-08,-0.00150557096640258
2010-03-09,-0.00603171636009747
2010-03-10,0.0088496335992323
2010-03-11,0.0037593231198334
2010-03-12,-0.0134831713728631
2010-03-15,-0.0172107323315988
2010-03-16,0.0247231251752189
2010-03-17,0.0110580293777827
2010-03-18,-0.00770574198359431
2010-03-19,-0.018035997897595
2010-03-22,0.00918367323511027
2010-03-23,0.00353892812085621
2010-03-24,-0.019143626721823
2010-03-25,-0.0010271443509795
2010-03-26,-0.00179948576866396
2010-03-29,0.0291011316455767
2010-03-30,-0.000250200206461493
2010-03-31,0.00851063808484009
2010-04-01,0.0235790761087349
2010-04-05,0.0201260417009681
2010-04-06,-0.00118849536486798
2010-04-07,-0.0118990956687292
2010-04-08,-0.00192680635838161
2010-04-09,-0.00651546830394467
2010-04-12,-0.00582943919501766
2010-04-13,-0.000977302711947181
2010-04-14,0.0212765718091605
2010-04-15,-0.00119729411864433
2010-04-16,-0.0266123477969876
2010-04-19,-0.0120688922201425
2010-04-20,0.00473692334238551
2010-04-21,-0.000744392078024569
2010-04-22,0.000744946610379937
2010-04-23,0.0161290822860816
2010-04-26,-0.0146520875542836
2010-04-27,-0.0242874609312248
2010-04-28,0.0152400816672615
2010-04-29,0.0267700768884143
2010-04-30,0.0070663009974099
2010-05-03,0.00314534221411367
2010-05-04,-0.0424505075361917
2010-05-05,-0.035012593576509
2010-05-06,-0.0352388923195276
2010-05-07,-0.017586526449852
2010-05-10,0.0253373443861926
2010-05-11,-0.0126242814934191
2010-05-12,0.000272089242224771
2010-05-13,-0.0174054664128366
2010-05-14,-0.0365347346655208
2010-05-17,-0.0267164600196363
2010-05-18,-0.0121015344716193
2010-05-19,0.00119501042142178
2010-05-20,-0.0390927209246626
2010-05-21,0.00217388192006585
2010-05-24,-0.00309891540130158
2010-05-25,-0.00994709418384165
2010-05-26,0.0232339089481948
2010-05-27,0.0527769561215095
2010-05-28,-0.00786942559401271
2010-06-01,-0.0252644234646173
2010-06-02,0.018384599156118
2010-06-03,0.0139093514676134
2010-06-04,-0.0461178660897763
2010-06-07,-0.00275397796817611
2010-06-08,0.0184105247008284
2010-06-09,0.0228985243416246
2010-06-10,0.0241531362546941
2010-06-11,-0.015530629853322
2010-06-14,0.00292147239263807
2010-06-15,0.0262160777036948
2010-06-16,0.00738013057053655
2010-06-17,-0.0098620169139465
2010-06-18,0.00768358018450699
2010-06-21,-0.00225919231855398
2010-06-22,-0.00934055990146843
2010-06-23,-0.0217142285714287
2010-06-24,0.00438075324878806
2010-06-25,0.0369293700764572
2010-06-28,-0.0126192091979808
2010-06-29,-0.0295370925741862
2010-06-30,-0.00614571297311739
2010-07-01,-0.0320965851618548
2010-07-02,-0.00821420773392789
2010-07-06,0.000306840509622042
2010-07-07,0.0318920873384825
2010-07-08,0.0172361951122617
2010-07-09,0.00321355536079482
2010-07-12,-0.0163075422248109
2010-07-13,0.0284192725997416
2010-07-14,-0.00230287839361665
2010-07-15,-0.00230807847663006
2010-07-16,-0.0121458061222786
2010-07-19,0.00878217213114785
2010-07-20,0.0104469242729808
2010-07-21,-0.0178058299827685
2010-07-22,0.0356724258575314
2010-07-23,-0.000846950923034995
2010-07-26,-0.00113029107460572
2010-07-27,-0.019236210423548
2010-07-28,-0.00894136192335526
2010-07-29,0.020372525600334
2010-07-30,0.0079862804339339
2010-08-02,0.0322580645161288
2010-08-03,0.0117872807017543
2010-08-04,-0.0002708751015984
2010-08-05,-0.00514913251224203
2010-08-06,-0.0138926181937516
2010-08-09,0.00911596659900638
2010-08-10,-0.0180673424053474
2010-08-11,-0.0315025656956389
2010-08-12,-0.0236040285777761
2010-08-13,-0.0038324589523856
2010-08-16,-0.00532701967070082
2010-08-17,0.00773573318251319
2010-08-18,-0.005609654727182
2010-08-19,-0.0127672209026128
2010-08-20,-0.00902252631578948
2010-08-23,-0.0157815169717294
2010-08-24,-0.0203515263644773
2010-08-25,0.0188857097891093
2010-08-26,0.00772320073287625
2010-08-27,0.029123268826587
2010-08-30,-0.0163836759011021
2010-08-31,-0.0333131435493641
2010-09-01,0.0322682017543858
2010-09-02,0.0133535049058118
2010-09-03,-0.00898469628585497
2010-09-07,-0.00967059534602599
2010-09-08,0.0112907842538907
2010-09-09,-0.00754375399950979
2010-09-10,0.0267558840606836
2010-09-13,0.007699111637548
2010-09-14,-0.00411401716467852
2010-09-15,-0.0118028035350489
2010-09-16,-0.0152284852058235
2010-09-17,-0.0100060036385687
2010-09-20,0.0174578549796107
2010-09-21,-0.017158307731538
2010-09-22,-0.00214395086407648
2010-09-23,0.00276230799494726
2010-09-24,0.0223447825126895
2010-09-27,-0.00479041887482534
2010-09-28,-0.00150430195521634
2010-09-29,0.0225971685024757
2010-09-30,0.026517413863212
2010-10-01,0.0226751148105624
2010-10-04,-0.00112267748743533
2010-10-05,0.0140488901376792
2010-10-06,0.00526458852867817
2010-10-07,-0.0226019851874856
2010-10-08,0.019458629990373
2010-10-11,-0.0152144943173171
2010-10-12,0.0014046068204836
2010-10-13,0.0143056934470858
2010-10-14,-0.00442477876106184
2010-10-15,-0.0147221944444443
2010-10-18,0.0228361425758064
2010-10-19,-0.0457552383063736
2010-10-20,0.0280185161183859
2010-10-21,-0.0207924135993257
2010-10-22,0.018364534769844
2010-10-25,0.00225409961938028
2010-10-26,0.00309249367444475
2010-10-27,-0.00728705156950671
2010-10-28,-0.000846950923034995
2010-10-29,-0.00621647375576373
2010-11-01,0.0181974136023551
2010-11-02,0.0128455455781753
2010-11-03,0.012958422939068
2010-11-04,0.0204137169072556
2010-11-05,0.00426780452025599
2010-11-08,-0.00318733050797726
2010-11-09,-0.0127897685262395
2010-11-10,0.0267207024755924
2010-11-11,-0.0052576497040574
2010-11-12,-0.0362050475687103
2010-11-15,0.000822566470453312
2010-11-16,-0.0287670958904109
2010-11-17,-0.0203103238276355
2010-11-18,0.022171033688454
2010-11-19,-0.00788729577464775
2010-11-22,-0.00482685960173601
2010-11-23,-0.0028530100671329
2010-11-24,0.0323319304053811
2010-11-26,-0.00304880803498842
2010-11-29,0.0225187094100996
2010-11-30,-0.0201195764034686
2010-12-01,0.0321864585963803
2010-12-02,0.0153225533515444
2010-12-03,0.0142970876356896
2010-12-06,-0.00234925600758917
2010-12-07,-0.0109890630301136
2010-12-08,0.00423280434478324
2010-12-09,-0.000526870403763757
2010-12-10,-0.00738004763785061
2010-12-13,0.0061072490706322
2010-12-14,0.000264001062655117
2010-12-15,0.00237467005938408
2010-12-16,-0.00579104997151603
2010-12-17,0.0010590680434206
2010-12-20,0.0063474740452929
2010-12-21,0.00630754287273438
2010-12-22,0.00914071535281513
2010-12-23,0.00879919795028972
2010-12-27,-0.0069266546947151
2010-12-28,0.00516664957805846
2010-12-29,-0.00231303006939076
2010-12-30,-0.0180319680577022
2010-12-31,0.0230850215919471
2011-01-03,0.00128202564102553
2011-01-04,-0.0248398725951312
2011-01-05,0.0115545687208736
2011-01-06,-0.0218068535825546
2011-01-07,-0.000265445859872648
2011-01-10,0.0132731623718165
2011-01-11,0.0186010751166401
2011-01-12,0.00282924375439175
2011-01-13,-0.0087201842154303
2011-01-14,0.00698566587396288
2011-01-18,-0.00488175770204313
2011-01-19,-0.00490573199070488
2011-01-20,-0.025168681235893
2011-01-21,-0.00159707213202021
2011-01-24,-0.0154624908271124
2011-01-25,-0.0178716490658001
2011-01-26,0.015991122139509
2011-01-27,-0.024694682480037
2011-01-28,0.045631692978066
2011-01-31,0.0274081677802998
2011-02-01,-0.0139860395238011
2011-02-02,0.00288941423693201
2011-02-03,-0.00235725510738594
2011-02-04,-0.019690207403518
2011-02-07,-0.0182110337439745
2011-02-08,-0.00054558101472979
2011-02-09,-0.0038209335103967
2011-02-10,0.00109591780821905
2011-02-11,-0.0134100160533657
2011-02-14,-0.00471561732914327
2011-02-15,-0.0136566885825894
2011-02-16,0.00395591986312271
2011-02-17,0.0149170282836204
2011-02-18,0.00831946732336464
2011-02-22,0.0585808839774233
2011-02-23,0.0340347345266441
2011-02-24,-0.020854221629503
2011-02-25,0.0182191168021781
2011-02-28,-0.0123488155241935
2011-03-01,0.0329165867036638
2011-03-02,0.022480212450593
2011-03-03,-0.00507366525908837
2011-03-04,0.0279262263234581
2011-03-07,0.000944885379405402
2011-03-08,-0.00141604912475923
2011-03-09,-0.00614516648203345
2011-03-10,-0.0154577173711704
2011-03-11,-0.0171498300893802
2011-03-14,0.00540675855017825
2011-03-15,-0.0371547543387923
2011-03-16,0.00736230026306917
2011-03-17,0.0254536038306452
2011-03-18,0.00688134693736431
2011-03-21,0.00390529646313653
2011-03-22,0.019450497946742
2011-03-23,0.00429289291676604
2011-03-24,-0.0014248871663527
2011-03-25,0.00309158152417544
2011-03-28,-0.0180180654338549
2011-03-29,0.00989869675995636
2011-03-30,-0.00406411646836646
2011-03-31,0.0225635621699474
2011-04-01,0.0133802823183231
2011-04-04,0.00208478119456945
2011-04-05,-0.00369856697635551
2011-04-06,0.00626452465264626
2011-04-07,0.0142956655359849
2011-04-08,0.0263696282623493
2011-04-11,-0.033444140268255
2011-04-12,-0.0307057752224056
2011-04-13,0.0106383217644994
2011-04-14,0.0123976374269006
2011-04-15,0.00993530522031683
2011-04-18,-0.0189887444289349
2011-04-19,0.0016324626484967
2011-04-20,0.0295692659005993
2011-04-21,0.00791494780834578
2011-04-25,-0.000897487098945549
2011-04-26,-0.00112281610426268
2011-04-27,0.0121402877697843
2011-04-28,-0.00422030208796098
2011-04-29,0.00713807686200862
2011-05-02,-0.00487269081405584
2011-05-03,-0.0189182728689071
2011-05-04,-0.0186026307349078
2011-05-05,-0.0910771655606643
2011-05-06,-0.0114445829094608
2011-05-09,0.0514535644829834
2011-05-10,0.00513831673937659
2011-05-11,-0.0421130456614875
2011-05-12,-0.00177888192014652
2011-05-13,0.00407331985930059
2011-05-16,-0.0235801476566974
2011-05-17,0.00103871727025262
2011-05-18,0.0246433469427587
2011-05-19,-0.0108860759493671
2011-05-20,0.0102380598925007
2011-05-23,-0.0253356973565823
2011-05-24,0.0210553152831994
2011-05-25,0.0165478873866571
2011-05-26,-0.0082645128975708
2011-05-27,0.00277780317059628
2011-05-31,0.0198942588741944
2011-06-01,-0.0241975308641974
2011-06-02,0.00404858299595134
2011-06-03,-0.000504032258064613
2011-06-06,-0.0166414523449319
2011-06-07,0.00128202564102553
2011-06-08,0.0204865306142517
2011-06-09,0.00727731529622666
2011-06-10,-0.0266566772958814
2011-06-13,-0.0207320706424365
2011-06-14,0.0219550455805042
2011-06-15,-0.0388745799935847
2011-06-16,-0.00425769003418364
2011-06-17,-0.0211116259279329
2011-06-20,0.00245700238992641
2011-06-21,0.0019063180308736
2011-06-22,0.00842612099956197
2011-06-23,-0.0293800554921861
2011-06-24,-0.0055539297725038
2011-06-27,-0.00474733301459551
2011-06-28,0.0218854944412314
2011-06-29,0.0222405833190875
2011-06-30,0.000268654311039507
2011-07-01,-0.00241675604636105
2011-07-05,0.0218034173995469
2011-07-06,-0.00184404641317304
2011-07-07,0.0190024285828034
2011-07-08,-0.0209790722357142
2011-07-11,-0.0134920109389421
2011-07-12,0.0171627509476335
2011-07-13,0.0110729765357236
2011-07-14,-0.0208604704490467
2011-07-15,0.0154461255777929
2011-07-18,-0.0141621029592943
2011-07-19,0.0175578611332801
2011-07-20,0.00392162091503279
2011-07-21,0.00833330685764033
2011-07-22,0.00542352775249144
2011-07-25,-0.00642178268687388
2011-07-26,0.00336093588417796
2011-07-27,-0.0216439056520508
2011-07-28,-0.00158022118566725
2011-07-29,-0.0129254022685307
2011-08-01,-0.00587912912234789
2011-08-02,-0.0215053488842648
2011-08-03,-0.014835191492572
2011-08-04,-0.0593976837870138
2011-08-05,0.00652241328194503
2011-08-08,-0.0718704249817252
2011-08-09,0.00349098698825756
2011-08-10,0.0050600883915215
2011-08-11,0.047828758721562
2011-08-12,-0.00210207213519742
2011-08-15,0.0297923863978335
2011-08-16,-0.0113968143951838
2011-08-17,0.00532060270052614
2011-08-18,-0.0673331118690451
2011-08-19,0.0126103408767446
2011-08-22,0.0186800130348697
2011-08-23,0.021393550690906
2011-08-24,-0.0101734296932035
2011-08-25,-0.00332530209641457
2011-08-26,0.00545953880923444
2011-08-29,0.0244342971683682
2011-08-30,0.0141342760345782
2011-08-31,0.00203249134821415
2011-09-01,-0.00115899745922909
2011-09-02,-0.0240789665193222
2011-09-06,-0.00148629612028228
2011-09-07,0.0327478118487645
2011-09-08,-0.00663015297290714
2011-09-09,-0.0177017126436946
2011-09-12,0.016838996563604
2011-09-13,0.0124927375068413
2011-09-14,-0.0146340897924871
2011-09-15,0.0075712871287128
2011-09-16,-0.0132947695546108
2011-09-19,-0.0248974231077161
2011-09-20,0.00420543694186137
2011-09-21,-0.0152558181274305
2011-09-22,-0.0543742135099765
2011-09-23,-0.00128490206504672
2011-09-26,0.0122225474429076
2011-09-27,0.0285986663043745
2011-09-28,-0.0345999083904822
2011-09-29,0.023039968
2011-09-30,-0.0462933702312597
2011-10-03,-0.0245982289275172
2011-10-04,0.00571620712844667
2011-10-05,0.0310932798395185
2011-10-06,0.0369649805447472
2011-10-07,0.00187620387742338
2011-10-10,0.0374532135626338
2011-10-11,-0.00691949416850202
2011-10-12,-0.00272644669654343
2011-10-13,-0.00820158008515059
2011-10-14,0.0373659088902965
2011-10-17,-0.0129908182164399
2011-10-18,0.0215376009572241
2011-10-19,-0.0245973924101088
2011-10-20,0.000600450297194577
2011-10-21,0.0156014392078343
2011-10-24,0.0451995004549188
2011-10-25,0.0118710567588736
2011-10-26,-0.0206703357729144
2011-10-27,0.0328008547404206
2011-10-28,-0.00497100262278405
2011-10-31,-0.00804876514151442
2011-11-01,-0.0151091485669194
2011-11-02,0.0133521871206765
2011-11-03,0.0182226531103253
2011-11-04,0.00385459801762122
2011-11-07,0.0172792379944937
2011-11-08,0.00916689134537596
2011-11-09,-0.0114881111407962
2011-11-10,0.0194594864864865
2011-11-11,0.0129904026248568
2011-11-14,-0.00915985368123162
2011-11-15,0.0150554407011243
2011-11-16,0.0236794171220402
2011-11-17,-0.0282155566853077
2011-11-18,-0.0107245618624117
2011-11-21,-0.00608143839238495
2011-11-22,0.00611864857674904
2011-11-23,-0.0174510840824962
2011-11-25,0
2011-11-28,0.0185682992465017
2011-11-29,0.018494082879476
2011-11-30,0.00596627771637537
2011-12-01,-0.00438365147972286
2011-12-02,0.0108779587962196
2011-12-05,-0.000512451973160299
2011-12-06,-0.000256293271278851
2011-12-07,-0.00487176923076926
2011-12-08,-0.0265396025112188
2011-12-09,0.0190577294615599
2011-12-12,-0.0161038701298701
2011-12-13,0.0192713828069855
2011-12-14,-0.0505050750969936
2011-12-15,-0.0144571467539552
2011-12-16,0.0038748684230594
2011-12-19,-0.00192994210090991
2011-12-20,0.0375690597356613
2011-12-21,0.0146432370968252
2011-12-22,0.00446071885434995
2011-12-23,0.00548597193014566
2011-12-27,0.0148090145591575
2011-12-28,-0.0184332048532204
2011-12-29,0.001825769431403
2011-12-30,-0.00781043998958608
2012-01-03,0.0414588810952801
2012-01-04,0.00201564630928819
2012-01-05,-0.0150867990947952
2012-01-06,0.00127656376188745
2012-01-09,-0.00356958175498268
2012-01-10,0.00665296792973558
2012-01-11,-0.0106762074224709
2012-01-12,-0.0220965324818362
2012-01-13,0.00262740402975803
2012-01-17,0.0165094601677149
2012-01-18,0.00103121935985517
2012-01-19,-0.0036055367702531
2012-01-20,-0.0235202900884025
2012-01-23,0.0161461094797808
2012-01-24,-0.00755407677921538
2012-01-25,0.00656168013447145
2012-01-26,0.000521538488737372
2012-01-27,-0.00182434198134851
2012-01-30,-0.00757182787393795
2012-01-31,-0.00499863220198016
2012-02-01,-0.0116340296139609
2012-02-02,-0.00668806830690027
2012-02-03,0.0123888765852713
2012-02-06,-0.00691667996807666
2012-02-07,0.0166085980922261
2012-02-08,0.00237154143948493
2012-02-09,0.007623580241231
2012-02-10,-0.00808771155294996
2012-02-13,0.0176222777485533
2012-02-14,0.00387699674016551
2012-02-15,0.00875386199794015
2012-02-16,0.00255229709035221
2012-02-17,0.011965402544944
2012-02-21,0.0208805534591194
2012-02-22,0.000246377513732021
2012-02-23,0.0192165311653116
2012-02-24,0.015470123651683
2012-02-27,-0.0197571539993885
2012-02-28,-0.0094705925206412
2012-02-29,0.00318698202532541
2012-03-01,0.0202835298281294
2012-03-02,-0.0234730538922155
2012-03-05,0.00490559234731425
2012-03-06,-0.0205028064314668
2012-03-07,0.0119611260413375
2012-03-08,0.00517111536145998
2012-03-09,0.00661440470357677
2012-03-12,-0.00949133609150654
2012-03-13,0.00319412768564797
2012-03-14,-0.0102866024841244
2012-03-15,-0.00321705023509034
2012-03-16,0.0186196628257116
2012-03-19,0.00633687561142771
2012-03-20,-0.0208283114354973
2012-03-21,0.00568884491714061
2012-03-22,-0.0127890063944908
2012-03-23,0.0137020431913812
2012-03-26,0.00196610965755983
2012-03-27,-0.00147169487368159
2012-03-28,-0.012773274693522
2012-03-29,-0.0223935810498528
2012-03-30,-0.00152713154677697
2012-04-02,0.0203925312261024
2012-04-03,-0.00924304294886447
2012-04-04,-0.020675743822491
2012-04-05,0.0108135427394438
2012-04-09,-0.00738657704465495
2012-04-10,-0.0118040284371561
2012-04-11,0.0129836412871276
2012-04-12,0.0110228408624886
2012-04-13,-0.0073528652979935
2012-04-16,0.000766232400192468
2012-04-17,0.0117406584992343
2012-04-18,-0.0148839559758819
2012-04-19,-0.00230473757502525
2012-04-20,0.0110369612689158
2012-04-23,-0.00913937570803203
2012-04-24,0.00358695884158244
2012-04-25,0.00612718948824043
2012-04-26,0.00304488708449635
2012-04-27,0.00227675189164578
2012-04-30,0.00151441195139856
2012-05-01,0.0118448084677421
2012-05-02,-0.00647579046197799
2012-05-03,-0.0265730014182253
2012-05-04,-0.0396600803677528
2012-05-07,-0.00643609529535805
2012-05-08,-0.00485829972626994
2012-05-09,-0.00949278571990186
2012-05-10,0.00246443044906886
2012-05-11,-0.00956031112919098
2012-05-14,-0.0179260076076123
2012-05-15,-0.00926711571841854
2012-05-16,-0.00651927456120382
2012-05-17,-0.000285249651505115
2012-05-18,-0.0174087038410757
2012-05-21,0.0209120534417659
2012-05-22,-0.0190612222440273
2012-05-23,-0.0113109048723896
2012-05-24,0.00498674097975949
2012-05-25,-0.00116745482588765
2012-05-29,0.000292197536756245
2012-05-30,-0.0353491089687407
2012-05-31,-0.0124166868564508
2012-06-01,-0.0361852488136998
2012-06-04,0.0104995227489659
2012-06-05,0
2012-06-06,0.0122796599496222
2012-06-07,-0.013374898079322
2012-06-08,0.00252206817534883
2012-06-11,-0.0345911331632431
2012-06-12,0.023452735392419
2012-06-13,-0.0101845957988542
2012-06-14,0.0202572347266881
2012-06-15,-0.00315162306965011
2012-06-18,-0.00980079069872875
2012-06-19,0.0114942528735631
2012-06-20,-0.0375631313131314
2012-06-21,-0.0337816005247622
2012-06-22,0.0217244067116229
2012-06-25,-0.00996681063122928
2012-06-26,0.000335570481059477
2012-06-27,0.0130829256317653
2012-06-28,-0.0231788402920914
2012-06-29,0.0789830508474576
2012-07-02,-0.0125667609173735
2012-07-03,0.0480432389436845
2012-07-05,-0.00971463296037134
2012-07-06,-0.0315756907288686
2012-07-09,0.0183601772712885
2012-07-10,-0.0202050991734597
2012-07-11,0.0256980329949239
2012-07-12,-0.00402106377846811
2012-07-13,0.0149068007792919
2012-07-16,0.0134638616891065
2012-07-17,0.0078503021693932
2012-07-18,0.00928693800818037
2012-07-19,0.028198279257889
2012-07-20,-0.012702021151906
2012-07-23,-0.0350877475120541
2012-07-24,0.00454551515151524
2012-07-25,0.00180986414420126
2012-07-26,0.00602231273779896
2012-07-27,0.00778204130499849
2012-07-30,-0.0065339178220325
2012-07-31,-0.0230194611952329
2012-08-01,0.0149938188494492
2012-08-02,-0.0171842036288335
2012-08-03,0.0450920886559565
2012-08-06,0.0102729087173465
2012-08-07,0.0142359682879702
2012-08-08,-0.00114583213978792
2012-08-09,0.00172070552683401
2012-08-10,-0.00229035213283713
2012-08-13,-0.00545187979637773
2012-08-14,0.00750138488170804
2012-08-15,0.00773198784261098
2012-08-16,0.0105144078009209
2012-08-17,0.0109673787691964
2012-08-20,-0.00333794149268596
2012-08-21,0.00418637989470372
2012-08-22,0.00667040022234588
2012-08-23,-0.0127002481308601
2012-08-24,-0.00223708066202921
2012-08-27,-0.001961855381166
2012-08-28,0.00505475975695702
2012-08-29,-0.011455713566479
2012-08-30,-0.00339183144737609
2012-08-31,0.0178673010701815
2012-09-04,-0.0105879356530492
2012-09-05,0.00168972130046297
2012-09-06,-0.00955861681192027
2012-09-07,0.0184502128867443
2012-09-10,-0.000836203990072337
2012-09-11,0.00725252481185623
2012-09-12,-0.00193852113158344
2012-09-13,0.0130409818801061
2012-09-14,0.00903867483093257
2012-09-17,-0.0295874049945712
2012-09-18,-0.00503496503496503
2012-09-19,-0.0407647174585325
2012-09-20,0.011430217216595
2012-09-21,-0.000579426286840268
2012-09-24,-0.0115976218267542
2012-09-25,-0.00997359929598129
2012-09-26,-0.012148148148148
2012-09-27,0.0242952009598079
2012-09-28,-0.000878565102280238
2012-10-01,0.00381011148329757
2012-10-02,-0.00671532846715317
2012-10-03,-0.0414461787184012
2012-10-04,0.0407849726836869
2012-10-05,-0.0173836481256231
2012-10-08,-0.00389796125325093
2012-10-09,0.0288982230915644
2012-10-10,-0.00994733762434163
2012-10-11,0.0132979018912527
2012-10-12,-0.00845730509019227
2012-10-15,0
2012-10-16,0.00382355882352936
2012-10-17,-0.000879079962523344
2012-10-18,-0.000879706796463764
2012-10-19,-0.021426474904608
2012-10-22,-0.0131973005398921
2012-10-23,-0.0282675666706647
2012-10-24,-0.0106349706172966
2012-10-25,0.00474239660899123
2012-10-26,0.000314663300356788
2012-10-31,-0.00031456431851018
2012-11-01,0.00881057240998828
2012-11-02,-0.0221460067951963
2012-11-05,0.00829349282296654
2012-11-06,0.0300537794984568
2012-11-07,-0.0414619766135756
2012-11-08,0.00288369121703602
2012-11-09,0.0137380515571264
2012-11-12,-0.00441222817522846
2012-11-13,-0.00569800569800571
2012-11-14,0.0114613180515759
2012-11-15,-0.00881334592382754
2012-11-16,0.0139726897427754
2012-11-19,0.0231756341998122
2012-11-20,-0.0220384770149052
2012-11-21,0.00532075100717533
2012-11-23,0.00622668138937366
2012-11-26,-0.00402230816831683
2012-11-27,-0.00652373428156983
2012-11-28,-0.00594118198874294
2012-11-29,0.0119533497340878
2012-11-30,0.012123190060503
2012-12-03,0.00122840905318156
2012-12-04,-0.00613484700213784
2012-12-05,-0.00555558607681561
2012-12-06,-0.0173805394978108
2012-12-07,-0.00410609602021483
2012-12-10,-0.00444027895844334
2012-12-11,0.0025485824322582
2012-12-12,0.00985071527965409
2012-12-13,-0.00629329747346452
2012-12-14,0.00728305889803682
2012-12-17,0.00628729978897513
2012-12-18,0.00531090317468919
2012-12-19,0.0152267868241143
2012-12-20,0.0018366086217696
2012-12-21,-0.0113045829514207
2012-12-24,-0.00370825081247683
2012-12-26,0.0282258047006325
2012-12-27,0.00120654593022351
2012-12-28,-0.0045193734413792
2012-12-31,0.00998783262748693
2013-01-02,0.0134851966881988
2013-01-03,-0.00236540508574823
2013-01-04,0.00414934770898956
2013-01-07,0.00118054896161301
2013-01-08,0.00117927483368385
2013-01-09,-0.002355653779613
2013-01-10,0.00855953339552729
2013-01-11,-0.00321911051911683
2013-01-14,0.00645913075575066
2013-01-15,-0.00845965602274379
2013-01-16,0.00853183239000699
2013-01-17,0.0113768673097103
2013-01-18,0.00288439589757128
2013-01-22,0.0069024446361805
2013-01-23,-0.0114252220180077
2013-01-24,0.00433392070690797
2013-01-25,0.000575402794902091
2013-01-28,0.00460034515814689
2013-01-29,0.0100172298230459
2013-01-30,0.00566735603096191
2013-01-31,-0.00591724396070759
2013-02-01,0.00198409869569449
2013-02-04,-0.016124442213547
2013-02-05,0.00718803930960443
2013-02-06,0.000285526699558281
2013-02-07,-0.0102740008483446
2013-02-08,0.000576730103806211
2013-02-11,0.0121036884119974
2013-02-12,0.00455580878575756
2013-02-13,-0.00255102048047096
2013-02-14,0.00227340159913059
2013-02-15,-0.0155939608732634
2013-02-19,0.00691238459353727
2013-02-20,-0.0225972832550712
2013-02-21,-0.0216563665002263
2013-02-22,0.00508519294047272
2013-02-25,-0.0116071137861377
2013-02-26,0.003613459910071
2013-02-27,0.00210020989497695
2013-02-28,-0.0101796700491216
2013-03-01,-0.00967934030008055
2013-03-04,-0.0103848497015974
2013-03-05,0.00895052413885655
2013-03-06,-0.00458849815198847
2013-03-07,0.0122925011588046
2013-03-08,0.00333940508012764
2013-03-11,-0.000302511355598001
2013-03-12,0.00665850464108653
2013-03-13,-0.00210460024681913
2013-03-14,0.00692976821120128
2013-03-15,0.00538599673165741
2013-03-18,0.00148821437429847
2013-03-19,-0.0172363139829829
2013-03-20,0.0114908073782884
2013-03-21,-0.011958205920532
2013-03-22,0.0169440852328013
2013-03-25,0.0071406424534175
2013-03-26,0.0177253481669335
2013-03-27,0.00290269948032806
2013-03-28,0.00578874112268424
2013-04-01,-0.00201438848920865
2013-04-02,-0.000864994232987248
2013-04-03,-0.0256855396429703
2013-04-04,-0.0109596866682279
2013-04-05,-0.00329439961947908
2013-04-08,0.006310186487686
2013-04-09,0.00447885909352896
2013-04-10,0.00564812739738785
2013-04-11,-0.0109371261639298
2013-04-12,-0.0277943821815418
2013-04-15,-0.0319704590215326
2013-04-16,0.00857415052397603
2013-04-17,-0.0236146095717884
2013-04-18,0.0203159948403739
2013-04-19,-0.00790139089448139
2013-04-22,0.0136986624306679
2013-04-23,0.00125710245128841
2013-04-24,0.0251098234428806
2013-04-25,0.0180649112063687
2013-04-26,-0.0039098045112782
2013-04-29,0.0147947468235128
2013-04-30,-0.0133889017141059
2013-05-01,-0.0232207780458382
2013-05-02,0.0339611927743497
2013-05-03,0.0155269026260436
2013-05-06,0.00382243480284816
2013-05-07,-0.00380787943198246
2013-05-08,0.0114673338116631
2013-05-09,-0.00668616240196729
2013-05-10,-0.000877933911497375
2013-05-13,-0.00820146479793415
2013-05-14,-0.00886001155168292
2013-05-15,0.00148986884714319
2013-05-16,0.00773573318251319
2013-05-17,0.0100383823453907
2013-05-20,0.00672318055314758
2013-05-21,-0.00958182373930971
2013-05-22,-0.0190560533844603
2013-05-23,0.00239097436912639
2013-05-24,-0.00506863431518667
2013-05-28,0.0125862155404919
2013-05-29,-0.0204203308546809
2013-05-30,0.00453178275116506
2013-05-31,-0.019248090225564
2013-06-03,0.0168659608443433
2013-06-04,0.00120630277442713
2013-06-05,0.00180713849978509
2013-06-06,0.0108238431042598
2013-06-07,0.0160618981577005
2013-06-10,-0.00468384074941441
2013-06-11,-0.00617644117647065
2013-06-12,0.00710263370516029
2013-06-13,0.00881583922467954
2013-06-14,0.0119429063825862
2013-06-17,0.000575590064733067
2013-06-18,0.00575376903071168
2013-06-19,-0.00514874156603973
2013-06-20,-0.0330649233198654
2013-06-21,-0.0118941715166765
2013-06-24,0.0123382184772798
2013-06-25,0.00297274087314903
2013-06-26,0.00177821566222791
2013-06-27,0.0156805625940994
2013-06-28,-0.00436941425170911
2013-07-01,0.0143358104154476
2013-07-02,0.0155754551817398
2013-07-03,0.0178926730443816
2013-07-05,0.0200893136160714
2013-07-08,-0.00410287187902436
2013-07-09,0.00988739357319446
2013-07-10,0.017949415284199
2013-07-11,-0.0112209991985038
2013-07-12,0.0148609302815956
2013-07-15,0.00292856754716264
2013-07-16,-0.00504374860864087
2013-07-17,0.00853786019210245
2013-07-18,0.0142857411186705
2013-07-19,0.00286909233176824
2013-07-22,-0.0137842129054822
2013-07-23,0.00448317534193965
2013-07-24,-0.0181149383040169
2013-07-25,0.0048128339672282
2013-07-26,-0.00984574189219034
2013-07-29,-0.00214990599704135
2013-07-30,-0.0123889843148671
2013-07-31,0.0188165540668968
2013-08-01,0.0243575742944977
2013-08-02,-0.00862296838254517
2013-08-05,-0.00289923571162987
2013-08-06,-0.00978067619451872
2013-08-07,-0.0120128406837384
2013-08-08,-0.00459329935656849
2013-08-09,0.020358306188925
2013-08-12,0.0045224261771748
2013-08-13,0.0037077332472315
2013-08-14,0.00501313957714311
2013-08-15,0.00393809398792322
2013-08-16,0.00418410019957638
2013-08-19,-0.00598968718803716
2013-08-20,-0.0170290289247591
2013-08-21,-0.00932841151385932
2013-08-22,0.00995434543741425
2013-08-23,0.0109216832466255
2013-08-26,0.000263451903466327
2013-08-27,0.0239726033712486
2013-08-28,0.00540270145106003
2013-08-29,-0.0127942675130877
2013-08-30,-0.00259206829486436
2013-09-03,0.00727645530145549
2013-09-04,-0.0108358622722323
2013-09-05,0.00912882107459567
2013-09-06,0.0173171883514394
2013-09-09,-0.0106707822492178
2013-09-10,-0.0154082952082253
2013-09-11,0.00365153886280623
2013-09-12,0.0101351091476092
2013-09-13,-0.000514561371612099
2013-09-16,-0.0190475428081104
2013-09-17,-0.0097087113694907
2013-09-18,0.0249072058872706
2013-09-19,-0.0155118407445708
2013-09-20,-0.00814080839596587
2013-09-23,-0.013238019592269
2013-09-24,-0.00134153474644483
2013-09-25,-0.00913487347837538
2013-09-26,0.00542302046033027
2013-09-27,-0.00323632668628215
2013-09-30,-0.00297621761299305
2013-10-01,-0.00461324312690603
2013-10-02,0.0201744274809161
2013-10-03,-0.00748260328608241
2013-10-04,0.00457732914855491
2013-10-07,-0.00455647267337245
2013-10-08,0.00457732914855491
2013-10-09,-0.0203699270873779
2013-10-10,0.015047852668888
2013-10-11,-0.00943390886436168
2013-10-14,0.00326527891156458
2013-10-15,-0.0108488747178972
2013-10-16,0.0123388260943562
2013-10-17,-0.0146261383871148
2013-10-18,0.0019241340867473
2013-10-21,-0.0139918240331461
2013-10-22,-0.0147467728087584
2013-10-23,-0.0129906523580908
2013-10-24,0.00114452071117244
2013-10-25,0.00943120837775324
2013-10-28,0.00651186296715744
2013-10-29,-0.00393808731190126
2013-10-30,-0.0158147980796385
2013-10-31,-0.00459107630364852
2013-11-01,-0.0161429234979222
2013-11-04,-0.00263697618995096
2013-11-05,-0.0108696530296811
2013-11-06,0.0154440460614225
2013-11-07,-0.00643457170033834
2013-11-08,0.00117742121938713
2013-11-11,0.00735077961486508
2013-11-12,-0.0180968778807284
2013-11-13,0.00772898358290663
2013-11-14,0.000884896702955995
2013-11-15,-0.00147359269083402
2013-11-18,-0.00767420284314635
2013-11-19,0.00297447956497576
2013-11-20,-0.00266903906675453
2013-11-21,0.0160570021987212
2013-11-22,-0.00380441930374131
2013-11-25,-0.00646301391119219
2013-11-26,-0.00384390892962749
2013-11-27,-0.0148411996094152
2013-11-29,0.00813498066089124
2013-12-02,0.00657504502615192
2013-12-03,0.0246436460807602
2013-12-04,0.0107216175439939
2013-12-05,0.0014334575277104
2013-12-06,0.00343541368451183
2013-12-09,-0.00399426544919457
2013-12-10,0.011458063592094
2013-12-11,-0.00934582244843329
2013-12-12,-0.00028584905660356
2013-12-13,-0.00943671691630776
2013-12-16,0.00866050833315546
2013-12-17,-0.00200343451641194
2013-12-18,0.00458847159703102
2013-12-19,0.00827864711043813
2013-12-20,0.00453001132502817
2013-12-23,-0.00338215896279592
2013-12-24,0.0036764987648048
2013-12-26,0.00450831194655898
2013-12-27,0.00532953686790827
2013-12-30,-0.00864958147321448
2013-12-31,-0.00591047019168212
2014-01-02,-0.0308607021517555
2014-01-03,-0.0140227870289219
2014-01-06,-0.0053333333333333
2014-01-07,0.000297944593387056
2014-01-08,-0.012507503722007
2014-01-09,-0.00241248492159218
2014-01-10,0.00332518117743774
2014-01-13,-0.0114491717821383
2014-01-14,0.00701005769551788
2014-01-15,0.0220944000576757
2014-01-16,-0.00355339058335813
2014-01-17,0.0011886180571401
2014-01-21,0.00890480881284672
2014-01-22,0.0167696077217061
2014-01-23,0.00462962949567047
2014-01-24,-0.00403222914653723
2014-01-27,-0.0101215147413816
2014-01-28,0.0134384750219108
2014-01-29,0.00115309890899673
2014-01-30,0.0063346098473942
2014-01-31,-0.0042919025953676
2014-02-03,-0.00804594850706741
2014-02-04,0.00637317497103118
2014-02-05,-0.000863644164441735
2014-02-06,0.0054740134103719
2014-02-07,0.0212033512204384
2014-02-10,-0.000280527505065353
2014-02-11,0.000280606222828883
2014-02-12,0.0044893379486346
2014-02-13,0.0019553073171874
2014-02-14,0.00111516590786631
2014-02-18,0.0208855472013367
2014-02-19,0.00654669939989105
2014-02-20,-0.000542032490946753
2014-02-21,-0.00515189790802884
2014-02-24,0.00272559287886587
2014-02-25,-0.00543628688675468
2014-02-26,0.00437277944793646
2014-02-27,-0.00163268027210883
2014-02-28,0.00136285095020017
2014-03-03,0.0212302111469675
2014-03-04,-0.0122601012793178
2014-03-05,-0.0221262541250337
2014-03-06,0.00910590457472948
2014-03-07,0.00574238446814324
2014-03-10,-0.0130505713173075
2014-03-11,-0.0134985678649743
2014-03-12,-0.0128456572788144
2014-03-13,-0.000282828870315499
2014-03-14,0.00537631578947351
2014-03-17,-0.0106951030311032
2014-03-18,0.0122332852214346
2014-03-19,0.00365365353267832
2014-03-20,-0.00364035294428333
2014-03-21,0.0073074194880598
2014-03-24,-0.000558035714285809
2014-03-25,-0.00139586823003901
2014-03-26,0.00894604417109313
2014-03-27,0.0113604876697144
2014-03-28,0.00328764383561642
2014-03-31,-0.000819197182391984
2014-04-01,-0.0207706477179558
2014-04-02,-0.000837370871483611
2014-04-03,0.00949720696919587
2014-04-04,0.00802437764317587
2014-04-07,-0.00411751303870445
2014-04-08,0.0170893885636547
2014-04-09,0.00867205915056601
2014-04-10,-0.000537345498728081
2014-04-11,-0.000537661275869294
2014-04-14,0.00537926304464764
2014-04-15,0.000267469227729578
2014-04-16,0.00240708752091678
2014-04-17,0.00480256136606183
2014-04-21,-0.000531093998937693
2014-04-22,-0.0170031619820182
2014-04-23,-0.00243243243243252
2014-04-24,0.00379298293145491
2014-04-25,-0.0121457763062288
2014-04-28,0.00300549196751332
2014-04-29,0.000272459827634464
2014-04-30,-0.0108932731238216
2014-05-01,-0.00440528634361248
2014-05-02,0.00359516039823005
2014-05-05,-0.00413342507210168
2014-05-06,0.00138350861603498
2014-05-07,0.011329069116581
2014-05-08,-0.00300535535548396
2014-05-09,-0.0024664290234897
2014-05-12,0.00521972498792733
2014-05-13,0.012298469527193
2014-05-14,0.00377967052430694
2014-05-15,-0.00376543840774624
2014-05-16,0.0051295624965022
2014-05-19,0.00402903572387858
2014-05-20,0.00374529149959102
2014-05-21,0.0122601279317696
2014-05-22,0.000789836756187601
2014-05-23,0.00447256008800623
2014-05-27,-0.00104769512833935
2014-05-28,-0.0120608026235135
2014-05-29,0.00610403397027603
2014-05-30,-0.00606700079134781
2014-06-02,-0.00398091825902347
2014-06-03,0.00293098862059682
2014-06-04,-0.00345379924159939
2014-06-05,0.00106640901447119
2014-06-06,0.00159792281219495
2014-06-09,0.0151555167467292
2014-06-10,0.00261914614981662
2014-06-11,-0.000783672956731207
2014-06-12,0.0216993986928105
2014-06-13,0.0010234646354419
2014-06-16,0.00127809307970583
2014-06-17,-0.00459525170259145
2014-06-18,0.000512849422269923
2014-06-19,0.00307621138560421
2014-06-20,0.00485558382684426
2014-06-23,-0.00406917599186174
2014-06-24,-0.00178753830439204
2014-06-25,0.00511642363775877
2014-06-26,-0.00814456584004652
2014-06-27,0.000256581979559023
2014-06-30,-0.00256539250897891
2014-07-01,-0.000514403278950581
2014-07-02,-0.0118373388616226
2014-07-03,-0.00390630187988017
2014-07-07,-0.00209155555555551
2014-07-08,0.000262038263664666
2014-07-09,-0.0128339706652698
2014-07-10,0.00557184944472944
2014-07-11,-0.0195251177031601
2014-07-14,0.00430570505920347
2014-07-15,-0.0117898981779206
2014-07-16,0.0116594356925315
2014-07-17,0.0139373086588768
2014-07-18,-0.0029077714561051
2014-07-21,0.0100741513766132
2014-07-22,-0.00393692934052126
2014-07-23,0.00553357034167123
2014-07-24,-0.0089098532494758
2014-07-25,-0.00132205182443146
2014-07-28,-0.00344191157002915
2014-07-29,-0.00664187052714849
2014-07-30,-0.0125702330187279
2014-07-31,-0.0162513009886945
2014-08-01,-0.00357932268722472
2014-08-04,0.00801329118577754
2014-08-05,-0.00877192982456143
2014-08-06,-0.0058074944690264
2014-08-07,0.00584141847450836
2014-08-08,-0.00110622234513269
2014-08-11,0.00276860472781304
2014-08-12,-0.00635005504279273
2014-08-13,0.000833509261822352
2014-08-14,-0.0252637146029985
2014-08-15,0.00939897438339576
2014-08-18,-0.010722291498936
2014-08-19,-0.00998294324064608
2014-08-20,0.00432157892024132
2014-08-21,0.00659779097539337
2014-08-22,-0.00370478768880023
2014-08-25,-0.00257437078301981
2014-08-26,0.00487530842774042
2014-08-27,-0.000285445197333201
2014-08-28,0.00827864711043813
2014-08-29,0.0124574745186863
2014-09-02,-0.0271251972665101
2014-09-03,0.0218452997457517
2014-09-04,-0.00703234900231642
2014-09-05,-0.0113313600943727
2014-09-08,-0.00573068735067694
2014-09-09,-0.00230553307476855
2014-09-10,-0.0103986427036002
2014-09-11,0.0125511098979048
2014-09-12,-0.00893623548389266
2014-09-15,0.0052356019419546
2014-09-16,0.0199652482648944
2014-09-17,-0.00680856737588642
2014-09-18,-0.0111396464518508
2014-09-19,-0.00144422303420633
2014-09-22,-0.0109922186867226
2014-09-23,0.0073120797692916
2014-09-24,0.0162601921097616
2014-09-25,-0.00485708571428567
2014-09-26,0.00947453290413236
2014-09-29,0.0102389078498295
2014-09-30,-0.0312500000000002
2014-10-01,-0.00755588491717507
2014-10-02,0.00644207868567626
2014-10-03,-0.017457056079635
2014-10-06,0.00799529167900492
2014-10-07,-0.0176263802107408
2014-10-08,-0.0131578652260127
2014-10-09,-0.0269696666666668
2014-10-10,0.00217997501775224
2014-10-13,-0.00590428837787449
2014-10-14,-0.0356361362925913
2014-10-15,-0.00583468395461917
2014-10-16,0.0140202151940005
2014-10-17,0.00482315112540199
2014-10-20,-0.00352003200000006
2014-10-21,0.0051380862279411
2014-10-22,-0.0239616621074014
2014-10-23,0.0166939448999655
2014-10-24,-0.00579523521555814
2014-10-27,-0.0077720209770733
2014-10-28,0.00587470645805177
2014-10-29,0.0133030499675535
2014-10-30,-0.0150496317643292
2014-10-31,-0.00422630039011707
2014-11-03,-0.0284034942345248
2014-11-04,-0.0154570228494624
2014-11-05,0.0221843693578283
2014-11-06,-0.0116861765714131
2014-11-07,0.00540540540540535
2014-11-10,-0.0141129032258065
2014-11-11,0.00272665303340158
2014-11-12,-0.00951736913664181
2014-11-13,-0.0291694587909903
2014-11-14,0.0190879809442213
2014-11-17,-0.00520291363163372
2014-11-18,-0.0167363668061367
2014-11-19,0.00177301412152442
2014-11-20,0.0169911504424778
2014-11-21,0.0128785241907414
2014-11-24,-0.0123711340206186
2014-11-25,-0.0247042101600556
2014-11-26,-0.00463792348776582
2014-11-28,-0.0831541218637993
2014-12-01,0.0289288506645817
2014-12-02,-0.0281155015197569
2014-12-03,0
2014-12-04,-0.00938232994526966
2014-12-05,-0.0149960931333859
2014-12-08,-0.0420672693135925
2014-12-09,0.0121288582183188
2014-12-10,-0.038016527354689
2014-12-11,-0.0257732377245172
2014-12-12,-0.033068783068783
2014-12-15,-0.0396717282261742
2014-12-16,0.0113960119371326
2014-12-17,0.00187798130882544
2014-12-18,-0.028116213683224
2014-12-19,0.0588234811957571
2014-12-22,-0.0473587908633328
2014-12-23,0.0305926864244741
2014-12-24,-0.0236549176092263
2014-12-26,-0.0128265089228746
2014-12-29,-0.0230992289172651
2014-12-30,-0.000492512339532625
2014-12-31,0.00344997518728563
2015-01-02,-0.0230845764693234
2015-01-05,-0.0553040751786865
2015-01-06,-0.039382754689582
2015-01-07,0.0177286436414761
2015-01-08,0.00979847524232591
2015-01-09,-0.0145551490326227
2015-01-12,-0.0475930499128527
2015-01-13,0.0120620907524411
2015-01-14,0.0368898389960364
2015-01-15,-0.0448822660098521
2015-01-16,0.0504297392303874
2015-01-20,-0.0463720676486633
2015-01-21,0.0165903890160182
2015-01-22,-0.020258863252673
2015-01-23,-0.0235496840896037
2015-01-26,-0.00764700000000007
2015-01-27,0.0201539999908715
2015-01-28,-0.0377687412997525
2015-01-29,0.00724643763565425
2015-01-30,0.0683453237410072
2015-02-02,0.0448934343434342
2015-02-03,0.0537056899191359
2015-02-04,-0.0682976519725967
2015-02-05,0.0410284441450524
2015-02-06,0.0231212809710311
2015-02-09,0.015408372645525
2015-02-10,-0.041982751643905
2015-02-11,-0.0227033250948613
2015-02-12,0.0361966504592111
2015-02-13,0.0229406152241918
2015-02-17,0.00866462748906094
2015-02-18,-0.0267812518048887
2015-02-19,-0.00830737279335414
2015-02-20,-0.0235602094240839
2015-02-23,-0.0289543699731902
2015-02-24,-0.00386526759440819
2015-02-25,0.0338136899216357
2015-02-26,-0.0332439142091153
2015-02-27,0.00388236251345764
2015-03-02,0.0121546961325967
2015-03-03,0.00927947598253276
2015-03-04,0.028123309897242
2015-03-05,-0.0157812204103105
2015-03-06,-0.0251202044425551
2015-03-09,0.00603070175438614
2015-03-10,-0.0239782016348774
2015-03-11,-0.00781686208821886
2015-03-12,-0.0185705683736636
2015-03-13,-0.0366973602811146
2015-03-16,-0.0267856563562889
2015-03-17,-0.0238532110091744
2015-03-18,0.050125313283208
2015-03-19,-0.0405727923627687
2015-03-20,0.021766169154229
2015-03-23,0.0213025562994522
2015-03-24,0.000595947521099705
2015-03-25,0.0339487770131759
2015-03-26,0.0489630156127294
2015-03-27,-0.0587589268950537
2015-03-30,0.00525093379527042
2015-03-31,-0.0226349390597795
2015-04-01,0.0439429928741091
2015-04-02,-0.00113771331057999
2015-04-06,0.049544478903444
2015-04-07,0.0341833423765601
2015-04-08,-0.0519411884544171
2015-04-09,-0.00221355838406212
2015-04-10,0.0210759278382737
2015-04-13,0.0048886474741987
2015-04-14,0.0172972972972973
2015-04-15,0.0472900637619553
2015-04-16,0.0116693055134096
2015-04-17,-0.00501509503434827
2015-04-20,0.00252011088709669
2015-04-21,-0.0221215697396465
2015-04-22,-0.00462724911942158
2015-04-23,0.0206611043046951
2015-04-24,-0.00455465587044535
2015-04-27,-0.00762582613116436
2015-04-28,0.00409836065573788
2015-04-29,0.026530663265306
2015-04-30,0.0193836471479303
2015-05-01,-0.00536323744514888
2015-05-04,-0.00588230392156863
2015-05-05,0.0236685885764998
2015-05-06,0.00289017341040454
2015-05-07,-0.0297790105667627
2015-05-08,0.0108910390648
2015-05-11,-0.00195891283055827
2015-05-12,0.0176644267745056
2015-05-13,-0.00626803278688515
2015-05-14,-0.00388161068017423
2015-05-15,-0.00048714074587719
2015-05-18,-0.00389858674463939
2015-05-19,-0.0396282759477359
2015-05-20,0.0106979628475783
2015-05-21,0.033266129032258
2015-05-22,-0.0121951219512195
2015-05-26,-0.0276542716049384
2015-05-27,-0.0106653625868276
2015-05-28,0.00410672484599583
2015-05-29,0.0383435602425133
2015-06-01,0.0024619400522865
2015-06-02,0.015717042450047
2015-06-03,-0.0246615087040618
2015-06-04,-0.0252850768468023
2015-06-05,0.0122075279755849
2015-06-08,-0.00954778894472352
2015-06-09,0.0253678348740658
2015-06-10,0.0212765967974566
2015-06-11,-0.00726739376295515
2015-06-12,-0.0107369448511468
2015-06-15,-0.00592007893438584
2015-06-16,0.00545905707196037
2015-06-17,-0.00246796643632785
2015-06-18,0.00742216761119097
2015-06-19,-0.0166994589047418
2015-06-22,0.00699300699300709
2015-06-23,0.0153769345238095
2015-06-24,-0.0131899371367825
2015-06-25,-0.0108911380746961
2015-06-26,0
2015-06-29,-0.0235235235235235
2015-06-30,0.0189645822655049
2015-07-01,-0.0392353641466481
2015-07-02,-0.00890052356020954
2015-07-06,-0.063391442155309
2015-07-07,0.00169204737732653
2015-07-08,-0.0213964527027027
2015-07-09,0.0189873428646341
2015-07-10,-0.00225855461651903
2015-07-13,-0.00905489530277304
2015-07-14,0.0119930896630496
2015-07-15,-0.0276523153302661
2015-07-16,-0.0104469529889728
2015-07-17,-0.00351900313894449
2015-07-20,-0.0176573866980576
2015-07-21,0.013181485129929
2015-07-22,-0.0337078651685393
2015-07-23,-0.0122399632802938
2015-07-24,-0.0068152420579457
2015-07-27,-0.0237056129940353
2015-07-28,0.0127795527156549
2015-07-29,0.0246056782334385
2015-07-30,-0.00862068965517226
2015-07-31,-0.0316770186335404
2015-08-03,-0.0314304041051956
2015-08-04,0.00794701986754975
2015-08-05,-0.0124835742444154
2015-08-06,-0.0106453759148371
2015-08-07,-0.0208473436449226
2015-08-10,0.0226648351648351
2015-08-11,-0.0275352585627938
2015-08-12,-0.00276243093922657
2015-08-13,-0.0242382271468143
2015-08-14,-0.00709723207948898
2015-08-17,-0.00714796283059327
2015-08-18,0.011519078473722
2015-08-19,-0.0441281138790036
2015-08-20,-0.00446760982874161
2015-08-21,-0.0104712041884816
2015-08-24,-0.0551776266061981
2015-08-25,0.0184
2015-08-26,0.00314218381775322
2015-08-27,0.0924040720438528
2015-08-28,0.0666666666666669
2015-08-31,0.0678763440860215
2015-09-01,-0.0679672750157332
2015-09-02,0.0189061444969614
2015-09-03,0.0165672630881379
2015-09-04,-0.0169491525423728
2015-09-08,-0.00397877984084882
2015-09-09,-0.033288948069241
2015-09-10,0.028236914600551
2015-09-11,-0.0187541862022772
2015-09-14,-0.0177474402730375
2015-09-15,0.0125086865879083
2015-09-16,0.0542210020590252
2015-09-17,-0.00846354166666663
2015-09-18,-0.0400525279054499
2015-09-21,0.0294117647058825
2015-09-22,-0.00863787375415292
2015-09-23,-0.032171581769437
2015-09-24,0.010387811634349
2015-09-25,0.00822481151473609
2015-09-28,-0.0224337185588035
2015-09-29,0.0159944367176634
2015-09-30,0.00479123887748112
2015-10-01,-0.00681198910081737
2015-10-02,0.0130315500685871
2015-10-05,0.0155721056194991
2015-10-06,0.0493333333333335
2015-10-07,-0.0108005082592122
2015-10-08,0.0301863198458574
2015-10-09,-0.00311726913233978
2015-10-12,-0.0425265791119449
2015-10-13,-0.0163291966035271
2015-10-14,-0.000664010624169986
2015-10-15,0.00531561461794028
2015-10-16,0.00594844679444817
2015-10-19,-0.0256241787122208
2015-10-20,-0.00674308833445714
2015-10-21,-0.0203665987780042
2015-10-22,0.00554400554400547
2015-10-23,-0.0165403170227429
2015-10-26,-0.0182200420462508
2015-10-27,-0.0135617416131334
2015-10-28,0.0629522431259044
2015-10-29,-0.00408441116405711
2015-10-30,0.0123034859876965
2015-11-02,-0.00405131667792036
2015-11-03,0.0359322033898304
2015-11-04,-0.0281413612565445
2015-11-05,-0.0249158249158249
2015-11-06,-0.0172651933701657
2015-11-09,-0.0105411103302882
2015-11-10,0.000710227272727293
2015-11-11,-0.0234208658623137
2015-11-12,-0.029796511627907
2015-11-13,-0.0217228464419476
2015-11-16,0.0252679938744258
2015-11-17,-0.0283793876026887
2015-11-18,0.00307455803228285
2015-11-19,-0.00689655172413794
2015-11-20,-0.00231481481481488
2015-11-23,0.00696055684454766
2015-11-24,0.0230414746543779
2015-11-25,0.00525525525525539
2015-11-27,-0.0268857356235997
2015-11-30,-0.00767459708365303
2015-12-01,0.00154679040989936
2015-12-02,-0.0362934362934362
2015-12-03,0.0232371794871795
2015-12-04,-0.0242756460454189
2015-12-07,-0.0593900481540931
2015-12-08,-0.0034129692832765
2015-12-09,-0.0102739726027397
2015-12-10,-0.0164359861591696
2015-12-11,-0.0263852242744063
2015-12-14,0.00813008130081294
2015-12-15,0.021505376344086
2015-12-16,-0.0359649122807018
2015-12-17,-0.0227479526842584
2015-12-18,-0.00744878957169459
2015-12-21,0
2015-12-22,0.0103189493433395
2015-12-23,0.0454967502321264
2015-12-24,0.00355239786856143
2015-12-28,-0.0327433628318585
2015-12-29,0.030192131747484
2015-12-30,-0.0293072824156305
2015-12-31,0.0064043915827996
2016-01-04,-0.00181818181818183
2016-01-05,-0.0291438979963571
2016-01-06,-0.0515947467166979
2016-01-07,-0.0207715133531157
2016-01-08,-0.0101010101010101
2016-01-11,-0.056122448979592
2016-01-12,-0.00864864864864867
2016-01-13,-0.00872410032715376
2016-01-14,0.0154015401540155
2016-01-15,-0.0476706392199351
2016-01-19,-0.0341296928327643
2016-01-20,-0.0294464075382803
2016-01-21,0.0388349514563107
2016-01-22,0.0829439252336448
2016-01-25,-0.0787486515641856
2016-01-26,0.0503512880562063
2016-01-27,0.0234113712374582
2016-01-28,0.0566448801742918
2016-01-29,-0.0051546391752576
2016-02-01,-0.0652849740932643
2016-02-02,-0.0498891352549888
2016-02-03,0.0898483080513419
2016-02-04,-0.0235546038543898
2016-02-05,-0.0230263157894736
2016-02-08,-0.0303030303030303
2016-02-09,-0.0532407407407408
2016-02-10,-0.0268948655256723
2016-02-11,0.00376884422110546
2016-02-12,0.0425531914893618
2016-02-16,-0.00240096038415361
2016-02-17,0.056558363417569
2016-02-18,-0.0136674259681092
2016-02-19,-0.0127020785219399
2016-02-22,0.0421052631578946
2016-02-23,-0.0482603815937149
2016-02-24,0.0129716981132075
2016-02-25,0.0244470314318976
2016-02-26,-0.00227272727272743
2016-02-29,0.0250569476082005
2016-03-01,0.0166666666666666
2016-03-02,0.0163934426229508
2016-03-03,-0.00537634408602161
2016-03-04,0.0432432432432432
2016-03-07,0.0476683937823834
2016-03-08,-0.0454995054401581
2016-03-09,0.0518134715025906
2016-03-10,-0.0108374384236455
2016-03-11,0.0149402390438247
2016-03-14,-0.030421982335623
2016-03-15,-0.0182186234817815
2016-03-16,0.0494845360824743
2016-03-17,0.0363457760314343
2016-03-18,-0.00663507109004746
2016-03-21,0.0104961832061068
2016-03-22,-0.00472143531633629
2016-03-23,-0.040796963946869
2016-03-24,-0.00494559841740838
2016-03-28,-0.00497017892644147
2016-03-29,-0.0209790209790209
2016-03-30,-0.00714285714285712
2016-03-31,-0.00308324768756441
2016-04-01,-0.0381443298969072
2016-04-04,-0.0267952840300107
2016-04-05,0.00550660792951541
2016-04-06,0.0514786418400874
2016-04-07,-0.00937500000000002
2016-04-08,0.0546792849631965
2016-04-11,0.024925224327019
2016-04-12,0.0350194552529184
2016-04-13,-0.012218045112782
2016-04-14,-0.0028544243577544
2016-04-15,-0.0219465648854962
2016-04-18,-0.00780487804878049
2016-04-19,0.0265486725663717
2016-04-20,0.0306513409961686
2016-04-21,-0.00371747211895901
2016-04-22,0.00373134328358193
2016-04-25,-0.0195167286245352
2016-04-26,0.0246445497630332
2016-04-27,0.0305272895467159
2016-04-28,0.00718132854578091
2016-04-29,0.00713012477718356
2016-05-02,-0.0221238938053098
2016-05-03,-0.0280542986425339
2016-05-04,0.00465549348230909
2016-05-05,0.010194624652456
2016-05-06,0.00550458715596336
2016-05-09,-0.0255474452554746
2016-05-10,0.0290262172284645
2016-05-11,0.0318471337579618
2016-05-12,0.00970017636684295
2016-05-13,-0.00698689956331877
2016-05-16,0.0343007915567284
2016-05-17,0.0136054421768708
2016-05-18,-0.0184563758389262
2016-05-19,0.00769230769230766
2016-05-20,-0.00339270568278194
2016-05-23,-0.00765957446808507
2016-05-24,0.0137221269296741
2016-05-25,0.0177664974619289
2016-05-26,-0.00665004156275972
2016-05-27,0.00251046025104618
2016-05-31,-0.0091819699499166
2016-06-01,0.0050547598989048
2016-06-02,-0.00586756077116513
2016-06-03,-0.00337268128161883
2016-06-06,0.0186125211505921
2016-06-07,0.014950166112957
2016-06-08,0.0171849427168576
2016-06-09,-0.0144810941271118
2016-06-10,-0.0310204081632653
2016-06-13,-0.00926705981465881
2016-06-14,-0.00255102040816324
2016-06-15,-0.0221653878942881
2016-06-16,-0.0287707061900611
2016-06-17,0.0466786355475763
2016-06-20,0.0214408233276158
2016-06-21,-0.00167926112510497
2016-06-22,-0.0126156433978133
2016-06-23,0.020442930153322
2016-06-24,-0.0484140233722872
2016-06-27,-0.018421052631579
2016-06-28,0.0250223413762289
2016-06-29,0.0278988666085438
2016-06-30,-0.018659881255301
2016-07-01,0.0181503889369057
2016-07-05,-0.0509337860780984
2016-07-06,0.0134168157423971
2016-07-07,-0.0450132391879965
2016-07-08,0.000924214417744817
2016-07-11,-0.0166204986149584
2016-07-12,0.0507042253521126
2016-07-13,-0.0393208221626452
2016-07-14,0.0111627906976743
2016-07-15,0.0110395584176635
2016-07-18,-0.0154686078252957
2016-07-19,-0.0110905730129391
2016-07-20,0.00280373831775704
2016-07-21,-0.0223671947809879
2016-07-22,-0.00667302192564345
2016-07-25,-0.0278310940499039
2016-07-26,-0.00493583415597243
2016-07-27,-0.0178571428571428
2016-07-28,-0.0232323232323233
2016-07-29,0.00930713547052742
2016-08-01,-0.0358606557377049
2016-08-02,-0.00850159404888418
2016-08-03,0.0385852090032153
2016-08-04,0.0154798761609907
2016-08-05,0.00203252032520318
2016-08-08,0.024340770791075
2016-08-09,-0.00297029702970286
2016-08-10,-0.0297914597815294
2016-08-11,0.0450358239508701
2016-08-12,0.028403525954946
2016-08-15,0.0247619047619048
2016-08-16,0.0148698884758365
2016-08-17,0.00641025641025639
2016-08-18,0.0282074613284804
2016-08-19,0.00353982300884947
2016-08-22,-0.0326278659611993
2016-08-23,0.0109389243391065
2016-08-24,-0.0243462578899909
2016-08-25,0.0120147874306837
2016-08-26,0
2016-08-29,-0.0091324200913242
2016-08-30,-0.0110599078341013
2016-08-31,-0.0344827586206897
2016-09-01,-0.0289575289575289
2016-09-02,0.0178926441351888
2016-09-06,0.0146484375
2016-09-07,0.0125120307988449
2016-09-08,0.0418250950570342
2016-09-09,-0.0337591240875913
2016-09-12,0.00472143531633629
2016-09-13,-0.0253759398496242
2016-09-14,-0.0270009643201542
2016-09-15,0.00495540138751238
2016-09-16,-0.0138067061143985
2016-09-19,-0.002
2016-09-20,0.00901803607214435
2016-09-21,0.0327706057596822
2016-09-22,0.0125
2016-09-23,-0.0322886989553656
2016-09-26,0.0235525024533858
2016-09-27,-0.0268456375838926
2016-09-28,0.0492610837438423
2016-09-29,0.0206572769953051
2016-09-30,0.00551977920883173
2016-10-03,0.0155535224153704
2016-10-04,-0.000900900900900892
2016-10-05,0.0234445446348062
2016-10-06,0.0140969162995594
2016-10-07,-0.0156385751520417
2016-10-10,0.0300088261253311
2016-10-11,-0.00771208226221076
2016-10-12,-0.0129533678756477
2016-10-13,0.00524934383202114
2016-10-14,-0.00435161009573548
2016-10-17,-0.00611888111888115
2016-10-18,0.00703605980650845
2016-10-19,0.0183406113537119
2016-10-20,-0.0197255574614066
2016-10-21,0.00437445319335095
2016-10-24,-0.00435540069686413
2016-10-25,-0.0166229221347332
2016-10-26,-0.0133451957295374
2016-10-27,0.0108205590622183
2016-10-28,-0.0178412132024979
2016-10-31,-0.0435967302452317
2016-11-01,0.00379867046533722
2016-11-02,-0.0274361400189216
2016-11-03,-0.0194552529182879
2016-11-04,-0.00992063492063489
2016-11-07,0.0180360721442885
2016-11-08,-0.00590551181102372
2016-11-09,0.0178217821782178
2016-11-10,-0.0233463035019456
2016-11-11,-0.0268924302788844
2016-11-14,0.0102354145342887
2016-11-15,0.0476190476190477
2016-11-16,-0.0106382978723404
2016-11-17,-0.00977517106549364
2016-11-18,0.018756169792695
2016-11-21,0.0436046511627906
2016-11-22,-0.0129990714948931
2016-11-23,0.00376293508936953
2016-11-25,-0.0318650421743205
2016-11-28,0.010648596321394
2016-11-29,-0.0363984674329501
2016-11-30,0.0864811133200794
2016-12-01,0.0365965233302836
2016-12-02,0.0132391879964695
2016-12-05,-0.0113240418118468
2016-12-06,-0.00528634361233482
2016-12-07,-0.0177147918511957
2016-12-08,0.0198376916140668
2016-12-09,0.0114942528735631
2016-12-12,0.0157342657342656
2016-12-13,0.00946643717728057
2016-12-14,-0.0349531116794544
2016-12-15,0.00353356890459366
2016-12-16,0.0167253521126762
2016-12-19,-0.0043290043290044
2016-12-20,0.0104347826086957
2016-12-21,-0.0154905335628227
2016-12-22,0.00174825174825188
2016-12-23,0.00872600349040131
2016-12-27,0.0147058823529411
2016-12-28,0.00170502983802212
2016-12-29,-0.00255319148936162
2016-12-30,0
2017-01-03,-0.0238907849829353
2017-01-04,0.0122377622377623
2017-01-05,0.0103626943005182
2017-01-06,-0.0017094017094017
2017-01-09,-0.0316780821917808
2017-01-10,-0.0212201591511937
2017-01-11,0.02710027100271
2017-01-12,0.0149516270888304
2017-01-13,-0.0112651646447139
2017-01-17,0.00175284837861511
2017-01-18,-0.0236220472440944
2017-01-19,0.000896057347670176
2017-01-20,0.0196956132497763
2017-01-23,-0.00614574187884109
2017-01-24,0.00441696113074186
2017-01-25,-0.00527704485488112
2017-01-26,0.0194518125552607
2017-01-27,-0.0112749349522983
2017-01-30,-0.0105263157894737
2017-01-31,0.00354609929078031
2017-02-01,0.0141342756183747
2017-02-02,0.0026132404181185
2017-02-03,0.00260642919200693
2017-02-06,-0.0138648180242633
2017-02-07,-0.0166959578207383
2017-02-08,0.00357462019660426
2017-02-09,0.0106856634016028
2017-02-10,0.0132158590308371
2017-02-13,-0.0156521739130434
2017-02-14,0.0053003533568905
2017-02-15,-0.00175746924428832
2017-02-16,0.00440140845070425
2017-02-17,-0.00175284837861522
2017-02-21,0.0131694468832309
2017-02-22,-0.0155979202772963
2017-02-23,0.0149647887323943
2017-02-24,-0.00607111882046818
2017-02-27,0.00087260034904002
2017-02-28,-0.00174367916303408
2017-03-01,-0.00436681222707413
2017-03-02,-0.0201754385964913
2017-03-03,0.0107430617726052
2017-03-06,-0.000885739592559776
2017-03-07,-0.000886524822695023
2017-03-08,-0.0532386867790594
2017-03-09,-0.0131208997188379
2017-03-10,-0.0227920227920229
2017-03-13,-0.000971817298347943
2017-03-14,-0.00875486381322954
2017-03-15,0.0186457311089305
2017-03-16,-0.00192678227360321
2017-03-17,-0.00289575289575283
2017-03-20,-0.005808325266215
2017-03-21,-0.0155793573515093
2017-03-22,0.000989119683481698
2017-03-23,-0.0108695652173912
2017-03-24,0.00799200799200794
2017-03-27,-0.00495540138751249
2017-03-28,0.010956175298805
2017-03-29,0.0216748768472905
2017-03-30,0.0192864030858246
2017-03-31,0.00662251655629142
2017-04-03,-0.00845864661654139
2017-04-04,0.0151658767772511
2017-04-05,-0.00280112044817937
2017-04-06,0.0168539325842696
2017-04-07,0.00920810313075515
2017-04-10,0.0164233576642336
2017-04-11,0.00269299820466773
2017-04-12,-0.0053715308863026
2017-04-13,0.00180018001800186
2017-04-17,-0.00628930817610063
2017-04-18,-0.00180831826401462
2017-04-19,-0.0380434782608695
2017-04-20,-0.00753295668549903
2017-04-21,-0.0208728652751422
2017-04-24,-0.00678294573643412
2017-04-25,0.0107317073170732
2017-04-26,-0.00965250965250963
2017-04-27,-0.00194931773879137
2017-04-28,0
2017-05-01,-0.0087890625
2017-05-02,-0.0226600985221675
2017-05-03,0.001008064516129
2017-05-04,-0.0473313192346424
2017-05-05,0.0211416490486258
2017-05-08,0.00103519668737051
2017-05-09,-0.0103412616339194
2017-05-10,0.0303030303030303
2017-05-11,0.00811359026369174
2017-05-12,0.00100603621730389
2017-05-15,0.0221105527638192
2017-05-16,-0.00589970501474935
2017-05-17,0.00791295746785359
2017-05-18,0.00686947988223752
2017-05-19,0.0214424951267058
2017-05-22,0.00572519083969447
2017-05-23,0.00948766603415563
2017-05-24,-0.00375939849624074
2017-05-25,-0.0528301886792454
2017-05-26,0.0239043824701195
2017-05-30,-0.00389105058365746
2017-05-31,-0.0273437499999999
2017-06-01,-0.0050200803212852
2017-06-02,-0.00504540867810299
2017-06-05,-0.00608519269776864
2017-06-06,0.0173469387755103
2017-06-07,-0.0511534603811434
2017-06-08,-0.00317124735729402
2017-06-09,0.00636267232237553
2017-06-12,0.00316122233930449
2017-06-13,0.00840336134453779
2017-06-14,-0.0385416666666666
2017-06-15,-0.00541711809317447
2017-06-16,0.00653594771241828
2017-06-19,-0.0129870129870131
2017-06-20,-0.018640350877193
2017-06-21,-0.0268156424581004
2017-06-22,0.00803673938002269
2017-06-23,0.00911161731207288
2017-06-26,0.00790067720090293
2017-06-27,0.0190369540873461
2017-06-28,0.0109890109890109
2017-06-29,0.00108695652173929
2017-06-30,0.0314875135722041
2017-07-03,0.0126315789473683
2017-07-05,-0.0384615384615384
2017-07-06,0.00648648648648664
2017-07-07,-0.0225563909774437
2017-07-10,0.00329670329670351
2017-07-11,0.0153340635268344
2017-07-12,0.00647249190938526
2017-07-13,0.015005359056806
2017-07-14,0.0126715945089757
2017-07-17,-0.0145985401459855
2017-07-18,0.00952380952380949
2017-07-19,0.0157232704402517
2017-07-20,-0.00825593395252844
2017-07-21,-0.0280957336108221
2017-07-24,0.0171306209850106
2017-07-25,0.0326315789473686
2017-07-26,0.0152905198776758
2017-07-27,0.0100401606425702
2017-07-28,0.0109343936381709
2017-07-31,0.0108161258603736
2017-08-01,-0.0184824902723735
2017-08-02,0.00495540138751238
2017-08-03,-0.0118343195266273
2017-08-04,0.0109780439121758
2017-08-07,-0.00296150049358357
2017-08-08,-0.00396039603960385
2017-08-09,0.00894632206759449
2017-08-10,-0.0236453201970444
2017-08-11,0.0080726538849647
2017-08-14,-0.027027027027027
2017-08-15,0.00308641975308643
2017-08-16,-0.0184615384615384
2017-08-17,0.00522466039707403
2017-08-18,0.0363825363825365
2017-08-21,-0.0260782347041123
2017-08-22,0.00617919670442824
2017-08-23,0.0112589559877176
2017-08-24,-0.0172064777327935
2017-08-25,0.00411946446961897
2017-08-28,-0.0225641025641027
2017-08-29,-0.00734522560335771
2017-08-30,-0.0084566596194503
2017-08-31,0.0266524520255864
2017-09-01,0.0041536863966769
2017-09-05,0.0258531540847984
2017-09-06,0.0120967741935483
2017-09-07,-0.000996015936254979
2017-09-08,-0.0299102691924227
2017-09-11,0.00924974306269277
2017-09-12,0.00509164969450082
2017-09-13,0.0202634245187439
2017-09-14,0.00595829195630593
2017-09-15,0.00691016781836118
2017-09-18,-0.00294117647058822
2017-09-19,-0.00589970501474935
2017-09-20,0.0128585558852623
2017-09-21,0.0009765625
2017-09-22,-0.000975609756097562
2017-09-25,0.0302734375
2017-09-26,-0.00568720379146925
2017-09-27,0.00285986653956138
2017-09-28,-0.0085551330798479
2017-09-29,0
2017-10-02,-0.0210930009587726
2017-10-03,-0.00293829578844285
2017-10-04,-0.00982318271119842
2017-10-05,0.0168650793650793
2017-10-06,-0.0273170731707316
2017-10-09,0.00300902708124373
2017-10-10,0.028
2017-10-11,0.00778210116731515
2017-10-12,-0.0125482625482625
2017-10-13,0.0136852394916911
2017-10-16,0.00867888138862116
2017-10-17,0.00286806883365198
2017-10-18,-0.000953288846520461
2017-10-19,-0.0124045801526719
2017-10-20,0.0077294685990339
2017-10-23,-0.000958772770853322
2017-10-24,0.0115163147792705
2017-10-25,-0.00569259962049329
2017-10-26,0.00858778625954204
2017-10-27,0.0255439924314096
2017-10-30,0.00276752767527677
2017-10-31,0.00551977920883173
2017-11-01,-0.00274473924977126
2017-11-02,0.00825688073394493
2017-11-03,0.0172884440400363
2017-11-06,0.0295169946332736
2017-11-07,-0.00173761946133788
2017-11-08,-0.00696257615317664
2017-11-09,0.00438212094653823
2017-11-10,-0.00349040139616064
2017-11-13,-0.00350262697022763
2017-11-14,-0.0219683655536028
2017-11-15,-0.00359389038634328
2017-11-16,-0.00180342651036969
2017-11-17,0.0252935862691959
2017-11-20,-0.00616740088105727
2017-11-21,0.0106382978723405
2017-11-22,0.0175438596491226
2017-11-24,0.0163793103448275
2017-11-27,-0.01696352841391
2017-11-28,-0.000862812769628962
2017-11-29,-0.00949913644214162
2017-11-30,0
2017-12-01,0.01743679163034
2017-12-04,-0.0154241645244215
2017-12-05,0.00435161009573526
2017-12-06,-0.0294627383015598
2017-12-07,0.0116071428571429
2017-12-08,0.0141218005295676
2017-12-11,0.00957354221061779
2017-12-12,-0.0137931034482759
2017-12-13,-0.00961538461538458
2017-12-14,0.0088261253309796
2017-12-15,0.00262467191601057
2017-12-18,-0.00174520069808037
2017-12-19,0.00611888111888104
2017-12-20,0.00868809730668985
2017-12-21,0.00258397932816545
2017-12-22,0.00171821305841924
2017-12-26,0.0248713550600341
2017-12-27,-0.00251046025104595
2017-12-28,0.00419463087248317
2017-12-29,0.00334168755221387
