Date,AAPL,AMZN,GOOGL,META,NFLX
2020-01-02,75.09,94.9,68.43,209.78,329.81
2020-01-03,74.36,93.75,68.08,208.67,325.9
2020-01-06,74.95,95.14,69.89,212.6,335.83
2020-01-07,74.6,95.34,69.76,213.06,330.75
2020-01-08,75.8,94.6,70.25,215.22,339.26
2020-01-09,77.41,95.05,70.99,218.3,335.66
2020-01-10,77.58,94.16,71.45,218.06,329.05
2020-01-13,79.24,94.57,72.0,221.91,338.92
2020-01-14,78.17,93.47,71.53,219.06,338.69
2020-01-15,77.83,93.1,71.96,221.15,339.07
2020-01-16,78.81,93.9,72.51,221.77,338.62
2020-01-17,79.68,93.24,73.98,222.14,339.67
2020-01-21,79.14,94.6,74.11,221.44,338.11
2020-01-22,79.43,94.37,74.19,221.32,326.0
2020-01-23,79.81,94.23,74.23,219.76,349.6
2020-01-24,79.58,93.08,73.31,217.94,353.16
2020-01-27,77.24,91.42,71.59,214.87,342.88
2020-01-28,79.42,92.66,72.53,217.79,348.52
2020-01-29,81.08,92.9,72.83,223.23,343.16
2020-01-30,80.97,93.53,72.71,209.53,347.74
2020-01-31,77.38,100.44,71.64,201.91,345.09
2020-02-03,77.17,100.21,74.13,204.19,358.0
2020-02-04,79.71,102.48,72.27,209.83,369.01
2020-02-05,80.36,101.99,72.3,210.11,369.67
2020-02-06,81.3,102.51,73.8,210.85,366.95
2020-02-07,80.01,103.96,73.96,212.33,366.77
2020-02-10,80.39,106.7,75.43,213.06,371.07
2020-02-11,79.9,107.54,75.5,207.19,373.69
2020-02-12,81.8,108.0,75.93,210.76,380.01
2020-02-13,81.22,107.49,75.67,213.14,381.4
2020-02-14,81.24,106.74,75.94,214.18,380.4
2020-02-18,79.75,107.78,75.97,217.8,387.78
2020-02-19,80.9,108.51,76.24,217.49,386.19
2020-02-20,80.07,107.65,75.85,214.58,386.0
2020-02-21,78.26,104.8,74.17,210.18,380.07
2020-02-24,74.54,100.46,70.99,200.72,368.7
2020-02-25,72.02,98.64,69.32,196.77,360.09
2020-02-26,73.16,98.98,69.52,197.2,379.24
2020-02-27,68.38,94.21,65.75,189.75,371.71
2020-02-28,68.34,94.19,66.96,192.47,369.03
2020-03-02,74.7,97.7,69.32,196.44,381.05
2020-03-03,72.33,95.45,66.89,185.89,368.77
2020-03-04,75.68,98.79,69.08,191.76,383.79
2020-03-05,73.23,96.2,65.74,185.17,372.78
2020-03-06,72.26,95.05,64.79,181.09,368.97
2020-03-09,66.54,90.03,60.79,169.5,346.49
2020-03-10,71.33,94.59,63.76,178.19,364.13
2020-03-11,68.86,91.04,60.54,170.24,349.92
2020-03-12,62.06,83.83,55.58,154.47,315.25
2020-03-13,69.49,89.25,60.71,170.28,336.3
2020-03-16,60.55,84.46,53.65,146.01,298.84
2020-03-17,63.22,90.39,55.9,149.42,319.75
2020-03-18,61.67,91.5,54.56,146.96,315.47
2020-03-19,61.19,94.05,55.58,153.13,332.03
2020-03-20,57.31,92.3,53.41,149.73,332.83
2020-03-23,56.09,95.14,52.71,148.1,360.27
2020-03-24,61.72,97.0,56.5,160.98,357.32
2020-03-25,61.38,94.29,55.08,156.21,342.39
2020-03-26,64.61,97.77,58.15,163.34,362.99
2020-03-27,61.94,95.0,55.51,156.79,357.12
2020-03-30,63.7,98.2,57.32,165.95,370.96
2020-03-31,63.57,97.49,58.1,166.8,375.5
2020-04-01,60.23,95.39,55.1,159.6,364.08
2020-04-02,61.23,95.94,55.85,158.19,370.08
2020-04-03,60.35,95.33,54.63,154.18,361.76
2020-04-06,65.62,99.88,59.16,165.55,379.96
2020-04-07,64.86,100.58,59.13,168.83,372.28
2020-04-08,66.52,102.15,60.35,174.28,371.12
2020-04-09,67.0,102.14,60.33,175.19,370.72
2020-04-13,68.31,108.44,60.52,174.79,396.72
2020-04-14,71.76,114.17,63.26,178.17,413.55
2020-04-15,71.11,115.38,62.87,176.97,426.75
2020-04-16,71.67,120.41,62.87,176.25,439.17
2020-04-17,70.7,118.75,63.95,179.24,422.96
2020-04-20,69.23,119.68,63.06,178.24,437.49
2020-04-21,67.09,116.41,60.61,170.8,433.83
2020-04-22,69.03,118.17,62.92,182.28,421.42
2020-04-23,68.76,119.97,63.56,185.13,426.7
2020-04-24,70.74,120.51,63.83,190.07,424.99
2020-04-27,70.79,118.8,63.54,187.5,421.38
2020-04-28,69.64,115.7,61.63,182.91,403.83
2020-04-29,71.93,118.64,67.11,194.19,411.89
2020-04-30,73.45,123.7,67.33,204.71,419.85
2020-05-01,72.27,114.3,65.87,202.27,415.27
2020-05-04,73.29,115.8,66.14,205.26,428.15
2020-05-05,74.39,115.89,67.45,207.07,424.68
2020-05-06,75.16,117.56,67.27,208.47,434.26
2020-05-07,75.93,118.38,68.46,211.26,436.53
2020-05-08,77.53,118.98,69.22,212.35,435.55
2020-05-11,78.75,120.45,70.18,213.18,440.52
2020-05-12,77.85,117.85,68.76,210.1,431.82
2020-05-13,76.91,118.4,67.42,205.1,438.27
2020-05-14,77.39,119.44,67.84,206.81,441.95
2020-05-15,76.93,120.49,68.65,210.88,454.19
2020-05-18,78.74,121.31,69.26,213.19,452.58
2020-05-19,78.29,122.47,68.72,216.88,451.04
2020-05-20,79.81,124.9,70.46,229.97,447.67
2020-05-21,79.21,122.34,70.34,231.39,436.25
2020-05-22,79.72,121.84,70.66,234.91,429.32
2020-05-26,79.18,121.09,71.07,232.2,414.77
2020-05-27,79.53,120.52,71.01,229.14,419.89
2020-05-28,79.56,120.06,70.91,225.46,413.44
2020-05-29,79.49,122.12,71.68,225.09,419.73
2020-06-01,80.46,123.55,71.74,231.91,425.92
2020-06-02,80.83,123.62,72.12,232.72,427.31
2020-06-03,81.28,123.92,71.96,230.16,421.97
2020-06-04,80.58,123.03,70.71,226.29,414.33
2020-06-05,82.88,124.15,72.0,230.77,419.6
2020-06-08,83.36,126.2,72.4,231.4,419.49
2020-06-09,86.0,130.04,72.6,238.67,434.05
2020-06-10,88.21,132.37,73.24,236.73,434.48
2020-06-11,83.97,127.9,70.1,224.43,425.56
2020-06-12,84.7,127.25,70.65,228.58,418.07
2020-06-15,85.75,128.63,71.04,232.5,425.5
2020-06-16,88.02,130.76,72.32,235.65,436.13
2020-06-17,87.9,132.05,72.63,235.53,447.77
2020-06-18,87.93,132.7,71.71,235.94,449.87
2020-06-19,87.43,133.75,71.23,238.79,453.72
2020-06-22,89.72,135.69,72.53,239.22,468.04
2020-06-23,91.63,138.22,73.2,242.24,466.26
2020-06-24,90.01,136.72,71.64,234.02,457.85
2020-06-25,91.21,137.73,72.06,235.68,465.91
2020-06-26,88.41,134.64,68.13,216.08,443.4
2020-06-29,90.44,134.02,69.86,220.64,447.24
2020-06-30,91.2,137.94,70.9,227.07,455.04
2020-07-01,91.03,143.93,72.1,237.55,485.64
2020-07-02,91.03,144.51,73.5,233.42,476.89
2020-07-06,93.46,152.85,74.98,240.28,493.81
2020-07-07,93.17,150.01,74.5,240.86,493.16
2020-07-08,95.34,154.06,75.18,243.58,502.78
2020-07-09,95.75,159.13,75.93,244.5,507.76
2020-07-10,95.92,160.0,76.95,245.07,548.73
2020-07-13,95.48,155.2,75.61,239.0,525.5
2020-07-14,97.06,154.2,76.04,239.73,524.88
2020-07-15,97.72,150.44,75.84,240.28,523.26
2020-07-16,96.52,149.99,75.75,240.93,527.39
2020-07-17,96.33,148.1,75.84,242.03,492.99
2020-07-20,98.36,159.84,78.19,245.42,502.41
2020-07-21,97.0,156.91,77.8,241.75,490.1
2020-07-22,97.27,155.0,78.24,239.87,489.82
2020-07-23,92.85,149.33,75.84,232.6,477.58
2020-07-24,92.61,150.45,75.41,230.71,480.45
2020-07-27,94.81,152.76,76.47,233.5,495.65
2020-07-28,93.25,150.02,75.18,230.12,488.51
2020-07-29,95.04,151.68,76.18,233.29,484.48
2020-07-30,96.19,152.59,76.92,234.5,485.8
2020-07-31,106.26,158.23,74.4,253.67,488.88
2020-08-03,108.94,155.59,74.14,251.96,498.62
2020-08-04,109.67,156.94,73.67,249.83,509.64
2020-08-05,110.06,160.25,73.95,249.12,502.11
2020-08-06,113.9,161.25,75.25,265.28,509.08
2020-08-07,111.11,158.37,74.92,268.44,494.73
2020-08-10,112.73,157.41,74.84,263.0,483.38
2020-08-11,109.38,154.03,74.03,256.13,466.93
2020-08-12,113.01,158.11,75.36,259.89,475.47
2020-08-13,115.01,158.05,75.83,261.3,481.33
2020-08-14,114.91,157.4,75.23,261.24,482.68
2020-08-17,114.61,159.12,75.81,261.16,482.35
2020-08-18,115.56,165.62,77.79,262.34,491.87
2020-08-19,115.71,163.02,77.23,262.59,484.53
2020-08-20,118.28,164.87,78.81,269.01,497.9
2020-08-21,124.37,164.24,78.78,267.01,492.31
2020-08-24,125.86,165.37,79.26,271.39,488.81
2020-08-25,124.82,167.32,80.29,280.82,490.58
2020-08-26,126.52,172.09,82.21,303.91,547.53
2020-08-27,125.01,170.0,81.43,293.22,526.27
2020-08-28,124.81,170.09,81.97,293.66,523.89
2020-08-31,129.04,172.55,81.48,293.2,529.56
2020-09-01,134.18,174.96,82.75,295.44,556.55
2020-09-02,131.4,176.57,85.87,302.5,552.84
2020-09-03,120.88,168.4,81.48,291.12,525.75
2020-09-04,120.96,164.73,79.06,282.73,516.05
2020-09-08,112.82,157.49,76.18,271.16,507.02
2020-09-09,117.32,163.43,77.36,273.72,500.19
2020-09-10,113.49,158.76,76.3,268.09,480.67
2020-09-11,112.0,155.81,75.79,266.61,482.03
2020-09-14,115.36,155.15,75.44,266.15,476.26
2020-09-15,115.54,157.81,76.76,272.42,495.99
2020-09-16,112.13,153.9,75.6,263.52,483.86
2020-09-17,110.34,150.44,74.35,254.82,470.2
2020-09-18,106.84,147.75,72.55,252.53,469.96
2020-09-21,110.08,148.02,71.51,248.15,487.35
2020-09-22,111.81,156.45,72.99,254.75,491.17
2020-09-23,107.12,149.99,70.47,249.02,470.61
2020-09-24,108.22,150.99,71.14,249.53,473.08
2020-09-25,112.28,154.76,71.95,254.82,482.88
2020-09-28,114.96,158.7,72.93,256.82,490.65
2020-09-29,114.09,157.24,73.3,261.79,493.48
2020-09-30,115.81,157.44,73.28,261.9,500.03
2020-10-01,116.79,161.06,74.39,266.63,527.51
2020-10-02,113.02,156.25,72.78,259.94,503.06
2020-10-05,116.5,159.96,74.14,264.65,520.65
2020-10-06,113.16,155.0,72.55,258.66,505.87
2020-10-07,115.08,159.78,72.96,258.12,534.66
2020-10-08,114.97,159.53,74.17,263.76,531.79
2020-10-09,116.97,164.33,75.52,264.45,539.44
2020-10-12,124.4,172.15,78.23,275.75,539.81
2020-10-13,121.1,172.18,78.35,276.14,554.09
2020-10-14,121.19,168.19,78.17,271.82,541.45
2020-10-15,120.71,166.93,77.77,266.72,541.94
2020-10-16,119.02,163.64,78.39,265.93,530.79
2020-10-19,115.98,160.36,76.5,261.4,530.72
2020-10-20,117.51,160.85,77.55,267.56,525.42
2020-10-21,116.87,159.25,79.3,278.73,489.05
2020-10-22,115.75,158.82,80.33,278.12,485.23
2020-10-23,115.04,160.22,81.65,284.79,488.28
2020-10-26,115.05,160.35,79.21,277.11,488.24
2020-10-27,116.6,164.32,79.94,283.29,488.93
2020-10-28,111.2,158.14,75.54,267.67,486.24
2020-10-29,115.32,160.55,77.84,280.83,504.21
2020-10-30,108.86,151.81,80.81,263.11,475.74
2020-11-02,108.77,150.22,81.22,261.36,484.12
2020-11-03,110.44,152.42,82.28,265.3,487.22
2020-11-04,114.95,162.06,87.29,287.38,496.95
2020-11-05,119.03,166.1,88.12,294.68,513.76
2020-11-06,118.69,165.57,87.99,293.41,514.73
2020-11-09,116.32,157.19,88.07,278.77,470.5
2020-11-10,115.97,151.75,86.89,272.43,480.24
2020-11-11,119.49,156.87,87.36,276.48,490.76
2020-11-12,119.21,155.51,87.14,275.08,486.77
2020-11-13,119.26,156.44,88.61,276.95,482.84
2020-11-16,120.3,156.55,88.7,278.96,479.1
2020-11-17,119.39,156.78,88.08,275.0,480.63
2020-11-18,118.03,155.27,87.03,271.97,481.79
2020-11-19,118.64,155.85,87.93,272.94,484.67
2020-11-20,117.34,154.97,86.82,269.7,488.24
2020-11-23,113.85,154.92,86.38,268.43,476.62
2020-11-24,115.17,155.9,88.19,276.92,482.88
2020-11-25,116.03,159.25,88.21,275.59,485.0
2020-11-27,116.59,159.77,89.35,277.81,491.36
2020-11-30,119.05,158.4,87.72,276.97,490.7
2020-12-01,122.72,161.0,89.77,286.55,504.58
2020-12-02,123.08,160.18,91.25,287.52,503.38
2020-12-03,122.94,159.34,91.09,281.85,497.52
2020-12-04,122.25,158.13,91.19,279.7,498.31
2020-12-07,123.75,157.9,90.85,285.58,515.78
2020-12-08,124.38,158.86,90.57,283.4,512.66
2020-12-09,121.78,155.21,88.89,277.92,493.6
2020-12-10,123.24,155.07,88.38,277.12,501.09
2020-12-11,122.41,155.82,88.74,273.55,503.22
2020-12-14,121.78,157.85,87.61,274.19,522.42
2020-12-15,127.88,158.26,88.05,275.55,519.78
2020-12-16,127.81,162.05,87.86,275.67,524.83
2020-12-17,128.7,161.8,87.03,274.48,532.9
2020-12-18,126.66,160.08,86.31,276.4,534.45
2020-12-21,128.23,160.31,86.73,272.79,528.91
2020-12-22,131.88,160.33,86.01,267.09,527.33
2020-12-23,130.96,159.26,86.41,268.11,514.48
2020-12-24,131.97,158.63,86.71,267.4,513.97
2020-12-28,136.69,164.2,88.7,277.0,519.12
2020-12-29,134.87,166.1,87.89,276.78,530.87
2020-12-30,133.72,164.29,86.81,271.87,524.59
2020-12-31,132.69,162.85,87.63,273.16,540.73
2021-01-04,129.41,159.33,86.31,268.94,522.86
2021-01-05,131.01,160.93,87.0,270.97,520.8
2021-01-06,126.6,156.92,86.14,263.31,500.49
2021-01-07,130.92,158.11,88.72,268.74,508.89
2021-01-08,132.05,159.13,89.89,267.57,510.4
2021-01-11,128.98,155.71,87.81,256.84,499.1
2021-01-12,128.8,156.04,86.87,251.09,494.25
2021-01-13,130.89,158.29,87.36,251.64,507.79
2021-01-14,128.91,156.37,86.55,245.64,500.86
2021-01-15,127.14,155.21,86.38,251.36,497.98
2021-01-19,127.83,156.04,89.22,261.1,501.77
2021-01-20,132.03,163.17,94.0,267.48,586.34
2021-01-21,136.87,165.35,94.21,272.87,579.84
2021-01-22,139.07,164.61,94.63,274.5,565.17
2021-01-25,142.92,164.7,94.71,278.01,556.78
2021-01-26,143.16,166.31,95.4,282.05,561.93
2021-01-27,142.06,161.63,90.95,272.14,523.28
2021-01-28,137.09,161.88,92.66,265.0,538.6
2021-01-29,131.96,160.31,91.37,258.33,532.39
2021-02-01,134.14,167.14,94.65,262.01,539.04
2021-02-02,134.99,169.0,95.96,267.08,548.16
2021-02-03,133.94,165.63,102.94,266.65,539.45
2021-02-04,137.39,166.55,102.68,266.49,552.16
2021-02-05,136.76,167.61,104.44,268.1,550.79
2021-02-08,136.91,166.15,104.23,266.58,547.92
2021-02-09,136.01,165.25,103.77,269.45,559.07
2021-02-10,135.39,164.33,104.32,271.87,563.59
2021-02-11,135.13,163.11,104.44,270.39,557.59
2021-02-12,135.37,163.89,104.75,270.5,556.52
2021-02-16,133.19,163.45,105.54,273.97,557.28
2021-02-17,130.84,165.43,105.93,273.57,551.34
2021-02-18,129.71,166.41,105.29,269.39,548.22
2021-02-19,129.87,162.49,104.44,261.56,540.22
2021-02-22,126.0,159.04,102.71,260.33,533.78
2021-02-23,125.86,159.73,103.01,265.86,546.15
2021-02-24,125.35,157.98,104.19,264.31,553.41
2021-02-25,120.99,152.86,100.8,254.69,546.7
2021-02-26,121.26,154.65,101.1,257.62,538.85
2021-03-01,127.79,157.31,103.48,264.91,550.64
2021-03-02,125.12,154.73,103.22,259.0,547.82
2021-03-03,122.06,150.25,100.57,255.41,520.7
2021-03-04,120.13,148.88,101.7,257.64,511.29
2021-03-05,121.42,150.02,104.85,264.28,516.39
2021-03-08,116.36,147.6,100.38,255.31,493.33
2021-03-09,121.09,153.14,102.02,265.74,506.44
2021-03-10,119.98,152.88,101.81,264.9,504.54
2021-03-11,121.96,155.68,105.03,273.88,523.06
2021-03-12,121.03,154.47,102.5,268.4,518.02
2021-03-15,123.99,154.08,102.72,273.75,520.25
2021-03-16,125.57,154.59,104.19,279.28,524.03
2021-03-17,124.76,156.79,104.11,284.01,524.44
2021-03-18,120.53,151.4,101.07,278.62,504.79
2021-03-19,119.99,153.75,101.35,290.11,512.18
2021-03-22,123.39,155.54,101.53,293.54,523.11
2021-03-23,122.54,156.88,102.07,290.63,535.09
2021-03-24,120.09,154.35,101.63,282.14,520.81
2021-03-25,120.59,152.31,101.62,278.74,502.86
2021-03-26,121.21,152.6,101.24,283.02,508.05
2021-03-29,121.39,153.79,102.29,290.82,513.95
2021-03-30,119.9,152.76,102.32,288.0,513.39
2021-03-31,122.15,154.7,103.13,294.53,521.66
2021-04-01,123.0,158.05,106.49,298.66,539.42
2021-04-05,125.9,161.34,110.95,308.91,540.67
2021-04-06,126.21,161.19,110.46,306.26,544.53
2021-04-07,127.9,163.97,111.95,313.09,546.99
2021-04-08,130.36,164.96,112.52,313.02,554.58
2021-04-09,133.0,168.61,113.53,312.46,555.31
2021-04-12,131.24,168.97,112.23,311.54,552.78
2021-04-13,134.43,170.0,112.72,309.76,553.73
2021-04-14,132.03,166.65,112.1,302.82,540.02
2021-04-15,134.5,168.95,114.26,307.82,549.22
2021-04-16,134.16,169.97,114.14,306.18,546.54
2021-04-19,134.84,168.6,114.49,302.24,554.44
2021-04-20,133.11,166.73,113.95,302.65,549.57
2021-04-21,133.5,168.1,113.92,301.47,508.9
2021-04-22,131.94,165.45,112.63,296.52,508.78
2021-04-23,134.32,167.04,115.0,301.13,505.55
2021-04-26,134.72,170.45,115.5,303.04,510.3
2021-04-27,134.39,170.87,114.55,303.57,505.55
2021-04-28,133.58,172.93,117.95,307.1,506.52
2021-04-29,133.48,173.57,119.64,329.51,509.0
2021-04-30,131.46,173.37,117.68,325.08,513.47
2021-05-03,132.54,169.32,117.15,322.58,509.11
2021-05-04,127.85,165.59,115.34,318.36,503.18
2021-05-05,128.1,163.53,115.74,315.02,496.08
2021-05-06,129.74,165.32,116.87,320.02,499.55
2021-05-07,130.21,164.58,117.6,319.08,503.84
2021-05-10,126.85,159.52,114.59,305.97,486.69
2021-05-11,125.91,161.2,113.5,306.53,495.08
2021-05-12,122.77,157.6,110.01,302.55,484.98
2021-05-13,124.97,158.07,111.45,305.26,486.66
2021-05-14,127.45,161.15,113.92,315.94,493.37
2021-05-17,126.27,163.52,114.45,315.46,488.94
2021-05-18,124.85,161.61,113.12,309.96,486.28
2021-05-19,124.69,161.59,113.57,313.59,487.7
2021-05-20,127.31,162.38,115.35,318.61,501.67
2021-05-21,125.43,160.15,114.71,316.23,497.89
2021-05-24,127.1,162.25,118.05,324.63,502.9
2021-05-25,126.9,162.95,118.14,327.79,501.34
2021-05-26,126.85,163.26,119.02,327.66,502.36
2021-05-27,125.28,161.51,118.13,332.75,503.86
2021-05-28,124.61,161.15,117.84,328.73,502.81
2021-06-01,124.28,160.93,119.06,329.13,499.08
2021-06-02,125.06,161.7,118.53,329.15,499.24
2021-06-03,123.54,159.35,117.38,326.04,489.43
2021-06-04,125.89,160.31,119.68,330.35,494.74
2021-06-07,125.9,159.9,120.11,336.58,494.66
2021-06-08,126.74,163.21,119.92,333.68,492.39
2021-06-09,127.13,164.06,120.4,330.25,485.81
2021-06-10,126.11,167.48,121.76,332.46,487.27
2021-06-11,127.35,167.34,121.51,331.26,488.77
2021-06-14,130.48,169.19,122.45,336.77,499.89
2021-06-15,129.64,169.16,121.42,336.75,491.9
2021-06-16,130.15,170.76,120.77,331.08,492.41
2021-06-17,131.79,174.46,121.74,336.51,498.34
2021-06-18,130.46,174.35,120.11,329.66,500.77
2021-06-21,132.3,172.7,121.81,332.29,497.0
2021-06-22,133.98,175.27,122.33,339.03,508.82
2021-06-23,133.7,175.19,122.13,340.59,512.74
2021-06-24,133.41,172.45,122.5,343.18,518.06
2021-06-25,133.11,170.07,122.51,341.37,527.07
2021-06-28,134.78,172.19,122.54,355.64,533.03
2021-06-29,136.33,172.41,122.27,351.89,533.5
2021-06-30,136.96,172.01,122.09,347.71,528.21
2021-07-01,137.27,171.65,122.44,354.39,533.54
2021-07-02,139.96,175.55,125.26,354.7,533.98
2021-07-06,142.02,183.79,126.19,352.78,541.64
2021-07-07,144.57,184.83,126.47,350.49,535.96
2021-07-08,143.24,186.57,125.04,345.65,530.76
2021-07-09,145.11,185.97,125.52,350.42,535.98
2021-07-12,144.5,185.93,126.98,353.16,537.31
2021-07-13,145.64,183.87,127.34,352.09,540.68
2021-07-14,149.15,184.08,128.24,347.63,547.95
2021-07-15,148.48,181.56,127.0,344.46,542.95
2021-07-16,146.39,178.68,126.97,341.16,530.31
2021-07-19,142.45,177.48,124.58,336.95,532.28
2021-07-20,146.15,178.66,126.21,341.66,531.05
2021-07-21,145.4,179.26,127.55,346.23,513.63
2021-07-22,146.8,181.9,128.42,351.19,511.77
2021-07-23,148.56,182.83,133.01,369.79,515.41
2021-07-26,148.99,184.99,134.04,372.46,516.49
2021-07-27,146.77,181.32,131.9,367.81,518.91
2021-07-28,144.98,181.52,136.09,373.28,519.3
2021-07-29,145.64,180.0,135.78,358.32,514.25
2021-07-30,145.86,166.38,134.73,356.3,517.57
2021-08-02,145.52,166.57,134.85,351.95,515.15
2021-08-03,147.36,168.31,135.63,351.24,510.82
2021-08-04,146.95,167.74,135.13,358.92,517.35
2021-08-05,147.06,168.8,136.25,362.97,524.89
2021-08-06,146.14,167.25,135.74,363.51,520.55
2021-08-09,146.09,167.09,136.91,361.61,519.97
2021-08-10,145.6,166.03,136.81,361.13,515.84
2021-08-11,145.86,164.61,136.28,359.96,512.4
2021-08-12,148.89,165.18,137.19,362.65,510.72
2021-08-13,149.1,164.7,137.73,363.18,515.92
2021-08-16,151.12,164.95,138.31,366.56,517.92
2021-08-17,150.19,162.1,136.66,358.45,518.91
2021-08-18,146.36,160.06,135.45,355.45,521.87
2021-08-19,146.7,159.39,135.68,355.12,543.71
2021-08-20,148.19,160.0,137.43,359.37,546.88
2021-08-23,149.71,163.29,140.04,363.35,553.33
2021-08-24,149.62,165.29,141.26,365.51,553.41
2021-08-25,148.36,164.96,142.08,368.39,547.58
2021-08-26,147.54,165.8,141.44,364.38,550.12
2021-08-27,148.6,167.48,144.0,372.63,558.92
2021-08-30,153.12,171.08,144.59,380.66,566.18
2021-08-31,151.83,173.54,144.7,379.38,569.19
2021-09-01,152.51,173.95,145.22,382.05,582.07
2021-09-02,153.65,173.16,143.29,375.28,588.55
2021-09-03,154.3,173.9,143.74,376.26,590.53
2021-09-07,156.69,175.46,144.28,382.18,606.71
2021-09-08,155.11,176.27,143.69,377.57,606.05
2021-09-09,154.07,174.21,143.54,378.0,597.54
2021-09-10,148.97,173.46,140.88,378.69,598.72
2021-09-13,149.55,172.86,142.33,376.51,589.29
2021-09-14,148.12,172.5,142.54,376.53,577.76
2021-09-15,149.03,173.79,144.43,373.92,582.87
2021-09-16,148.79,174.41,143.61,373.06,586.5
2021-09-17,146.06,173.13,140.8,364.72,589.35
2021-09-20,142.94,167.79,138.72,355.7,575.43
2021-09-21,143.43,167.18,139.03,357.48,573.14
2021-09-22,145.85,169.0,140.28,343.21,590.65
2021-09-23,146.83,170.8,141.22,345.96,593.26
2021-09-24,146.92,171.28,142.21,352.96,592.39
2021-09-27,145.37,170.29,141.07,353.58,592.64
2021-09-28,141.91,165.8,135.83,340.65,583.85
2021-09-29,142.83,165.06,134.35,339.61,599.06
2021-09-30,141.5,164.25,133.68,339.39,610.34
2021-10-01,142.65,164.16,136.54,343.01,613.15
2021-10-04,139.14,159.49,133.66,326.23,603.35
2021-10-05,141.11,161.05,136.02,332.96,634.81
2021-10-06,142.0,163.1,137.57,333.64,639.1
2021-10-07,143.29,165.12,139.23,329.22,631.85
2021-10-08,142.9,164.43,139.79,330.05,632.66
2021-10-11,142.81,162.32,138.91,325.45,627.04
2021-10-12,141.51,162.37,136.45,323.77,624.94
2021-10-13,140.91,164.21,137.58,324.54,629.76
2021-10-14,143.76,164.99,141.15,328.53,633.8
2021-10-15,144.84,170.45,141.37,324.76,628.29
2021-10-18,146.55,172.34,142.78,335.34,637.97
2021-10-19,148.76,172.21,143.24,339.99,639.0
2021-10-20,149.26,170.75,141.77,340.78,625.14
2021-10-21,149.48,171.75,141.89,341.88,653.16
2021-10-22,148.69,166.78,137.57,324.61,664.78
2021-10-25,148.64,166.02,137.45,328.69,671.66
2021-10-26,149.32,168.8,139.31,315.81,668.52
2021-10-27,148.85,169.62,146.22,312.22,662.92
2021-10-28,152.57,172.33,145.85,316.92,674.05
2021-10-29,149.8,168.62,148.05,323.57,690.31
2021-11-01,148.96,165.91,143.5,329.98,681.17
2021-11-02,150.02,165.64,145.43,328.08,677.72
2021-11-03,151.49,169.2,146.6,331.62,688.29
2021-11-04,150.96,173.85,148.27,335.85,668.4
2021-11-05,151.28,175.95,148.85,341.13,645.72
2021-11-08,150.44,174.45,149.03,338.62,651.45
2021-11-09,150.81,178.81,148.92,335.37,655.99
2021-11-10,147.92,174.1,145.89,327.64,646.91
2021-11-11,147.87,173.62,145.77,327.74,657.58
2021-11-12,149.99,176.26,148.68,340.89,682.61
2021-11-15,150.0,177.28,148.45,347.56,679.33
2021-11-16,151.0,177.04,147.88,342.96,687.4
2021-11-17,153.49,177.45,148.05,340.77,691.69
2021-11-18,157.87,184.8,149.84,338.69,682.02
2021-11-19,160.55,183.83,148.93,345.3,678.8
2021-11-22,161.02,178.63,146.3,341.01,659.2
2021-11-23,161.41,179.0,145.78,337.25,654.06
2021-11-24,161.94,179.02,146.12,341.06,658.29
2021-11-26,156.81,175.23,142.18,333.12,665.64
2021-11-29,160.24,178.08,145.53,338.03,663.84
2021-11-30,165.3,175.35,141.9,324.46,641.9
2021-12-01,164.77,172.19,141.05,310.6,617.77
2021-12-02,163.76,171.87,142.97,310.39,616.47
2021-12-03,161.84,169.49,142.0,306.84,602.13
2021-12-06,165.32,171.37,143.15,317.87,612.69
2021-12-07,171.18,176.16,147.27,322.81,625.58
2021-12-08,175.08,176.16,148.19,330.56,628.08
2021-12-09,174.56,174.17,147.64,329.82,611.0
2021-12-10,179.45,172.21,148.0,329.75,611.66
2021-12-13,175.74,169.57,145.83,334.49,604.56
2021-12-14,174.33,169.09,143.91,333.74,597.99
2021-12-15,179.3,173.32,146.44,341.66,605.04
2021-12-16,172.26,168.87,144.45,334.9,591.06
2021-12-17,171.14,170.02,141.73,333.79,586.73
2021-12-20,169.75,167.08,141.61,325.45,593.74
2021-12-21,172.99,170.42,143.47,334.2,604.92
2021-12-22,175.64,171.04,146.41,330.45,614.24
2021-12-23,176.28,171.07,146.92,335.24,614.09
2021-12-27,180.33,169.67,147.91,346.18,613.12
2021-12-28,179.29,170.66,146.69,346.22,610.71
2021-12-29,179.38,169.2,146.65,342.94,610.54
2021-12-30,178.2,168.64,146.2,344.36,612.09
2021-12-31,177.57,166.72,144.85,336.35,602.44
2022-01-03,182.01,170.4,144.99,338.54,597.37
2022-01-04,179.7,167.52,144.4,336.53,591.15
2022-01-05,174.92,164.36,137.77,324.17,567.52
2022-01-06,172.0,163.25,137.75,332.46,553.29
2022-01-07,172.17,162.55,137.02,331.79,541.06
2022-01-10,172.19,161.49,138.67,328.07,539.85
2022-01-11,175.08,165.36,139.74,334.37,540.84
2022-01-12,175.53,165.21,141.43,333.26,537.22
2022-01-13,172.19,161.21,138.59,326.48,519.2
2022-01-14,173.07,162.14,139.48,331.9,525.69
2022-01-18,169.8,158.92,136.0,318.15,510.8
2022-01-19,166.23,156.3,135.12,319.59,515.86
2022-01-20,164.51,151.67,133.31,316.56,508.25
2022-01-21,162.41,142.64,130.35,303.17,397.5
2022-01-24,161.62,144.54,130.8,308.71,387.15
2022-01-25,159.78,139.99,126.93,300.15,366.42
2022-01-26,159.69,138.87,129.23,294.63,359.7
2022-01-27,159.22,139.64,129.01,294.64,386.7
2022-01-28,170.33,143.98,133.35,301.71,384.36
2022-01-31,174.78,149.57,135.3,313.26,427.14
2022-02-01,174.61,151.19,137.64,319.0,457.13
2022-02-02,175.84,150.61,148.0,323.0,429.48
2022-02-03,172.9,138.85,143.09,237.76,405.6
2022-02-04,172.39,157.64,143.29,237.09,410.17
2022-02-07,171.66,157.94,139.2,224.91,402.1
2022-02-08,174.83,161.41,139.4,220.18,403.53
2022-02-09,176.28,161.19,141.59,232.0,412.89
2022-02-10,172.12,159.0,138.62,228.07,406.27
2022-02-11,168.64,153.29,134.28,219.55,391.31
2022-02-14,168.88,155.17,135.53,217.7,396.57
2022-02-15,172.79,156.51,136.61,221.0,407.46
2022-02-16,172.55,158.1,137.74,216.54,398.08
2022-02-17,168.88,154.65,132.54,207.71,386.67
2022-02-18,167.3,152.6,130.4,206.16,391.29
2022-02-22,164.32,150.2,129.81,202.08,377.38
2022-02-23,160.07,144.83,127.59,198.45,367.46
2022-02-24,162.74,151.36,132.69,207.6,390.03
2022-02-25,164.85,153.79,134.46,210.48,390.8
2022-02-28,165.12,153.56,135.06,211.03,394.52
2022-03-01,163.2,151.14,134.06,203.49,386.24
2022-03-02,166.56,152.05,134.57,208.11,380.03
2022-03-03,166.23,147.9,133.9,202.97,368.07
2022-03-04,163.17,145.64,131.91,200.06,361.73
2022-03-07,159.3,137.45,126.38,187.47,350.26
2022-03-08,157.44,136.01,127.1,190.29,341.76
2022-03-09,162.95,139.28,133.42,198.5,358.79
2022-03-10,158.52,146.82,132.43,195.21,356.77
2022-03-11,154.73,145.52,129.87,187.61,340.32
2022-03-14,150.62,141.85,125.95,186.63,331.01
2022-03-15,155.09,147.37,129.2,192.03,343.75
2022-03-16,159.59,153.1,133.28,203.63,357.53
2022-03-17,160.62,157.24,133.84,207.84,371.4
2022-03-18,163.98,161.25,136.13,216.49,380.6
2022-03-21,165.38,161.49,136.1,211.49,374.59
2022-03-22,168.82,164.89,139.87,216.65,382.92
2022-03-23,170.21,163.41,138.28,213.46,374.49
2022-03-24,174.07,163.65,141.57,219.57,375.71
2022-03-25,174.72,164.77,141.67,221.82,373.85
2022-03-28,175.6,168.99,141.46,223.59,378.51
2022-03-29,178.96,169.32,142.51,229.86,391.82
2022-03-30,177.77,166.3,141.94,227.85,381.47
2022-03-31,174.61,163.0,139.07,222.36,374.59
2022-04-01,174.31,163.56,140.15,224.85,373.47
2022-04-04,178.44,168.35,142.97,233.89,391.5
2022-04-05,175.06,164.05,140.59,231.84,380.15
2022-04-06,171.83,158.76,136.55,223.3,368.35
2022-04-07,172.14,157.78,135.89,222.95,362.15
2022-04-08,170.09,154.46,133.29,222.33,355.88
2022-04-11,165.75,151.12,128.82,216.46,348.0
2022-04-12,167.66,150.79,127.71,214.14,344.1
2022-04-13,170.4,155.54,129.89,214.99,350.43
2022-04-14,165.29,151.71,126.73,210.18,341.13
2022-04-18,165.07,152.79,127.68,210.77,337.86
2022-04-19,167.4,158.12,130.01,217.31,348.61
2022-04-20,167.23,154.0,128.04,200.42,226.19
2022-04-21,166.42,148.3,124.81,188.07,218.22
2022-04-22,161.79,144.35,119.64,184.11,215.52
2022-04-25,162.88,146.07,123.07,186.99,209.91
2022-04-26,156.8,139.39,118.65,180.95,198.4
2022-04-27,156.57,138.17,114.29,174.95,188.54
2022-04-28,163.64,144.6,118.52,205.73,199.52
2022-04-29,157.65,124.28,114.11,200.47,190.36
2022-05-02,157.96,124.5,116.58,211.13,199.46
2022-05-03,159.48,124.25,117.33,212.03,199.87
2022-05-04,166.02,125.93,122.26,223.41,204.01
2022-05-05,156.77,116.41,116.51,208.28,188.32
2022-05-06,157.28,114.77,115.75,203.77,180.97
2022-05-09,152.06,108.79,112.51,196.21,173.1
2022-05-10,154.51,108.86,114.39,197.65,177.66
2022-05-11,146.5,105.37,113.6,188.74,166.37
2022-05-12,142.56,106.93,112.84,191.24,174.31
2022-05-13,147.11,113.06,116.05,198.62,187.64
2022-05-16,145.54,110.81,114.44,200.04,186.51
2022-05-17,149.24,115.37,116.47,202.62,190.56
2022-05-18,140.82,107.11,111.9,192.24,177.19
2022-05-19,137.35,107.32,110.38,191.29,183.48
2022-05-20,137.59,107.59,108.91,193.54,186.35
2022-05-23,143.11,107.56,111.49,196.23,187.44
2022-05-24,140.36,104.1,105.97,181.28,180.34
2022-05-25,140.52,106.78,105.81,183.83,187.83
2022-05-26,143.78,111.08,107.79,191.63,191.4
2022-05-27,149.64,115.15,112.32,195.13,195.19
2022-05-31,148.84,120.21,113.76,193.64,197.44
2022-06-01,148.71,121.68,113.89,188.64,192.91
2022-06-02,151.21,125.51,117.62,198.86,205.09
2022-06-03,145.38,122.35,114.54,190.78,198.98
2022-06-06,146.14,124.79,116.82,194.25,197.14
2022-06-07,148.71,123.0,117.15,195.65,198.61
2022-06-08,147.96,121.18,117.19,196.64,202.83
2022-06-09,142.64,116.15,114.84,184.0,192.77
2022-06-10,137.13,109.65,111.16,175.57,182.94
2022-06-13,131.88,103.67,106.39,164.26,169.69
2022-06-14,132.76,102.31,106.72,163.73,167.54
2022-06-15,135.43,107.67,109.76,169.35,180.11
2022-06-16,130.06,103.66,106.03,160.87,173.35
2022-06-17,131.56,106.22,107.14,163.74,175.51
2022-06-21,135.87,108.68,111.54,157.05,170.91
2022-06-22,135.35,108.95,111.49,155.85,178.89
2022-06-23,138.27,112.44,112.24,158.75,181.71
2022-06-24,141.66,116.46,117.97,170.16,190.85
2022-06-27,141.66,113.22,115.83,169.49,189.14
2022-06-28,137.44,107.4,112.01,160.68,179.6
2022-06-29,139.23,108.92,111.7,163.94,178.36
2022-06-30,136.72,106.21,108.96,161.25,174.87
2022-07-01,138.93,109.56,108.74,160.03,179.95
2022-07-05,141.56,113.5,113.26,168.19,185.88
2022-07-06,142.92,114.33,114.57,169.77,184.06
2022-07-07,146.35,116.33,118.78,172.19,189.27
2022-07-08,147.04,115.54,119.35,170.88,186.98
2022-07-11,144.87,111.75,115.68,162.88,177.34
2022-07-12,145.86,109.22,114.02,163.27,174.45
2022-07-13,145.49,110.4,111.35,163.49,176.56
2022-07-14,148.47,110.63,110.37,158.05,174.78
2022-07-15,150.17,113.55,111.78,164.7,189.11
2022-07-18,147.07,113.76,109.03,167.23,190.92
2022-07-19,151.0,118.21,113.81,175.78,201.63
2022-07-20,153.04,122.77,113.9,183.09,216.44
2022-07-21,155.35,124.63,114.34,183.17,223.88
2022-07-22,154.09,122.42,107.9,169.27,220.44
2022-07-25,152.95,121.14,107.51,166.65,218.51
2022-07-26,151.6,114.81,105.02,159.15,213.91
2022-07-27,156.79,120.97,113.06,169.58,226.75
2022-07-28,157.35,122.28,114.22,160.72,226.02
2022-07-29,162.51,134.95,116.32,159.1,224.9
2022-08-01,161.51,135.39,114.86,159.93,226.21
2022-08-02,160.01,134.16,115.13,160.19,221.42
2022-08-03,166.13,139.52,118.08,168.8,226.73
2022-08-04,165.81,142.57,118.19,170.57,229.91
2022-08-05,165.35,140.8,117.47,167.11,226.78
2022-08-08,164.87,139.41,117.3,170.25,233.49
2022-08-09,164.92,137.83,116.63,168.53,229.94
2022-08-10,169.24,142.69,119.7,178.34,244.11
2022-08-11,168.49,140.64,118.84,177.49,242.7
2022-08-12,172.1,143.55,121.68,180.5,249.3
2022-08-15,173.19,143.18,122.08,180.89,249.11
2022-08-16,173.03,144.78,121.7,179.47,245.69
2022-08-17,174.55,142.1,119.55,174.85,241.15
2022-08-18,174.15,142.3,120.17,174.66,245.17
2022-08-19,171.52,138.23,117.21,167.96,241.16
2022-08-22,167.57,133.22,114.24,163.05,226.54
2022-08-23,167.23,133.62,113.86,161.11,224.55
2022-08-24,167.53,133.8,113.69,163.26,229.61
2022-08-25,170.03,137.28,116.65,168.78,233.98
2022-08-26,163.62,130.75,110.34,161.78,223.28
2022-08-29,161.38,129.79,109.42,159.17,224.57
2022-08-30,158.91,128.73,108.94,157.16,220.65
2022-08-31,157.22,126.77,108.22,162.93,223.56
2022-09-01,157.96,127.82,109.74,165.36,230.04
2022-09-02,155.81,127.51,107.85,160.32,226.11
2022-09-06,154.53,126.11,106.81,158.54,218.39
2022-09-07,155.96,129.48,109.45,160.39,228.96
2022-09-08,154.46,129.82,108.38,162.06,227.44
2022-09-09,157.37,133.27,110.65,169.15,233.57
2022-09-12,163.43,136.45,110.86,168.96,236.53
2022-09-13,153.84,126.82,104.32,153.13,218.13
2022-09-14,155.31,128.55,105.0,151.47,224.12
2022-09-15,152.37,126.28,102.91,149.55,235.38
2022-09-16,150.7,123.53,102.8,146.29,240.13
2022-09-19,154.48,124.66,103.07,148.02,243.63
2022-09-20,156.9,122.19,101.14,146.09,242.85
2022-09-21,153.72,118.54,99.28,142.12,236.87
2022-09-22,152.74,117.31,100.14,142.82,237.05
2022-09-23,150.43,113.78,98.74,140.41,226.41
2022-09-26,150.77,115.15,98.17,136.37,224.07
2022-09-27,151.76,114.41,97.5,134.4,224.36
2022-09-28,149.84,118.01,100.05,141.61,245.2
2022-09-29,142.48,114.8,97.42,136.41,239.71
2022-09-30,138.2,113.0,95.65,135.68,235.44
2022-10-03,142.45,115.88,98.64,138.61,239.04
2022-10-04,146.1,121.09,101.64,140.28,240.74
2022-10-05,146.4,120.95,101.43,138.98,236.73
2022-10-06,145.43,120.3,101.42,139.07,240.02
2022-10-07,140.09,114.56,98.68,133.45,224.75
2022-10-10,140.42,113.67,97.86,133.79,229.98
2022-10-11,138.98,112.21,97.18,128.54,214.29
2022-10-12,138.34,112.9,97.56,127.5,220.87
2022-10-13,142.99,112.53,99.06,130.29,232.51
2022-10-14,138.38,106.9,96.56,126.76,230.0
2022-10-17,142.41,113.79,99.97,134.04,245.1
2022-10-18,143.75,116.36,100.77,132.8,240.86
2022-10-19,143.86,115.07,99.63,133.23,272.38
2022-10-20,143.39,115.25,99.97,131.53,268.16
2022-10-21,147.27,119.32,101.13,130.01,289.57
2022-10-24,149.45,119.82,102.52,129.72,282.45
2022-10-25,152.34,120.6,104.48,137.51,291.02
2022-10-26,149.35,115.66,94.93,129.82,298.62
2022-10-27,144.8,110.96,92.22,97.94,296.94
2022-10-28,155.74,103.41,96.29,99.2,295.72
2022-10-31,153.34,102.44,94.51,93.16,291.88
2022-11-01,150.65,96.79,90.47,95.2,286.75
2022-11-02,145.03,92.12,86.97,90.54,273.0
2022-11-03,138.88,89.3,83.43,88.91,269.06
2022-11-04,138.38,90.98,86.58,90.79,260.79
2022-11-07,138.92,90.53,88.49,96.72,258.6
2022-11-08,139.5,89.98,88.9,96.47,263.46
2022-11-09,134.87,86.14,87.32,101.47,254.66
2022-11-10,146.87,96.63,93.94,111.87,274.97
2022-11-11,149.7,100.79,96.41,113.02,290.13
2022-11-14,148.28,98.49,95.7,114.22,299.27
2022-11-15,150.04,98.94,98.44,117.08,310.2
2022-11-16,148.79,97.12,98.85,113.23,306.02
2022-11-17,150.72,94.85,98.36,111.45,295.28
2022-11-18,151.29,94.14,97.43,112.05,287.98
2022-11-21,148.01,92.46,95.6,109.86,285.05
2022-11-22,150.18,93.2,97.05,111.44,286.69
2022-11-23,151.07,94.13,98.46,112.24,291.5
2022-11-25,148.11,93.41,97.46,111.41,285.54
2022-11-28,144.22,93.95,96.05,108.78,281.17
2022-11-29,141.17,92.42,95.19,109.46,280.96
2022-11-30,148.03,96.54,100.99,118.1,305.53
2022-12-01,148.31,95.5,100.99,120.44,316.95
2022-12-02,147.81,94.13,100.44,123.49,320.41
2022-12-05,146.63,91.01,99.48,122.43,312.59
2022-12-06,142.91,88.25,96.98,114.12,305.56
2022-12-07,140.94,88.46,94.94,113.93,308.42
2022-12-08,142.65,90.35,93.71,115.33,310.26
2022-12-09,142.16,89.09,92.83,115.9,320.01
2022-12-12,144.49,90.55,93.31,114.71,315.18
2022-12-13,145.47,92.49,95.63,120.15,320.34
2022-12-14,143.21,91.58,95.07,121.59,317.83
2022-12-15,136.5,88.45,90.86,116.15,290.41
2022-12-16,134.51,87.86,90.26,119.43,290.71
2022-12-19,132.37,84.92,88.44,114.48,288.3
2022-12-20,132.3,85.19,89.02,117.09,288.19
2022-12-21,135.45,86.77,89.58,119.76,297.96
2022-12-22,132.23,83.79,87.76,117.12,297.75
2022-12-23,131.86,85.25,89.23,118.04,294.96
2022-12-27,130.03,83.04,87.39,116.88,284.17
2022-12-28,126.04,81.82,86.02,115.62,276.88
2022-12-29,129.61,84.18,88.45,120.26,291.12
2022-12-30,129.93,84.0,88.23,120.34,294.88
2023-01-03,125.07,85.82,89.12,124.74,294.95
2023-01-04,126.36,85.14,88.08,127.37,309.41
2023-01-05,125.02,83.12,86.2,126.94,309.7
2023-01-06,129.62,86.08,87.34,130.02,315.55
2023-01-09,130.15,87.36,88.02,129.47,315.17
2023-01-10,130.73,89.87,88.42,132.99,327.54
2023-01-11,133.49,95.09,91.52,132.89,327.26
2023-01-12,133.41,95.27,91.13,136.71,330.13
2023-01-13,134.76,98.12,92.12,136.98,332.82
2023-01-17,135.94,96.05,91.29,135.36,326.22
2023-01-18,135.21,95.46,91.12,133.02,326.33
2023-01-19,135.27,93.68,93.05,136.15,315.78
2023-01-20,137.87,97.25,98.02,139.37,342.5
2023-01-23,141.11,97.52,99.79,143.27,357.42
2023-01-24,142.53,96.32,97.7,143.14,363.83
2023-01-25,141.86,97.18,95.22,141.5,367.96
2023-01-26,143.96,99.22,97.52,147.3,364.87
2023-01-27,145.93,102.24,99.37,151.74,360.77
2023-01-30,143.0,100.55,96.94,147.06,353.11
2023-01-31,144.29,103.13,98.84,148.97,353.86
2023-02-01,145.43,105.15,100.43,153.12,361.99
2023-02-02,150.82,112.91,107.74,188.77,366.89
2023-02-03,154.5,103.39,104.78,186.53,365.9
2023-02-06,151.73,102.18,102.9,186.06,361.48
2023-02-07,154.65,102.11,107.64,191.62,362.95
2023-02-08,151.92,100.05,99.37,183.43,366.83
2023-02-09,150.87,98.24,95.01,177.92,362.5
2023-02-10,151.01,97.61,94.57,174.15,347.36
2023-02-13,153.85,99.54,94.61,179.43,358.57
2023-02-14,153.2,99.7,94.68,179.48,359.96
2023-02-15,155.33,101.16,96.94,177.16,361.42
2023-02-16,153.71,98.15,95.51,172.44,350.71
2023-02-17,152.55,97.2,94.35,172.88,347.96
2023-02-21,148.48,94.58,91.79,172.08,337.5
2023-02-22,148.91,95.79,91.65,171.12,334.88
2023-02-23,149.4,95.82,90.89,172.04,323.65
2023-02-24,146.71,93.5,89.13,170.39,317.15
2023-02-27,147.92,93.76,89.87,169.54,323.03
2023-02-28,147.41,94.23,90.06,174.94,322.13
2023-03-01,145.31,92.17,90.36,173.42,313.48
2023-03-02,145.91,92.13,92.0,174.53,311.88
2023-03-03,151.03,94.9,93.65,185.25,315.18
2023-03-06,153.83,93.75,95.13,184.9,312.03
2023-03-07,151.6,93.55,93.86,184.51,308.47
2023-03-08,152.87,93.92,94.25,184.97,311.79
2023-03-09,150.59,92.25,92.32,181.69,297.78
2023-03-10,148.5,90.73,90.63,179.51,292.76
2023-03-13,150.47,92.43,91.11,180.9,293.51
2023-03-14,152.59,94.88,93.97,194.02,294.94
2023-03-15,152.99,96.2,96.11,197.75,303.79
2023-03-16,155.85,100.04,100.32,204.93,310.06
2023-03-17,155.0,98.95,101.62,195.61,303.5
2023-03-20,157.4,97.71,101.22,197.81,305.13
2023-03-21,159.28,100.61,104.92,202.16,305.79
2023-03-22,157.83,98.7,103.37,199.81,293.9
2023-03-23,158.93,98.71,105.6,204.28,320.37
2023-03-24,160.25,98.13,105.44,206.01,328.39
2023-03-27,158.28,98.04,102.46,202.84,327.66
2023-03-28,157.65,97.24,101.03,200.68,323.52
2023-03-29,160.77,100.25,101.39,205.35,332.03
2023-03-30,162.36,102.0,100.89,207.84,338.43
2023-03-31,164.9,103.29,103.73,211.94,345.48
2023-04-03,166.17,102.41,104.36,213.07,348.28
2023-04-04,165.63,103.95,104.72,214.72,346.75
2023-04-05,163.76,101.1,104.47,211.48,342.35
2023-04-06,164.66,102.06,108.42,216.1,339.33
2023-04-10,162.03,102.17,106.44,214.75,338.99
2023-04-11,160.8,99.92,105.35,213.85,338.21
2023-04-12,160.1,97.83,104.64,214.0,331.03
2023-04-13,165.56,102.4,107.43,220.35,346.19
2023-04-14,165.21,102.51,108.87,221.49,338.63
2023-04-17,165.23,102.74,105.97,218.86,332.72
2023-04-18,166.47,102.3,104.5,217.89,333.7
2023-04-19,167.63,104.3,104.18,215.7,323.12
2023-04-20,166.65,103.81,105.29,213.07,325.35
2023-04-21,165.02,106.96,105.41,212.89,327.98
2023-04-24,165.33,106.21,105.97,212.79,329.02
2023-04-25,163.77,102.57,103.85,207.55,322.55
2023-04-26,163.76,104.98,103.71,209.4,321.15
2023-04-27,168.41,109.82,107.59,238.56,325.85
2023-04-28,169.68,105.45,107.34,240.32,329.93
2023-05-01,169.59,102.05,107.2,243.18,324.12
2023-05-02,168.54,103.63,105.32,239.24,317.55
2023-05-03,167.45,103.65,105.41,237.03,319.3
2023-05-04,165.79,104.0,104.69,233.52,320.78
2023-05-05,173.57,105.66,105.57,232.78,322.76
2023-05-08,173.5,105.83,107.77,233.27,331.21
2023-05-09,171.77,106.62,107.35,233.37,332.14
2023-05-10,173.56,110.19,111.75,233.08,335.42
2023-05-11,173.75,112.18,116.57,235.79,344.76
2023-05-12,172.57,110.26,117.51,233.81,339.89
2023-05-15,172.07,111.2,116.51,238.86,335.89
2023-05-16,172.07,113.4,119.51,238.82,333.75
2023-05-17,172.69,115.5,120.84,242.49,339.96
2023-05-18,175.05,118.15,122.83,246.85,371.29
2023-05-19,175.16,116.25,122.76,245.64,365.36
2023-05-22,174.2,115.01,125.05,248.32,363.01
2023-05-23,171.56,114.99,122.56,246.74,355.99
2023-05-24,171.84,116.75,120.9,249.21,364.85
2023-05-25,172.99,115.0,123.48,252.69,359.0
2023-05-26,175.43,120.11,124.61,262.04,378.88
2023-05-30,177.3,121.66,123.67,262.52,392.98
2023-05-31,177.25,120.58,122.87,264.72,395.23
2023-06-01,180.09,122.77,123.72,272.61,403.13
2023-06-02,180.95,124.25,124.67,272.61,400.47
2023-06-05,179.58,125.3,126.01,271.39,403.54
2023-06-06,179.21,126.61,127.31,271.12,399.29
2023-06-07,177.82,121.23,122.5,263.6,399.77
2023-06-08,180.57,124.25,122.14,264.58,409.37
2023-06-09,180.96,123.43,122.23,264.95,420.02
2023-06-12,183.79,126.57,123.64,271.05,423.97
2023-06-13,183.31,126.66,123.83,271.32,435.73
2023-06-14,183.95,126.42,123.67,273.35,440.86
2023-06-15,186.01,127.11,125.09,281.83,445.27
2023-06-16,184.92,125.49,123.53,281.0,431.96
2023-06-20,185.01,125.78,123.1,284.33,434.7
2023-06-21,183.96,124.83,120.55,281.64,424.45
2023-06-22,187.0,130.15,123.15,284.88,422.48
2023-06-23,186.68,129.33,122.34,288.73,424.02
2023-06-26,185.27,127.33,118.34,278.47,415.94
2023-06-27,188.06,129.18,118.33,287.05,417.08
2023-06-28,189.25,129.04,120.18,285.29,429.84
2023-06-29,189.59,127.9,119.1,281.53,428.24
2023-06-30,193.97,130.36,119.7,286.98,440.49
2023-07-03,192.46,130.22,119.9,286.02,441.44
2023-07-05,191.33,130.38,121.75,294.37,445.9
2023-07-06,191.81,128.36,120.11,291.99,438.84
2023-07-07,190.68,129.78,119.48,290.53,438.1
2023-07-10,188.61,127.13,116.45,294.1,441.71
2023-07-11,188.08,128.78,117.14,298.29,440.21
2023-07-12,189.77,130.8,118.93,309.34,444.05
2023-07-13,190.54,134.3,124.54,313.41,450.38
2023-07-14,190.69,134.68,125.42,308.87,441.91
2023-07-17,193.99,133.56,124.65,310.62,450.05
2023-07-18,193.73,132.83,123.76,312.05,474.8
2023-07-19,195.1,135.36,122.03,316.01,477.59
2023-07-20,193.13,129.96,119.2,302.52,437.42
2023-07-21,191.94,130.0,120.02,294.26,427.5
2023-07-24,192.75,128.8,121.53,291.61,428.37
2023-07-25,193.62,129.13,122.21,294.47,427.7
2023-07-26,194.5,128.15,129.27,298.57,422.67
2023-07-27,193.22,128.25,129.4,311.71,413.17
2023-07-28,195.83,132.21,132.58,325.48,425.78
2023-07-31,196.45,133.68,132.72,318.6,438.97
2023-08-01,195.61,131.69,131.55,322.71,438.62
2023-08-02,192.58,128.21,128.38,314.31,429.7
2023-08-03,191.17,128.91,128.45,313.19,431.0
2023-08-04,181.99,139.57,128.11,310.73,431.6
2023-08-07,178.85,142.22,131.53,316.56,440.76
2023-08-08,179.8,139.94,131.4,312.64,438.3
2023-08-09,178.19,137.85,129.66,305.21,428.9
2023-08-10,177.97,138.56,129.69,305.74,429.98
2023-08-11,177.79,138.41,129.56,301.64,421.66
2023-08-14,179.46,140.57,131.33,306.19,427.78
2023-08-15,177.45,137.67,129.78,301.95,423.7
2023-08-16,176.57,135.07,128.7,294.29,415.45
2023-08-17,174.0,133.98,129.92,285.09,403.0
2023-08-18,174.49,133.22,127.46,283.25,404.53
2023-08-21,175.84,134.68,128.37,289.9,408.29
2023-08-22,177.23,134.25,129.08,287.6,413.17
2023-08-23,181.12,135.52,132.37,294.24,427.55
2023-08-24,176.38,131.84,129.78,286.75,406.93
2023-08-25,178.61,133.26,129.88,285.5,416.03
2023-08-28,180.19,133.14,131.01,290.26,418.06
2023-08-29,184.12,134.91,134.57,297.99,429.99
2023-08-30,187.65,135.07,135.88,295.1,434.67
2023-08-31,187.87,138.01,136.17,295.89,433.68
2023-09-01,189.46,138.12,135.66,296.38,439.88
2023-09-05,189.7,137.27,135.77,300.15,448.68
2023-09-06,182.91,135.36,134.46,299.17,445.76
2023-09-07,177.56,137.85,135.26,298.67,443.14
2023-09-08,178.18,138.23,136.38,297.89,442.8
2023-09-11,179.36,143.1,136.92,307.56,445.36
2023-09-12,176.3,141.23,135.34,301.66,434.69
2023-09-13,174.21,144.85,136.71,305.06,412.24
2023-09-14,175.74,144.72,138.1,311.72,400.49
2023-09-15,175.01,140.39,137.4,300.31,396.94
2023-09-18,177.97,139.98,138.21,302.55,394.4
2023-09-19,179.07,137.63,138.04,305.07,396.2
2023-09-20,175.49,135.29,133.74,299.67,386.3
2023-09-21,173.93,129.33,130.44,295.73,384.15
2023-09-22,174.79,129.12,130.25,299.08,379.81
2023-09-25,176.08,131.27,131.11,300.83,384.8
2023-09-26,171.96,125.98,128.57,298.96,379.25
2023-09-27,170.43,125.98,130.54,297.74,377.59
2023-09-28,170.69,125.98,132.31,303.96,376.36
2023-09-29,171.21,127.12,130.86,300.21,377.6
2023-10-02,173.75,129.46,134.17,306.82,380.33
2023-10-03,172.4,124.72,132.43,300.94,376.75
2023-10-04,173.66,127.0,135.24,305.58,376.9
2023-10-05,174.91,125.96,135.07,304.79,372.59
2023-10-06,177.49,127.96,137.58,315.43,381.51
2023-10-09,178.99,128.26,138.42,318.36,385.95
2023-10-10,178.39,129.48,138.06,321.84,373.32
2023-10-11,179.8,131.83,140.55,327.82,365.93
2023-10-12,180.71,132.33,138.97,324.16,361.2
2023-10-13,178.85,129.79,137.36,314.69,355.68
2023-10-16,178.72,132.55,139.1,321.15,360.82
2023-10-17,177.15,131.47,139.72,324.0,355.72
2023-10-18,175.84,128.13,137.96,316.97,346.19
2023-10-19,175.46,128.4,137.75,312.81,401.77
2023-10-20,172.88,125.17,135.6,308.65,400.96
2023-10-23,173.0,126.56,136.5,314.01,406.84
2023-10-24,173.44,128.56,138.81,312.55,413.73
2023-10-25,171.1,121.39,125.61,299.53,411.25
2023-10-26,166.89,119.57,122.28,288.35,403.54
2023-10-27,168.22,127.74,122.17,296.73,397.87
2023-10-30,170.29,132.71,124.46,302.66,410.08
2023-10-31,170.77,133.09,124.08,301.27,411.69
2023-11-01,173.97,137.0,126.45,311.85,420.19
2023-11-02,177.57,138.07,127.49,310.87,424.71
2023-11-03,176.65,138.6,129.1,314.6,432.36
2023-11-06,179.23,139.74,130.25,315.8,434.74
2023-11-07,181.82,142.71,130.97,318.82,434.61
2023-11-08,182.89,142.08,131.84,319.78,436.65
2023-11-09,182.41,140.6,130.24,320.55,435.15
2023-11-10,186.4,143.56,132.59,328.77,447.24
2023-11-13,184.8,142.59,132.09,329.19,444.62
2023-11-14,187.44,145.8,133.62,336.31,448.65
2023-11-15,188.01,143.2,134.62,332.71,461.94
2023-11-16,189.71,142.83,136.93,334.19,466.95
2023-11-17,189.69,145.18,135.31,335.04,465.91
2023-11-20,191.45,146.13,136.25,339.97,474.47
2023-11-21,190.64,143.9,136.97,336.98,474.95
2023-11-22,191.31,146.71,138.49,341.49,478.0
2023-11-24,189.97,146.74,136.69,338.23,479.56
2023-11-27,189.79,147.73,136.41,334.7,479.17
2023-11-28,190.4,147.03,137.2,338.99,479.0
2023-11-29,189.37,146.32,134.99,332.2,477.19
2023-11-30,189.95,146.09,132.53,327.15,473.97
2023-12-01,191.24,147.03,131.86,324.82,465.74
2023-12-04,189.43,144.84,129.27,320.02,453.9
2023-12-05,193.42,146.88,130.99,318.29,455.15
2023-12-06,192.32,144.52,130.02,317.45,446.73
2023-12-07,194.27,146.88,136.93,326.59,452.0
2023-12-08,195.71,147.42,134.99,332.75,453.76
2023-12-11,193.18,145.89,133.29,325.28,459.89
2023-12-12,194.71,147.48,132.52,334.22,463.0
2023-12-13,197.96,148.84,132.57,334.74,479.98
2023-12-14,198.11,147.42,131.94,333.17,469.83
2023-12-15,197.57,149.97,132.6,334.92,472.06
2023-12-18,195.89,154.07,135.8,344.62,486.12
2023-12-19,196.94,153.79,136.65,350.36,495.02
2023-12-20,194.83,152.12,138.34,349.28,489.27
2023-12-21,194.68,153.84,140.42,354.09,491.61
2023-12-22,193.6,153.42,141.49,353.39,486.76
2023-12-26,193.05,153.41,141.52,354.83,491.19
2023-12-27,193.15,153.34,140.37,357.83,491.79
2023-12-28,193.58,153.38,140.23,358.32,490.51
2023-12-29,192.53,151.94,139.69,353.96,486.88
