"operator","row_number","height","avg_height","stddev_height","ucl","lcl","alert"
"Op-1",5,19.46,19.778,1.062812307,21.2039123395,18.3520876605,false
"Op-1",6,20.36,19.912,1.0908116244,21.3754773657,18.4485226343,false
"Op-1",7,20.22,20.03,1.084573649,21.4851082434,18.5748917566,false
"Op-1",8,21.03,19.934,0.9312249997,21.183369441,18.684630559,false
"Op-1",9,19.78,20.17,0.5988321969,20.9734176996,19.3665823004,false
"Op-1",10,20.71,20.42,0.4768123321,21.0597108722,19.7802891278,false
"Op-1",11,20.62,20.472,0.4827732387,21.1197082677,19.8242917323,false
"Op-1",12,19.51,20.33,0.6506535176,21.2029432971,19.4570567029,false
"Op-1",13,20.06,20.136,0.5215649528,20.8357528135,19.4362471865,false
"Op-1",14,20.3,20.24,0.4832701108,20.8883748916,19.5916251084,false
"Op-1",15,20.25,20.148,0.4095973633,20.6975325286,19.5984674714,false
"Op-1",16,20.52,20.128,0.3823218539,20.6409385928,19.6150614072,false
"Op-1",17,19.33,20.092,0.4563660811,20.704279348,19.479720652,true
"Op-1",18,19.12,19.904,0.6324792487,20.7525599566,19.0554400434,false
"Op-1",19,19.37,19.718,0.6235944195,20.5546397074,18.8813602926,false
"Op-1",20,18.8,19.428,0.6508993778,20.3012731531,18.5547268469,false
"Op-1",21,19.94,19.312,0.4174565846,19.8720767805,18.7519232195,true
"Op-1",22,19.79,19.404,0.4698191141,20.0343284858,18.7736715142,false
"Op-1",23,22.31,20.042,1.3427471839,21.8434843879,18.2405156121,true
"Op-1",24,20.17,20.202,1.289251721,21.9317126929,18.4722873071,false
"Op-1",25,19.54,20.35,1.1193524914,21.8517689569,18.8482310431,false
"Op-1",26,21.22,20.606,1.1481419773,22.1463941054,19.0656058946,false
"Op-10",5,20.31,20.242,0.9402499668,21.5034777049,18.9805222951,false
"Op-10",6,20.91,20.42,0.9714422268,21.7233265132,19.1166734868,false
"Op-10",7,19.15,19.918,0.8046862743,20.9975999259,18.8384000741,false
"Op-10",8,20.35,19.95,0.8212186067,21.0517803774,18.8482196226,false
"Op-10",9,19.9,20.124,0.6523649285,20.9992393958,19.2487606042,false
"Op-10",10,21.38,20.338,0.8683720401,21.5030433468,19.1729566532,false
"Op-10",11,21.13,20.382,0.9092139462,21.6018385139,19.1621614861,false
"Op-10",12,21.42,20.836,0.6774437246,21.7448861315,19.9271138685,false
"Op-10",13,18.58,20.482,1.2311051945,22.1337009415,18.8302990585,true
"Op-10",14,20.47,20.596,1.1894242305,22.19178006,19.00021994,false
"Op-10",15,19.28,20.176,1.2138904399,21.8046049245,18.5473950755,false
"Op-10",16,19.06,19.762,1.1589305415,21.3168684832,18.2071315168,false
"Op-10",17,19.44,19.366,0.6969791962,20.301095717,18.430904283,false
"Op-10",18,21.86,20.022,1.1612148811,21.5799332463,18.4640667537,true
"Op-10",19,21.08,20.144,1.2487914157,21.8194294972,18.4685705028,false
"Op-10",20,20.66,20.42,1.1593963947,21.9754934908,18.8645065092,false
"Op-10",21,19.04,20.416,1.165281082,21.9793886273,18.8526113727,false
"Op-10",22,20.17,20.562,1.0527202857,21.9743724721,19.1496275279,false
"Op-10",23,20.3,20.25,0.7632168761,21.27396289,19.22603711,false
"Op-10",24,21.48,20.33,0.8834591105,21.5152847759,19.1447152241,false
"Op-10",25,20.12,20.222,0.8658637306,21.3836780965,19.0603219035,false
"Op-10",26,21.57,20.728,0.7312113238,21.7090229355,19.7469770645,false
"Op-10",27,19.7,20.634,0.8426031094,21.7644706984,19.5035293016,false
"Op-10",28,20.43,20.66,0.8316549765,21.7757822368,19.5442177632,false
"Op-10",29,21.53,20.67,0.8441859985,21.8025943669,19.5374056331,false
"Op-10",30,18.64,20.374,1.2480905416,22.0484891758,18.6995108242,true
"Op-11",5,21.39,20.668,0.7573770527,21.6841279447,19.6518720553,false
"Op-11",6,19.87,20.64,0.7896834809,21.6994715664,19.5805284336,false
"Op-11",7,21.15,20.916,0.6357515238,21.7689501744,20.0630498256,false
"Op-11",8,18.54,20.346,1.1632841441,21.9067094541,18.7852905459,true
"Op-11",9,19.75,20.14,1.1584040746,21.6941621537,18.5858378463,false
"Op-11",10,21.65,20.192,1.2320389604,21.8449537199,18.5390462801,false
"Op-11",11,19.97,20.212,1.2263033882,21.8572586423,18.5667413577,false
"Op-11",12,19.56,19.894,1.1241574623,21.4022155018,18.3857844982,false
"Op-11",13,20.31,20.248,0.8318773948,21.3640806422,19.1319193578,false
"Op-11",14,18.91,20.08,1.0209309477,21.4497225997,18.7102774003,false
"Op-11",15,19.99,19.748,0.5388135113,20.4708941831,19.0251058169,false
"Op-11",16,20.69,19.892,0.6884184774,20.8156103074,18.9683896926,false
"Op-12",5,19.79,20.008,1.21910623,21.6436026412,18.3723973588,false
"Op-12",6,18.81,19.868,1.3260920028,21.6471391177,18.0888608823,false
"Op-12",7,19.03,19.292,0.6905939473,20.2185290066,18.3654709934,false
"Op-12",8,20.67,19.38,0.8497058314,20.52,18.24,true
"Op-12",9,18.78,19.416,0.8113445631,20.5045329577,18.3274670423,false
"Op-12",10,20.79,19.616,1.0223893583,20.9876792628,18.2443207372,false
"Op-12",11,18.99,19.652,0.9895554557,20.9796279599,18.3243720401,false
"Op-12",12,20.97,20.04,1.0623558726,21.4652999684,18.6147000316,false
"Op-12",13,21.54,20.214,1.2466073961,21.8864993274,18.5415006726,false
"Op-12",14,18.62,20.182,1.2937812798,21.9177897338,18.4462102662,false
"Op-12",15,19.08,19.84,1.3186546174,21.609160818,18.070839182,false
"Op-12",16,21.84,20.41,1.4670037491,22.3781920638,18.4418079362,false
"Op-12",17,20.63,20.342,1.4422274439,22.2769511622,18.4070488378,false
"Op-12",18,19.52,19.938,1.2985068348,21.6801297311,18.1958702689,false
"Op-12",19,21.02,20.418,1.120946029,21.921906912,18.914093088,false
"Op-12",20,20.48,20.698,0.8437535185,21.8300141342,19.5659858658,false
"Op-13",5,21.93,20.182,1.1862208901,21.7734823279,18.5905176721,true
"Op-13",6,19.04,20.052,1.2851147809,21.7761624053,18.3278375947,false
"Op-13",7,18.78,19.938,1.3844023981,21.7953707223,18.0806292777,false
"Op-13",8,18.88,19.544,1.3395633617,21.3412128422,17.7467871578,false
"Op-13",9,21.07,19.94,1.459126451,21.8976235593,17.9823764407,false
"Op-13",10,19.17,19.388,0.9520346632,20.6652885344,18.1107114656,false
"Op-13",11,20.57,19.694,1.05277253,21.1064425652,18.2815574348,false
"Op-13",12,20.42,20.022,0.9469794084,21.2925061983,18.7514938017,false
"Op-13",13,18.87,20.02,0.95,21.2945587472,18.7454412528,false
"Op-13",14,20.15,19.836,0.7673200115,20.8654678237,18.8065321763,false
"Op-13",15,20.21,20.044,0.6773330052,20.9527375859,19.1352624141,false
"Op-13",16,21.6,20.25,0.9704895672,21.5520483862,18.9479516138,true
"Op-13",17,21.11,20.388,1.0467664496,21.7923845627,18.9836154373,false
"Op-13",18,18.88,20.39,1.0431442853,21.7895249194,18.9904750806,true
"Op-13",19,20.99,20.558,1.062294686,21.9832178781,19.1327821219,false
"Op-13",20,21.36,20.788,1.0921858816,22.2533211252,19.3226788748,false
"Op-13",21,21.56,20.78,1.0848732645,22.2355102198,19.3244897802,false
"Op-14",5,21.72,20.668,0.9236178864,21.9071634275,19.4288365725,false
"Op-14",6,18.8,20.49,1.2027884269,22.1037100111,18.8762899889,true
"Op-14",7,19.92,20.158,1.0455237922,21.5607173628,18.7552826372,false
"Op-14",8,21.2,20.338,1.1484859599,21.8788556065,18.7971443935,false
"Op-14",9,18.54,20.036,1.411552337,21.9297961876,18.1422038124,false
"Op-14",10,19.59,19.61,1.0518555034,21.0212122448,18.1987877552,false
"Op-14",11,18.83,19.616,1.0461500848,21.0195576226,18.2124423774,false
"Op-14",12,18.68,19.368,1.1015761435,20.8459194836,17.8900805164,false
"Op-14",13,19.68,19.064,0.5321935738,19.7780126049,18.3499873951,false
"Op-14",14,21.6,19.676,1.1637138824,21.2372860084,18.1147139916,true
"Op-14",15,19.97,19.752,1.1690893892,21.3204980076,18.1835019924,false
"Op-14",16,21.45,20.276,1.2376712003,21.9365101626,18.6154898374,false
"Op-14",17,19.26,20.392,1.0659596615,21.8221349587,18.9618650413,false
"Op-14",18,20.83,20.622,0.99567565,21.9578390622,19.2861609378,false
"Op-14",19,19.61,20.224,0.9001555421,21.4316853895,19.0163146105,false
"Op-14",20,19.7,20.17,0.926903447,21.4135714696,18.9264285304,false
"Op-14",21,21.78,20.236,1.045050238,21.6380820233,18.8339179767,true
"Op-14",22,18.75,20.134,1.180266919,21.7174942374,18.5505057626,false
"Op-14",23,18.9,19.748,1.2109376532,21.3726433455,18.1233566545,false
"Op-14",24,19.78,19.782,1.2084783821,21.403343887,18.160656113,false
"Op-14",25,21.61,20.164,1.4531792732,22.113644583,18.214355417,false
"Op-14",26,19.61,19.73,1.1402412026,21.2597941038,18.2002058962,false
"Op-14",27,20.03,19.986,1.0003149504,21.3280633368,18.6439366632,false
"Op-14",28,21.11,20.428,0.8817142394,21.6109437856,19.2450562144,false
"Op-14",29,20.53,20.578,0.8043133718,21.6570996247,19.4989003753,false
"Op-14",30,20.51,20.358,0.5668509504,21.118510355,19.597489645,false
"Op-14",31,21.57,20.75,0.5971599451,21.5511741384,19.9488258616,true
"Op-14",32,21.15,20.974,0.4519734505,21.5803860157,20.3676139843,false
"Op-14",33,21.07,20.966,0.449310583,21.568813404,20.363186596,false
"Op-14",34,19.99,20.858,0.6147519825,21.6827763333,20.0332236667,true
"Op-14",35,20.49,20.854,0.6176406722,21.6826519173,20.0253480827,false
"Op-15",5,21.01,20.404,1.6878329301,22.6684654998,18.1395345002,false
"Op-15",6,20.8,20.838,1.3659319163,22.6705899705,19.0054100295,false
"Op-15",7,20.08,21.14,0.7806727868,22.1873824516,20.0926175484,true
"Op-15",8,19.48,20.67,0.9503683496,21.9450529401,19.3949470599,false
"Op-15",9,19.67,20.208,0.6762913573,21.1153400686,19.3006599314,false
"Op-15",10,21.91,20.388,0.9900858549,21.716339565,19.059660435,true
"Op-15",11,18.71,19.97,1.1930423295,21.5706342493,18.3693657507,false
"Op-15",12,21.9,20.334,1.4784890936,22.3176012704,18.3503987296,false
"Op-15",13,19.79,20.396,1.4397152496,22.3275806998,18.4644193002,false
"Op-15",14,19.03,20.268,1.5449983819,22.3408328442,18.1951671558,false
"Op-15",15,20.59,20.004,1.2852159352,21.7282981181,18.2797018819,false
"Op-15",16,21.43,20.548,1.1711618163,22.1192784604,18.9767215396,false
"Op-15",17,20.95,20.358,0.9538972691,21.6377874824,19.0782125176,false
"Op-15",18,20.61,20.522,0.9008440487,21.730609118,19.313390882,false
"Op-15",19,20.77,20.87,0.3449637662,21.3328174586,20.4071825414,false
"Op-16",5,21.99,21.034,0.9686743519,22.3336130193,19.7343869807,false
"Op-16",6,19.72,21.074,0.8915884701,22.2701914562,19.8778085438,true
"Op-16",7,19.14,20.626,1.206536365,22.2447383976,19.0072616024,false
"Op-16",8,20.23,20.354,1.0817254735,21.805287015,18.902712985,false
"Op-16",9,21.78,20.572,1.2612969516,22.2642074341,18.8797925659,false
"Op-16",10,20.9,20.354,1.0274628947,21.7324861262,18.9755138738,false
"Op-16",11,20.71,20.552,0.9684368849,21.8512944239,19.2527055761,false
"Op-16",12,19.22,20.568,0.9395051889,21.8284784806,19.3075215194,true
"Op-16",13,19.08,20.338,1.1582400442,21.8919420839,18.7840579161,false
"Op-16",14,19.69,19.92,0.8415759027,21.049092556,18.790907444,false
"Op-16",15,20.48,19.836,0.7333007569,20.8198262042,18.8521737958,false
"Op-16",16,20.48,19.79,0.669178601,20.6877973045,18.8922026955,false
"Op-16",17,20.14,19.974,0.5957180541,20.7732396387,19.1747603613,false
"Op-16",18,20.5,20.258,0.3513118273,20.7293342763,19.7866657237,false
"Op-16",19,20.37,20.394,0.1509304476,20.5964944444,20.1915055556,false
"Op-16",20,20.99,20.496,0.3110144691,20.913269697,20.078730303,true
"Op-16",21,21.67,20.734,0.6086296082,21.5505623063,19.9174376937,true
"Op-16",22,20.19,20.744,0.596724392,21.5445897826,19.9434102174,false
"Op-16",23,21.59,20.962,0.6787635818,21.8726569058,20.0513430942,false
"Op-16",24,21.29,21.146,0.5980635418,21.9483864406,20.3436135594,false
"Op-16",25,21.85,21.318,0.6622084264,22.206445834,20.429554166,false
"Op-17",5,19.09,20.378,1.2436719825,22.0465610567,18.7094389433,false
"Op-17",6,20.34,20.216,1.1684519673,21.7836428165,18.6483571835,false
"Op-17",7,21.53,20.244,1.2047323354,21.860318038,18.627681962,false
"Op-17",8,21.41,20.264,1.2274689405,21.9108223948,18.6171776052,false
"Op-17",9,19.53,20.38,1.0921996155,21.8453395511,18.9146604489,false
"Op-17",10,21.3,20.822,0.8627108438,21.979448055,19.664551945,false
"Op-17",11,21.41,21.036,0.8458013951,22.170761649,19.901238351,false
"Op-17",12,20.1,20.75,0.8781514676,21.9281638256,19.5718361744,false
"Op-17",13,19.97,20.462,0.8430124554,21.5930198937,19.3309801063,false
"Op-17",14,18.66,20.288,1.1258197014,21.7984456296,18.7775543704,true
"Op-17",15,21.96,20.42,1.299442188,22.1633846391,18.6766153609,false
"Op-17",16,21.86,20.51,1.3970683591,22.3843638921,18.6356361079,false
"Op-17",17,21.4,20.77,1.4224275025,22.6783867533,18.8616132467,false
"Op-17",18,21.81,21.138,1.4015776825,23.0184137843,19.2575862157,false
"Op-17",19,19.57,21.32,1.0012741882,22.6633502894,19.9766497106,true
"Op-17",20,21.76,21.28,0.9729080121,22.5852930705,19.9747069295,false
"Op-17",21,21.47,21.202,0.9294460716,22.4489827585,19.9550172415,false
"Op-17",22,19.02,20.726,1.3270757326,22.5064589296,18.9455410704,false
"Op-17",23,19.87,20.338,1.2092849127,21.9604259613,18.7155740387,false
"Op-18",5,20.47,20.66,1.2959359552,22.3986805342,18.9213194658,false
"Op-18",6,21.39,20.56,1.1924554499,22.1598468677,18.9601531323,false
"Op-18",7,18.54,20.196,1.505466705,22.2157955342,18.1762044658,false
"Op-18",8,21.59,20.146,1.439940971,22.0778835369,18.2141164631,false
"Op-18",9,21.64,20.726,1.310240436,22.483872009,18.968127991,false
"Op-18",10,20.48,20.728,1.3097595199,22.4852267924,18.9707732076,false
"Op-18",11,20.77,20.604,1.2598134783,22.2942171458,18.9137828542,false
"Op-18",12,21.85,21.266,0.6020215943,22.0736967253,20.4583032747,false
"Op-18",13,20.79,21.106,0.6006912685,21.9119119059,20.3000880941,false
"Op-18",14,20.61,20.9,0.5458937626,21.6323933369,20.1676066631,false
"Op-18",15,21.55,21.114,0.5497999636,21.8516340556,20.3763659444,false
"Op-18",16,18.51,20.662,1.3086328744,22.4177152389,18.9062847611,true
"Op-18",17,20.6,20.412,1.1324839955,21.9313867184,18.8926132816,false
"Op-18",18,20.83,20.42,1.1359577457,21.9440472434,18.8959527566,false
"Op-18",19,20.46,20.39,1.1316580756,21.9082786306,18.8717213694,false
"Op-18",20,19.12,19.904,1.025782628,21.2802318119,18.5277681881,false
"Op-18",21,18.86,19.974,0.9125678057,21.1983381886,18.7496618114,false
"Op-18",22,20.48,19.95,0.8933644273,21.1485741529,18.7514258471,false
"Op-18",23,19.49,19.682,0.7534056013,20.6927996834,18.6712003166,false
"Op-18",24,18.67,19.324,0.7156325873,20.2841218673,18.3638781327,false
"Op-18",25,20.06,19.512,0.7700454532,20.5451243875,18.4788756125,false
"Op-18",26,21.31,20.002,0.9973815719,21.3401277966,18.6638722034,false
"Op-18",27,21.9,20.286,1.3181160799,22.0544382941,18.5175617059,false
"Op-18",28,20.18,20.424,1.2482107194,22.0986504113,18.7493495887,false
"Op-18",29,19.97,20.684,0.86944235,21.8504793183,19.5175206817,false
"Op-19",5,20.28,20.358,1.2095949735,21.9808419516,18.7351580484,false
"Op-19",6,21.02,20.162,0.9222906266,21.3993827217,18.9246172783,false
"Op-19",7,19.49,20.324,0.6177620901,21.1528148165,19.4951851835,true
"Op-19",8,20.92,20.506,0.6359087985,21.3591611806,19.6528388194,false
"Op-19",9,19.25,20.192,0.8067651455,21.2743890243,19.1096109757,false
"Op-19",10,18.99,19.934,0.9627720395,21.2256942363,18.6423057637,false
"Op-19",11,20.36,19.802,0.8097345244,20.8883728642,18.7156271358,false
"Op-19",12,21.04,20.112,0.9457113725,21.3808049495,18.8431950505,false
"Op-19",13,21.23,20.174,1.0192301016,21.5414406751,18.8065593249,false
"Op-19",14,21.97,20.718,1.1233298714,22.2251051722,19.2108948278,false
"Op-19",15,18.9,20.7,1.1581234822,22.2537856995,19.1462143005,true
"Op-19",16,20.22,20.672,1.1700299141,22.2417598542,19.1022401458,false
"Op-19",17,21.43,20.75,1.2129097246,22.3772891568,19.1227108432,false
"Op-19",18,18.6,20.224,1.4910834987,22.2244984379,18.2235015621,false
"Op-19",19,19.7,19.77,1.1279184368,21.2832613786,18.2567386214,false
"Op-19",20,20.26,20.042,1.0249487792,21.4171130863,18.6668869137,false
"Op-19",21,18.72,19.742,1.1691963052,21.3106414504,18.1733585496,false
"Op-2",5,20.64,19.084,1.1897184541,20.6801748025,17.4878251975,false
"Op-2",6,21.27,19.864,1.0559971591,21.2807688591,18.4472311409,false
"Op-2",7,23.11,20.746,1.561451248,22.8409066805,18.6510933195,true
"Op-2",8,21.13,21.088,1.374488996,22.9320704976,19.2439295024,false
"Op-2",9,21.92,21.614,0.9530110178,22.8925984514,20.3354015486,false
"Op-2",10,18.05,21.096,1.8738142918,23.6099856802,18.5820143198,true
"Op-2",11,20.64,20.97,1.8803590083,23.4927663388,18.4472336612,false
"Op-2",12,19.15,20.178,1.5604069982,22.2715056723,18.0844943277,false
"Op-2",13,19.04,19.76,1.5210687032,21.8007278113,17.7192721887,false
"Op-2",14,19.39,19.254,0.9281325336,20.4992204624,18.0087795376,false
"Op-2",15,19.98,19.64,0.6667458286,20.5345333979,18.7454666021,false
"Op-2",16,21.95,19.902,1.2011536122,21.5135166769,18.2904833231,true
"Op-2",17,20.05,20.082,1.1253310624,21.5917900516,18.5722099484,false
"Op-2",18,19.92,20.258,0.9812084386,21.5744292613,18.9415707387,false
"Op-2",19,18.97,20.174,1.0864299333,21.6315987102,18.7164012898,false
"Op-2",20,19.2,20.018,1.1737418796,21.5927399785,18.4432600215,false
"Op-2",21,21.39,19.906,0.9483828341,21.1783890914,18.6336109086,true
"Op-2",22,20.04,19.904,0.948013713,21.1758938635,18.6321061365,false
"Op-2",23,20.31,19.982,0.965541299,21.2774095877,18.6865904123,false
"Op-2",24,19.51,20.09,0.8469651705,21.2263230175,18.9536769825,false
"Op-2",25,19.64,20.178,0.748511857,21.1822340365,19.1737659635,false
"Op-20",5,19.02,19.93,0.9952637841,21.2652864861,18.5947135139,false
"Op-20",6,18.98,19.45,0.6344682813,20.301228524,18.598771476,false
"Op-20",7,20.08,19.372,0.4838078131,20.0210962949,18.7229037051,true
"Op-20",8,19.83,19.516,0.4933862584,20.1779471278,18.8540528722,false
"Op-20",9,19.74,19.53,0.49979996,20.2005520114,18.8594479886,false
"Op-20",10,19.48,19.622,0.4181148168,20.1829598916,19.0610401084,false
"Op-20",11,21.38,20.102,0.7459356541,21.1027776976,19.1012223024,true
"Op-20",12,20.78,20.242,0.8041890325,21.3209328061,19.1630671939,false
"Op-20",13,19.72,20.22,0.8196340647,21.3196544912,19.1203455088,false
"Op-20",14,20.51,20.374,0.7781902081,21.4180517229,19.3299482771,false
"Op-20",15,21.36,20.75,0.6870953355,21.6718351263,19.8281648737,false
"Op-20",16,19.3,20.334,0.8259418866,21.4421173223,19.2258826777,false
"Op-20",17,20.96,20.37,0.8536978388,21.5153558399,19.2246441601,false
"Op-20",18,19.68,20.362,0.8614638704,21.5177750646,19.2062249354,false
"Op-20",19,19.19,20.098,0.9964537119,21.4348829418,18.7611170582,false
"Op-20",20,21.6,20.146,1.0751185981,21.5884229615,18.7035770385,true
"Op-20",21,21.47,20.58,1.0861629712,22.0372405429,19.1227594571,false
"Op-3",5,20.46,20.778,1.062812307,22.2039123395,19.3520876605,false
"Op-3",6,21.36,20.912,1.0908116244,22.3754773657,19.4485226343,false
"Op-3",7,21.22,21.03,1.084573649,22.4851082434,19.5748917566,false
"Op-3",8,22.03,20.934,0.9312249997,22.183369441,19.684630559,false
"Op-3",9,20.78,21.17,0.5988321969,21.9734176996,20.3665823004,false
"Op-3",10,21.71,21.42,0.4768123321,22.0597108722,20.7802891278,false
"Op-3",11,21.62,21.472,0.4827732387,22.1197082677,20.8242917323,false
"Op-3",12,20.51,21.33,0.6506535176,22.2029432971,20.4570567029,false
"Op-3",13,21.06,21.136,0.5215649528,21.8357528135,20.4362471865,false
"Op-3",14,21.3,21.24,0.4832701108,21.8883748916,20.5916251084,false
"Op-3",15,21.25,21.148,0.4095973633,21.6975325286,20.5984674714,false
"Op-3",16,21.52,21.128,0.3823218539,21.6409385928,20.6150614072,false
"Op-3",17,20.33,21.092,0.4563660811,21.704279348,20.479720652,true
"Op-3",18,20.12,20.904,0.6324792487,21.7525599566,20.0554400434,false
"Op-3",19,20.37,20.718,0.6235944195,21.5546397074,19.8813602926,false
"Op-3",20,19.8,20.428,0.6508993778,21.3012731531,19.5547268469,false
"Op-3",21,20.94,20.312,0.4174565846,20.8720767805,19.7519232195,true
"Op-3",22,20.79,20.404,0.4698191141,21.0343284858,19.7736715142,false
"Op-3",23,23.31,21.042,1.3427471839,22.8434843879,19.2405156121,true
"Op-3",24,21.17,21.202,1.289251721,22.9317126929,19.4722873071,false
"Op-3",25,20.54,21.35,1.1193524914,22.8517689569,19.8482310431,false
"Op-3",26,19.51,21.064,1.3982417531,22.9399381653,19.1880618347,false
"Op-3",27,21.17,21.14,1.3899280557,23.0047841698,19.2752158302,false
"Op-3",28,21.39,20.756,0.765493305,21.7830170398,19.7289829602,false
"Op-3",29,20.64,20.65,0.7296917157,21.6289841674,19.6710158326,false
"Op-4",5,20.95,19.21,1.1567411119,20.7619310552,17.6580689448,true
"Op-4",6,19.05,19.082,1.1253310624,20.5917900516,17.5722099484,false
"Op-4",7,18.92,19.258,0.9812084386,20.5744292613,17.9415707387,false
"Op-4",8,17.97,19.174,1.0864299333,20.6315987102,17.7164012898,false
"Op-4",9,18.2,19.018,1.1737418796,20.5927399785,17.4432600215,false
"Op-4",10,20.39,18.906,0.9483828341,20.1783890914,17.6336109086,true
"Op-4",11,19.04,18.904,0.948013713,20.1758938635,17.6321061365,false
"Op-4",12,19.31,18.982,0.965541299,20.2774095877,17.6865904123,false
"Op-4",13,18.51,19.09,0.8469651705,20.2263230175,17.9536769825,false
"Op-4",14,18.64,19.178,0.748511857,20.1822340365,18.1737659635,false
"Op-4",15,19.69,19.038,0.4838078131,19.6870962949,18.3889037051,true
"Op-4",16,19.63,19.156,0.5516158083,19.8960702669,18.4159297331,false
"Op-4",17,21.51,19.596,1.200699796,21.2069078186,17.9850921814,true
"Op-4",18,18.6,19.614,1.1808598562,21.1982897462,18.0297102538,false
"Op-4",19,19.46,19.778,1.062812307,21.2039123395,18.3520876605,false
"Op-4",20,20.36,19.912,1.0908116244,21.3754773657,18.4485226343,false
"Op-4",21,20.22,20.03,1.084573649,21.4851082434,18.5748917566,false
"Op-5",5,22.17,20.43,1.1567411119,21.9819310552,18.8780689448,true
"Op-5",6,20.27,20.302,1.1253310624,21.8117900516,18.7922099484,false
"Op-5",7,20.14,20.478,0.9812084386,21.7944292613,19.1615707387,false
"Op-5",8,19.19,20.394,1.0864299333,21.8515987102,18.9364012898,false
"Op-5",9,19.42,20.238,1.1737418796,21.8127399785,18.6632600215,false
"Op-5",10,21.61,20.126,0.9483828341,21.3983890914,18.8536109086,true
"Op-5",11,20.26,20.124,0.948013713,21.3958938635,18.8521061365,false
"Op-5",12,20.53,20.202,0.965541299,21.4974095877,18.9065904123,false
"Op-5",13,19.73,20.31,0.8469651705,21.4463230175,19.1736769825,false
"Op-5",14,19.86,20.398,0.748511857,21.4022340365,19.3937659635,false
"Op-5",15,20.91,20.258,0.4838078131,20.9070962949,19.6089037051,true
"Op-5",16,20.85,20.376,0.5516158083,21.1160702669,19.6359297331,false
"Op-5",17,22.73,20.816,1.200699796,22.4269078186,19.2050921814,true
"Op-5",18,19.82,20.834,1.1808598562,22.4182897462,19.2497102538,false
"Op-5",19,20.68,20.998,1.062812307,22.4239123395,19.5720876605,false
"Op-5",20,21.58,21.132,1.0908116244,22.5954773657,19.6685226343,false
"Op-5",21,21.44,21.25,1.084573649,22.7051082434,19.7948917566,false
"Op-5",22,22.13,21.13,0.8968277427,22.333220678,19.926779322,false
"Op-5",23,20.48,21.262,0.6775839431,22.1710742544,20.3529257456,false
"Op-5",24,20.83,21.292,0.6480509239,22.1614515513,20.4225484487,false
"Op-5",25,21.42,21.26,0.6340741282,22.110699712,20.409300288,false
"Op-5",26,23.39,21.65,1.1567411119,23.2019310552,20.0980689448,true
"Op-5",27,21.49,21.522,1.1253310624,23.0317900516,20.0122099484,false
"Op-5",28,21.36,21.698,0.9812084386,23.0144292613,20.3815707387,false
"Op-5",29,20.41,21.614,1.0864299333,23.0715987102,20.1564012898,false
"Op-5",30,20.64,21.458,1.1737418796,23.0327399785,19.8832600215,false
"Op-5",31,22.83,21.346,0.9483828341,22.6183890914,20.0736109086,true
"Op-5",32,21.48,21.344,0.948013713,22.6158938635,20.0721061365,false
"Op-5",33,21.75,21.422,0.965541299,22.7174095877,20.1265904123,false
"Op-6",5,20.79,20.42,0.3290136775,20.8614181691,19.9785818309,false
"Op-6",6,20.3,20.476,0.2606338428,20.8256769938,20.1263230062,false
"Op-6",7,20.02,20.39,0.3324154028,20.8359820624,19.9440179376,false
"Op-6",8,20.28,20.414,0.315562989,20.8373721767,19.9906278233,false
"Op-6",9,20.23,20.324,0.2832490071,20.7040184206,19.9439815794,false
"Op-6",10,20.32,20.23,0.1220655562,20.3937681288,20.0662318712,false
"Op-6",11,20.81,20.332,0.2911528808,20.72262258,19.94137742,true
"Op-6",12,20.27,20.382,0.2413917977,20.7058610813,20.0581389187,false
"Op-6",13,20.38,20.402,0.2348829496,20.7171285452,20.0868714548,false
"Op-6",14,20.71,20.498,0.2448877294,20.8265513658,20.1694486342,false
"Op-6",15,20.96,20.626,0.291427521,21.0169910485,20.2350089515,false
"Op-6",16,20.98,20.66,0.3261134772,21.097527142,20.222472858,false
"Op-6",17,20.21,20.648,0.3446302366,21.1103699817,20.1856300183,false
"Op-6",18,20.43,20.658,0.3355145302,21.1081399782,20.2078600218,false
"Op-7",5,18.66,19.414,0.5914220151,20.2074758976,18.6205241024,false
"Op-7",6,21.19,19.75,0.9974467404,21.0882152293,18.4117847707,true
"Op-7",7,20.76,19.854,1.0846105292,21.3091577234,18.3988422766,false
"Op-7",8,21.43,20.324,1.1710806975,21.895169628,18.752830372,false
"Op-7",9,19.29,20.266,1.2231639301,21.9070466173,18.6249533827,false
"Op-7",10,21.98,20.93,1.0171774673,22.2946867772,19.5653132228,false
"Op-7",11,21.32,20.956,1.0270978532,22.3339963715,19.5780036285,false
"Op-7",12,19.2,20.644,1.3017411417,22.3904690092,18.8975309908,false
"Op-7",13,19.87,20.332,1.2522659462,22.012091069,18.651908931,false
"Op-7",14,18.63,20.2,1.4139130101,22.0969633629,18.3030366371,false
"Op-7",15,21.06,20.016,1.1617357703,21.5746320926,18.4573679074,false
"Op-7",16,19.75,19.702,0.9049696127,20.916144143,18.487855857,false
"Op-7",17,19.44,19.75,0.8776388779,20.9274761144,18.5725238856,false
"Op-7",18,18.61,19.498,1.0060665982,20.8477799821,18.1482200179,false
"Op-7",19,19,19.572,0.9375339994,20.8298338523,18.3141661477,false
"Op-7",20,20.6,19.48,0.7609533494,20.5009260502,18.4590739498,true
"Op-7",21,21.47,19.824,1.1844534605,21.4131110723,18.2348889277,true
"Op-7",22,21.66,20.268,1.4008461729,22.1474323611,18.3885676389,false
"Op-7",23,20.45,20.636,1.0555235668,22.0521334683,19.2198665317,false
"Op-7",24,20.42,20.92,0.5965316421,21.7203311814,20.1196688186,false
"Op-7",25,21.1,21.02,0.5708327251,21.7858524662,20.2541475338,false
"Op-7",26,21.21,20.968,0.5299716974,21.6790316449,20.2569683551,false
"Op-7",27,18.72,20.38,0.9961676566,21.7164991582,19.0435008418,true
"Op-7",28,20.2,20.33,0.998048095,21.6690220312,18.9909779688,false
"Op-7",29,18.64,19.974,1.2448614381,21.6441568789,18.3038431211,false
"Op-7",30,21.63,20.08,1.3799456511,21.9313913687,18.2286086313,false
"Op-7",31,20.57,19.952,1.2745862074,21.6620368417,18.2419631583,false
"Op-7",32,19.3,20.068,1.1552359066,21.6179116104,18.5180883896,false
"Op-7",33,20,20.028,1.1529830875,21.5748891363,18.4811108637,false
"Op-8",5,18.55,20.388,1.4076647328,22.2765804193,18.4994195807,false
"Op-8",6,18.7,20.264,1.5457942942,22.3379006726,18.1900993274,false
"Op-8",7,21.02,20.142,1.4308284314,22.061657782,18.222342218,false
"Op-8",8,20.08,19.816,1.1404955063,21.3461352881,18.2858647119,false
"Op-8",9,20.08,19.686,1.0431586648,21.0855442115,18.2864557885,false
"Op-8",10,20.97,20.17,0.9406912352,21.4320697287,18.9079302713,false
"Op-8",11,19.12,20.254,0.7819718665,21.30312535,19.20487465,true
"Op-8",12,20.57,20.164,0.6925532471,21.0931576831,19.2348423169,false
"Op-8",13,19.28,20.004,0.800768381,21.0783435205,18.9296564795,false
"Op-8",14,18.79,19.746,0.9617847992,21.0363697145,18.4556302855,false
"Op-8",15,21.7,19.892,1.2158823956,21.5232774136,18.2607225864,true
"Op-8",16,18.79,19.826,1.2757468401,21.5375939939,18.1144060061,false
"Op-8",17,19,19.512,1.2395442711,21.1750231508,17.8489768492,false
"Op-8",18,21.56,19.968,1.5204177058,22.0078544066,17.9281455934,false
"Op-8",19,21.4,20.49,1.4617797372,22.4511833163,18.5288166837,false
"Op-8",20,19.36,20.022,1.3476720669,21.8300918118,18.2139081882,false
"Op-9",5,19.19,20.506,1.1377521699,22.032454716,18.979545284,false
"Op-9",6,20.48,20.53,1.1351651862,22.0529839132,19.0070160868,false
"Op-9",7,18.56,19.962,1.2908601783,21.6938706649,18.2301293351,false
"Op-9",8,20.71,20.168,1.3165371244,21.9343199031,18.4016800969,false
"Op-9",9,20,19.788,0.8999277749,20.9953798077,18.5806201923,false
"Op-9",10,21.33,20.216,1.0420796515,21.6140965632,18.8179034368,false
"Op-9",11,18.63,19.846,1.2354068156,21.5034721717,18.1885278283,false
"Op-9",12,20.04,20.142,1.00631506,21.4921133286,18.7918866714,false
"Op-9",13,19.94,19.988,0.9552852977,21.2696497181,18.7063502819,false
"Op-9",14,19.46,19.88,0.983692025,21.1997613421,18.5602386579,false
"Op-9",15,20.65,19.744,0.753080341,20.754363301,18.733636699,false
"Op-9",16,18.78,19.774,0.6986272253,20.7113067801,18.8366932199,true
"Op-9",17,20.68,19.902,0.8093948357,20.9879171239,18.8160828761,false
"Op-9",18,19.45,19.804,0.8329645851,20.9215392611,18.6864607389,false
"Op-9",19,19.93,19.898,0.8106602248,20.9856148215,18.8103851785,false
"Op-9",20,20.98,19.964,0.8961194117,21.1662703523,18.7617296477,false
"Op-9",21,20.29,20.266,0.6042598779,21.0766996978,19.4553003022,false
"Op-9",22,21.14,20.358,0.7089922426,21.3092129099,19.4067870901,false
"Op-9",23,19.19,20.306,0.796385585,21.3744633826,19.2375366174,true
"Op-9",24,20.93,20.506,0.80388432,21.5845239914,19.4274760086,false
"Op-9",25,20.74,20.458,0.7751580484,21.4979836537,19.4180163463,false
"Op-9",26,21.97,20.794,1.0120424892,22.1517974812,19.4362025188,false
"Op-9",27,18.77,20.32,1.3181805643,22.088524809,18.551475191,false
"Op-9",28,18.9,20.262,1.3850162454,22.1201942848,18.4038057152,false
"Op-9",29,19.18,19.912,1.3950878109,21.7837067078,18.0402932922,false
"Op-9",30,18.66,19.496,1.3965779606,21.3697059535,17.6222940465,false
"Op-9",31,19.01,18.904,0.2030517175,19.176422466,18.631577534,false
"Op-9",32,18.57,18.864,0.2502598649,19.199758842,18.528241158,false
"Op-9",33,20.91,19.266,0.9522762204,20.5436126173,17.9883873827,true
"Op-9",34,21.24,19.678,1.2911119239,21.410208417,17.945791583,false
"Op-9",35,21.66,20.278,1.3928280583,22.1466749316,18.4093250684,false