"Date","Portfolio","Market_Excess","SMB","HML","RMW","CMA","RF"
2013-01-03,-0.00506570615645248,-0.0014,0.0014,4e-04,0.002,0.0023,0
2013-01-04,0.00402379013801939,0.0055,0.0019,0.0043,-0.0037,0.0027,0
2013-01-07,0.0044209365232277,-0.0031,-9e-04,-0.0037,-0.0013,-0.0012,0
2013-01-08,-0.00465918513333123,-0.0027,4e-04,-7e-04,-0.0012,9e-04,0
2013-01-09,0.00463635472697667,0.0034,0.0024,-0.0041,-7e-04,-0.0015,0
2013-01-10,0.00770915045464889,0.0066,-0.0059,0.0051,-0.0015,3e-04,0
2013-01-11,0.00377713339705638,2e-04,4e-04,-0.0045,0.0019,-0.0021,0
2013-01-14,-0.00562770697366428,-6e-04,3e-04,-8e-04,-8e-04,0.0037,0
2013-01-15,-0.00521591563144546,0.0019,0.0028,0,-5e-04,6e-04,0
2013-01-16,0.0010910709060529,-4e-04,-0.0023,0.0023,-6e-04,-3e-04,0
2013-01-17,0.00307533731451845,0.0061,0.0039,-9e-04,0.0015,-2e-04,0
2013-01-18,0.00426515690210095,0.0029,3e-04,-0.0011,0.0018,0.0027,0
2013-01-22,0.00380499437442778,0.0048,0.0022,0.0046,-0.0014,0.0011,0
2013-01-23,0.00283070110534154,0.001,-0.0034,-0.0012,-0.0017,-0.0016,0
2013-01-24,-0.0085211523861974,9e-04,0.0033,5e-04,-2e-04,0.0053,0
2013-01-25,0.0100088941010479,0.0059,-6e-04,-0.0028,-0.0014,-0.0016,0
2013-01-28,0.00177776468542021,-0.0014,0.0035,0.0012,2e-04,-5e-04,0
2013-01-29,-0.00466256907943478,0.0036,-0.0044,0.0036,-0.001,0.003,0
2013-01-30,0.0021881628108928,-0.0038,-0.0089,0.0012,-7e-04,0,0
2013-01-31,-0.00585645233380361,-8e-04,0.0072,0.0019,-0.0021,0.001,0
2013-02-01,0.00315594512136267,0.0099,8e-04,0.0026,-0.0027,-5e-04,0
2013-02-04,-0.016873212537926,-0.0119,-0.001,-0.0015,1e-04,2e-04,0
2013-02-05,0.0148603279009712,0.0107,-5e-04,0.0018,-2e-04,-0.0011,0
2013-02-06,-0.000622033800065881,0.0015,0.003,0.0012,-0.0016,4e-04,0
2013-02-07,0.00196595395682904,-0.0015,-8e-04,2e-04,0.0017,-4e-04,0
2013-02-08,0.00514578517289767,0.0058,3e-04,-0.0021,0.001,-0.0045,0
2013-02-11,-0.00155227061364909,-8e-04,-3e-04,0.0039,-0.0019,0.0028,0
2013-02-12,-0.0018533044782183,0.0016,0.0026,0.0071,-0.0052,0.0045,0
2013-02-13,0.00964671700177661,0.0014,8e-04,-2e-04,-5e-04,-6e-04,0
2013-02-14,0.00314583113156649,0.0011,0.0032,0.001,-0.0027,-0.002,0
2013-02-15,-0.00486908415959437,-0.0011,0,-0.001,-4e-04,0.0013,0
2013-02-19,0.0122240677292649,0.0074,0.0025,0.0017,-8e-04,0.0034,0
2013-02-20,-0.011568767856052,-0.0136,-0.0061,-0.0064,0.0027,0.0011,0
2013-02-21,-0.00792103640838209,-0.0066,-0.0031,-6e-04,9e-04,0.0025,0
2013-02-22,0.00512173100960883,0.0094,0.0017,-6e-04,-9e-04,-0.0013,0
2013-02-25,-0.015174522401209,-0.0182,-0.0026,-0.0072,0.0065,-0.0039,0
2013-02-26,0.00499333853470677,0.0058,-0.0019,2e-04,-2e-04,0.0022,0
2013-02-27,0.00896211045888784,0.0129,-0.0032,0.0016,-0.0021,3e-04,0
2013-02-28,-0.0004501449455317,-5e-04,0.001,-0.0016,0,0,0
2013-03-01,0.00148288721356235,0.0022,0.0011,-0.0033,-0.0012,0,0
2013-03-04,0.00256876233213554,0.0047,-0.0041,0.001,-0.0039,0.0043,0
2013-03-05,0.00896196449545448,0.01,0.002,-0.0017,9e-04,0,0
2013-03-06,-0.00323986317822333,0.0018,0.0015,0.0047,-0.0019,0.0013,0
2013-03-07,0.00724055872189797,0.0027,0.0022,0.0042,-0.0015,-2e-04,0
2013-03-08,-0.00122469656313329,0.0052,0.0038,-0.0015,-2e-04,3e-04,0
2013-03-11,0.000855587410599076,0.003,-0.0028,0.0023,5e-04,2e-04,0
2013-03-12,-0.00316996931113421,-0.0022,4e-04,-0.0013,0.0029,7e-04,0
2013-03-13,-0.00272020454259972,0.002,0.0023,8e-04,0.0012,0.0027,0
2013-03-14,0.00309101050662059,0.0058,0.0041,0.0039,-3e-04,-1e-04,0
2013-03-15,-0.00581579342759222,-0.0019,0.0013,0.0043,0.0025,0,0
2013-03-18,-0.00324348081028278,-0.005,0.001,-0.0023,0.0038,-4e-04,0
2013-03-19,-0.00092875753198317,-0.0024,-6e-04,3e-04,9e-04,0.0037,0
2013-03-20,-0.00101375527283555,0.0076,0.0022,0,-0.0029,0.0021,0
2013-03-21,-0.0067214117838509,-0.0085,0.0013,-0.0028,1e-04,7e-04,0
2013-03-22,0.00934348135105796,0.0062,-0.0052,-0.003,0.0011,-0.0015,0
2013-03-25,-0.00504093863931223,-0.0029,0.003,2e-04,0.0014,-3e-04,0
2013-03-26,0.00541746642606397,0.0076,-0.0039,-0.0022,7e-04,-4e-04,0
2013-03-27,0.00333955506320575,-2e-04,0.0012,-0.003,0.001,-0.001,0
2013-03-28,-0.00368227808377815,0.0039,-0.0032,-0.003,-0.0025,9e-04,0
2013-04-01,-0.00197442786004264,-0.0057,-0.0092,3e-04,6e-04,0.0026,0
2013-04-02,0.0052630799270582,0.0033,-0.009,-0.0032,-4e-04,3e-04,0
2013-04-03,-0.00526294647277516,-0.0116,-0.0042,-0.0019,0.005,-0.0012,0
2013-04-04,0.00659426827721509,0.0042,0.0025,0.0025,-9e-04,0.0027,0
2013-04-05,-0.00187268718840187,-0.0041,9e-04,0.0035,-0.001,0.0024,0
2013-04-08,0.000534013987432223,0.007,0.0011,0.0028,-0.0031,0.0011,0
2013-04-09,0.00515721924421575,0.0031,-0.0041,0.0019,-1e-04,-0.0039,0
2013-04-10,0.0160316193089268,0.0128,0.0061,-0.001,-0.001,-7e-04,0
2013-04-11,0.000994715827896626,0.0035,-0.0017,-0.0015,7e-04,0.0048,0
2013-04-12,-0.00381356557811643,-0.0028,-0.0018,-0.0046,0,7e-04,0
2013-04-15,-0.020498100344709,-0.0248,-0.0149,-0.0028,4e-04,-5e-04,0
2013-04-16,0.0115569505153208,0.0147,0.0015,7e-04,-0.0037,-6e-04,0
2013-04-17,-0.015926457425467,-0.0146,-0.0035,-0.0055,0.0012,0.0028,0
2013-04-18,-0.0115271235704991,-0.0071,0.002,2e-04,0.0058,0.001,0
2013-04-19,0.0052106424689298,0.0097,3e-04,0.0012,-0.0038,0.0019,0
2013-04-22,0.00949263425479898,0.0045,-0.0018,-0.0014,0.0031,-0.0029,0
2013-04-23,0.00936620615301054,0.0111,0.0053,0.0063,-0.005,0.0025,0
2013-04-24,0.00138051617432862,6e-04,0.0051,0.0121,-3e-04,-0.0027,0
2013-04-25,0.00471580453146779,0.0049,0.0023,1e-04,-5e-04,-7e-04,0
2013-04-26,-0.00303918976264086,-0.002,-0.0035,-0.0022,0.001,9e-04,0
2013-04-29,0.00667073728946146,0.0067,0.001,-8e-04,0.0021,-0.0032,0
2013-04-30,0.0113130330515959,0.0029,0.0036,-5e-04,0.0019,-0.0029,0
2013-05-01,-0.0117744069371625,-0.0108,-0.0146,-0.0027,-7e-04,-0.0011,0
2013-05-02,0.0149053469459366,0.0104,0.0055,0.0013,-0.0047,-0.0025,0
2013-05-03,0.00403392460687801,0.0112,0.006,0.0016,-0.0017,-0.0026,0
2013-05-06,-0.000360642160513224,0.0023,0.0029,0.0084,-0.005,7e-04,0
2013-05-07,0.00199859051924789,0.0054,0.002,0.0014,0.0025,0.0029,0
2013-05-08,0.00606352641063383,0.0044,-0.0017,0.0014,5e-04,-0.0014,0
2013-05-09,-0.00185653909641447,-0.0031,7e-04,-0.0029,3e-04,-0.0017,0
2013-05-10,-0.000616626742250578,0.0054,0.0041,-0.002,-0.0025,-2e-04,0
2013-05-13,0.00290908053409997,-2e-04,-0.0026,-5e-04,-0.0043,7e-04,0
2013-05-14,0.00787142754447681,0.011,0.0017,0.003,-0.0025,0.0017,0
2013-05-15,-0.000436360513179277,0.0051,-0.0012,0.0027,-8e-04,0.0031,0
2013-05-16,-0.00220092578345488,-0.005,0.0017,-0.0027,0.0015,-0.0036,0
2013-05-17,0.0112765645113171,0.0104,8e-04,0.0038,6e-04,-0.0016,0
2013-05-20,0.000806727030236419,-6e-04,0.0044,0.0049,0.0032,-0.0021,0
2013-05-21,0.000738621328109349,0.0016,-7e-04,-8e-04,0.002,0.0021,0
2013-05-22,-0.00457973408050544,-0.0092,-0.0073,-0.0017,0.0022,0.0034,0
2013-05-23,-0.00458575338577018,-0.0019,0.0049,-0.001,2e-04,8e-04,0
2013-05-24,-0.00295025876575331,-6e-04,0.0015,5e-04,-6e-04,0,0
2013-05-28,0.00549833995958176,0.0077,0.0068,0.0022,-0.0016,-0.0018,0
2013-05-29,-0.00723340740573692,-0.007,-0.0025,0.0058,-0.0023,-0.0029,0
2013-05-30,0.0094651205782561,0.005,0.0037,0.0048,-0.005,1e-04,0
2013-05-31,-0.0100513103775723,-0.0131,0.0048,-0.0024,0.0018,-0.0013,0
2013-06-03,0.00269287400919608,0.0048,0.0017,-0.0011,0.0026,-6e-04,0
2013-06-04,-0.00478613160323736,-0.0055,-0.0026,-0.0016,0.0036,-3e-04,0
2013-06-05,-0.0109202992096559,-0.0138,3e-04,-0.0026,0.0012,-0.0015,0
2013-06-06,0.00428746744782202,0.0089,0.0019,0.0026,-0.0046,0.0035,0
2013-06-07,0.0132613202733145,0.013,-0.0045,7e-04,-0.0024,-6e-04,0
2013-06-10,0.00669407081786107,7e-04,0.0066,0.0021,-0.0025,-0.0011,0
2013-06-11,-0.0109715304575058,-0.0104,-2e-04,-0.0058,0.0039,1e-04,0
2013-06-12,-0.00690978039935054,-0.0082,4e-04,3e-04,0.0017,0.0015,0
2013-06-13,0.0101400956584097,0.0147,0.0014,0.0031,-0.0018,0.0028,0
2013-06-14,-0.0087138769946391,-0.0059,-0.0028,-0.0056,0.002,-3e-04,0
2013-06-17,0.0102317157466686,0.0074,-9e-04,2e-04,-0.0023,-0.0039,0
2013-06-18,0.00811999983413238,0.008,0.0036,-6e-04,-2e-04,3e-04,0
2013-06-19,-0.0130847514007154,-0.0128,0.0021,0.0011,-4e-04,-0.0029,0
2013-06-20,-0.0218038836653604,-0.0245,2e-04,0.0034,6e-04,-0.0013,0
2013-06-21,0.00240560845490884,0.0013,0.0018,-8e-04,-0.0023,0.001,0
2013-06-24,-0.00889260516874014,-0.0119,0,-0.0066,0.0018,-0.0014,0
2013-06-25,0.00891079882664616,0.0096,7e-04,0.0086,-0.003,0.003,0
2013-06-26,0.00832716872519037,0.0092,-0.0072,-0.0013,4e-04,0.0018,0
2013-06-27,0.00456032041880779,0.0077,0.0085,0.0036,-0.0043,0.0024,0
2013-06-28,-0.00122930519928757,-0.0033,0.0031,-0.0014,0.0021,-0.0032,0
2013-07-01,0.00513713140367056,0.0071,0.0073,-0.0014,-0.0035,0,0
2013-07-02,0.000451316791615462,-0.001,3e-04,9e-04,6e-04,-9e-04,0
2013-07-03,0.00205834221241165,0.0011,0.0016,-0.0021,0.0017,-6e-04,0
2013-07-05,0.007103035770333,0.0111,0.0041,0.0045,-0.0035,0.0014,0
2013-07-08,0.00734695196251906,0.0053,-0.0014,5e-04,0.002,0.001,0
2013-07-09,0.00939517201164475,0.0074,5e-04,0.0026,-1e-04,3e-04,0
2013-07-10,0.00108412066006348,6e-04,0.0029,-0.0041,-0.0012,-0.001,0
2013-07-11,0.0128288750394952,0.0132,-0.0018,-0.0062,-8e-04,-0.0016,0
2013-07-12,0.00227848006979107,0.0033,-3e-04,0.002,-0.0066,5e-04,0
2013-07-15,0.00178375509297693,0.002,0.0055,0.0034,-2e-04,7e-04,0
2013-07-16,0.00169607132156219,-0.0041,4e-04,9e-04,0.0016,0.0027,0
2013-07-17,0.00161010709017636,0.003,-4e-04,0.0018,-0.0041,4e-04,0
2013-07-18,-0.00106687173935064,0.0054,0.0014,0.0095,-0.0025,0.0021,0
2013-07-19,-0.00688526682839045,9e-04,-0.0011,0.0028,-0.0032,0.0047,0
2013-07-22,0.00297726152115896,0.0022,0.0011,0.0029,-0.0015,9e-04,0
2013-07-23,-0.00224616286909944,-0.0015,9e-04,0.0028,-6e-04,0.0028,0
2013-07-24,0.00495661494626868,-0.0039,-0.0029,-0.0026,0.0064,-8e-04,0
2013-07-25,0.0325491642034994,0.0042,0.0047,-0.0035,-0.005,-0.0027,0
2013-07-26,0.00294157945487043,2e-04,-0.0065,-0.0021,0.0017,-0.002,0
2013-07-29,0.00296978881588338,-0.0037,-0.0033,-0.0028,0.0031,-0.0016,0
2013-07-30,0.00552837445144183,0.0012,0.0017,-0.0051,0.001,-9e-04,0
2013-07-31,-0.00296054913033053,9e-04,0.002,9e-04,2e-04,-6e-04,0
2013-08-01,0.00739802027108241,0.014,8e-04,5e-04,-0.0024,-0.0016,0
2013-08-02,0.00358112668214684,0.002,-0.0024,-0.0033,-3e-04,-6e-04,0
2013-08-05,0.000133733975268526,-7e-04,0.005,-0.0017,-2e-04,-9e-04,0
2013-08-06,-0.00620313190106574,-0.0068,-0.0035,-0.001,0.0038,-5e-04,0
2013-08-07,0.000893587905582866,-0.0042,-0.0036,2e-04,0.0027,6e-04,0
2013-08-08,0.00407744002737727,0.0047,-1e-04,-1e-04,-3e-04,0.0016,0
2013-08-09,-0.00599432201525964,-0.0029,0.0013,-0.002,0.0019,-0.0018,0
2013-08-12,0.000861784317154051,-2e-04,0.0056,-0.0022,0.0017,-8e-04,0
2013-08-13,-0.000554545337660935,0.002,-0.0028,-5e-04,6e-04,-0.0011,0
2013-08-14,-0.00370640112906652,-0.005,0.0015,0.0028,-3e-04,2e-04,0
2013-08-15,-0.0100106045538054,-0.0147,-0.0037,0.0029,-2e-04,2e-04,0
2013-08-16,0.00064186530231943,-0.0026,5e-04,9e-04,-0.0017,-0.0013,0
2013-08-19,-0.00244031352671632,-0.0062,-0.0026,-0.0075,0.006,-0.0033,0
2013-08-20,0.000988689261142804,0.0053,0.0086,0.0013,-0.003,9e-04,0
2013-08-21,-0.00550022112714565,-0.0059,-7e-04,-0.0046,-9e-04,-0.0031,0
2013-08-22,0.00877697928222374,0.0093,0.005,5e-04,-0.0033,-0.0019,0
2013-08-23,0.0170345871072582,0.0038,-0.0026,-0.0014,0.0012,-0.0025,0
2013-08-26,-0.00585065822047341,-0.0029,0.0047,-0.005,-0.0013,-0.0025,0
2013-08-27,-0.0197869227485619,-0.0175,-0.0074,-0.0032,0.007,4e-04,0
2013-08-28,0.00526987426623709,0.003,0.0011,8e-04,-5e-04,-9e-04,0
2013-08-29,0.00306380356501647,0.0034,0.0074,-0.0041,-0.0034,-0.0024,0
2013-08-30,-0.0026353848180298,-0.0047,-0.0114,-0.0022,3e-04,-0.001,0
2013-09-03,-0.000832992184108199,0.0046,6e-04,0.001,-0.005,-0.0023,0
2013-09-04,0.00648595013086366,0.0083,-1e-04,-0.0015,-0.0017,9e-04,0
2013-09-05,0.000668024700152789,0.0019,0.002,0.0037,-0.0021,-8e-04,0
2013-09-06,0.00562080642116411,1e-04,1e-04,0,-0.0017,-9e-04,0
2013-09-09,0.00925079941195538,0.0109,0.0043,-0.0022,-0.0019,-0.0014,0
2013-09-10,0.00522116686493648,0.008,6e-04,0.0022,-0.0012,5e-04,0
2013-09-11,0.000899108381501078,0.0028,-0.0024,1e-04,0.0022,0.0015,0
2013-09-12,-0.00323465372610573,-0.0032,-0.0029,-0.0034,0.0015,-0.0015,0
2013-09-13,-0.00191191803695264,0.0029,0.0027,-1e-04,0.002,0.0024,0
2013-09-16,-0.00494353187896835,0.0049,-0.0038,0.004,0,0.0039,0
2013-09-17,0.0137355516644042,0.0054,0.0042,-0.0013,-0.0036,-0.0021,0
2013-09-18,0.0118981057014134,0.011,-0.0023,-0.0045,5e-04,-0.0018,0
2013-09-19,0.00180393103049918,-0.0013,0.001,-0.006,0.0012,-0.0029,0
2013-09-20,-0.00357256102304493,-0.0063,0.0051,0.0018,-9e-04,-0.0017,0
2013-09-23,-0.000786017858532273,-0.0045,0.0042,-0.0037,0.0063,-0.0023,0
2013-09-24,-0.00170383067643418,-0.0012,0.0049,1e-04,-0.0016,0,0
2013-09-25,0.00106847312449827,-0.0023,0.0011,0.0058,-0.0041,2e-04,0
2013-09-26,0.00698941200447757,0.0042,0.0015,-0.0073,0.0019,-0.0032,0
2013-09-27,0.000410423309262652,-0.0039,-1e-04,-6e-04,7e-04,-0.0012,0
2013-09-30,-0.00830572049440349,-0.0049,0.0051,6e-04,0.0017,4e-04,0
2013-10-01,0.0106070643041529,0.009,0.0038,-0.0013,-8e-04,-0.0022,0
2013-10-02,0.00234588658030643,-0.001,-0.0033,-8e-04,-9e-04,-8e-04,0
2013-10-03,-0.0100213774321441,-0.0088,-0.0017,0.002,5e-04,0.0023,0
2013-10-04,0.00938825930020304,0.0074,-1e-04,0.001,-0.0027,-0.0014,0
2013-10-07,-0.00800039645845842,-0.0095,-0.0029,0,0.0012,0.0019,0
2013-10-08,-0.0189201788339576,-0.0135,-0.004,0.0076,0.0061,0.0054,0
2013-10-09,0.000218797913929733,-5e-04,-0.0036,0.0062,0.0039,0.0034,0
2013-10-10,0.0229152755830089,0.0223,0.0019,-2e-04,-0.0034,-0.0028,0
2013-10-11,0.00827341808598459,0.0071,0.0076,0,8e-04,-0.001,0
2013-10-14,0.00329497915466348,0.0044,0.0021,-0.0011,9e-04,-0.0014,0
2013-10-15,-0.00410342938284153,-0.0073,-0.0018,1e-04,0.0025,-0.0014,0
2013-10-16,0.0142984749489082,0.0137,-0.003,0.0014,-0.0055,-0.001,0
2013-10-17,0.00801123890074656,0.007,0.0012,4e-04,-0.0014,7e-04,0
2013-10-18,0.0161924209367708,0.0073,0.0027,-5e-04,-7e-04,-0.0049,0
2013-10-21,0.0047539283410203,-2e-04,-0.0011,5e-04,0.005,3e-04,0
2013-10-22,-0.00139805419826917,0.005,-0.0029,9e-04,0.0022,0.0035,0
2013-10-23,-0.00891499609836806,-0.0051,0.0016,-0.0033,0.0059,0.0021,0
2013-10-24,0.00412068788767499,0.0042,0.0035,-0.003,0,-0.0016,0
2013-10-25,0.0160250513122148,0.0033,-0.0034,0.0014,0.0016,4e-04,0
2013-10-28,-0.00234502944377321,9e-04,-7e-04,2e-04,0.0032,0.0017,0
2013-10-29,0.00123493308150539,0.0054,-0.0014,-0.0011,0.0013,0.0029,0
2013-10-30,0.000263050805468648,-0.0061,-0.0075,0.0049,0.0047,6e-04,0
2013-10-31,0.00016191613958975,-0.0034,-0.0011,-0.0043,0.0035,0.0015,0
2013-11-01,0.00232971630545457,0.002,-0.0065,0.0022,0.002,0.0029,0
2013-11-04,0.000825041811279638,0.0047,0.0075,-3e-04,8e-04,-4e-04,0
2013-11-05,0.00285731538358706,-0.0023,-1e-04,-0.0025,0.0021,-0.001,0
2013-11-06,0.0103506810964314,0.0027,-0.0081,0.0039,0.0029,0.0017,0
2013-11-07,-0.0168178273091633,-0.0146,-0.0033,0.0018,0.0014,0.0031,0
2013-11-08,0.0142917167809949,0.0145,0.0059,0.0041,-0.0053,-6e-04,0
2013-11-11,-0.00245852854687282,0.0012,5e-04,-0.0013,-2e-04,-3e-04,0
2013-11-12,-0.00187419549396382,-0.0019,0.0034,-0.007,0.0058,0.0014,0
2013-11-13,0.00973212026531362,0.009,6e-04,-0.0012,-0.0041,-0.0021,0
2013-11-14,0.00693574180826507,0.0043,-0.0057,0.0031,-5e-04,2e-04,0
2013-11-15,0.00506488608884785,0.0043,6e-04,-0.0027,5e-04,-4e-04,0
2013-11-18,-0.0088540932000325,-0.005,-0.0038,0.0045,0.0044,0.0029,0
2013-11-19,0.00160521154595082,-0.0027,-0.003,0.0026,4e-04,0,0
2013-11-20,-0.00240264273309338,-0.0033,0.0026,3e-04,0,-3e-04,0
2013-11-21,0.00664413799670708,0.0097,0.0081,-6e-04,-0.0045,-0.0031,0
2013-11-22,0.00287775401913201,0.005,-9e-04,0.0011,-8e-04,-4e-04,0
2013-11-25,-0.00173610343802034,-0.0011,0.0017,0.0014,4e-04,0.0025,0
2013-11-26,0.00262073738688519,0.0018,0.008,-0.0048,-0.0033,-0.0039,0
2013-11-27,0.00694060210348928,0.003,0.0034,-6e-04,0.001,2e-04,0
2013-11-29,0.00426435185047671,-2e-04,0.0026,-0.0017,0,-0.0018,0
2013-12-02,-0.0024474573130809,-0.0031,-0.0093,0.0016,-4e-04,1e-04,0
2013-12-03,-0.000479904711614323,-0.0034,-0.0012,-9e-04,0.0018,-3e-04,0
2013-12-04,0.00689692711394638,-7e-04,-0.0022,0.0026,-0.0041,-0.0015,0
2013-12-05,-0.00917003313344226,-0.0035,0.006,-0.0063,2e-04,-0.0043,0
2013-12-06,0.0062978753047707,0.0102,-0.0028,0.002,-3e-04,0.0045,0
2013-12-09,0.00643859698273062,0.0017,-0.0041,0,-3e-04,3e-04,0
2013-12-10,0.000883933484917085,-0.0034,-0.0053,0.002,-2e-04,-6e-04,0
2013-12-11,-0.0136861120739672,-0.0116,-0.0035,5e-04,0.0053,0.0011,0
2013-12-12,0.00300674466237811,-0.0023,0.0039,0.0025,-0.0028,-7e-04,0
2013-12-13,0.00229415615621237,0.001,0.0023,-1e-04,-0.0028,0.0019,0
2013-12-16,0.00791957590598407,0.0067,0.0057,-0.0014,0.0011,-3e-04,0
2013-12-17,-0.00337286540815863,-0.0026,0.0015,-0.0016,-0.0012,-0.0014,0
2013-12-18,0.0151211669544126,0.0155,-0.0043,3e-04,-5e-04,0.0031,0
2013-12-19,-0.00370747765625671,-0.001,-0.005,0.0016,-2e-04,9e-04,0
2013-12-20,0.00461477563148211,0.0069,0.0125,-0.003,-0.0024,-0.0041,0
2013-12-23,0.0114632987295348,0.0062,0.0048,-5e-04,-0.002,-0.0015,0
2013-12-24,0.00280409548115129,0.0034,0.0011,0.0011,-3e-04,0.0015,0
2013-12-26,0.00526276223399693,0.0044,-0.0034,-0.0031,0.0019,7e-04,0
2013-12-27,-0.00694490520242162,-5e-04,-2e-04,0.0023,9e-04,0.0024,0
2013-12-30,-0.00732084893743212,0,3e-04,-0.003,0.0014,8e-04,0
2013-12-31,0.00671431352305296,0.0044,-0.0016,4e-04,-3e-04,-0.0021,0
2014-01-02,-0.00723710538796155,-0.0088,-0.0025,0.0011,-0.0031,0.0012,0
2014-01-03,-0.00288518547341939,3e-04,0.0041,5e-04,-0.0035,0.0014,0
2014-01-06,0.00386009316130872,-0.0034,-0.0055,0.0026,-0.0035,6e-04,0
2014-01-07,0.00544763600335291,0.0068,0.0033,-0.0041,-4e-04,-0.0029,0
2014-01-08,-0.0001985439470877,4e-04,1e-04,-0.0011,-0.005,-5e-04,0
2014-01-09,-0.00715889263496978,2e-04,0.0016,-0.0038,-0.0057,-0.0041,0
2014-01-10,0.000874685553365278,0.0027,0.0045,-0.0077,-0.0029,-0.0031,0
2014-01-13,-0.0144109074715699,-0.0132,-0.001,0.001,-9e-04,0.0047,0
2014-01-14,0.0128296837809539,0.0115,0.0013,-0.0038,-0.0011,-0.0035,0
2014-01-15,0.0101713641836994,0.0053,0.0021,0.0021,-0.0038,0,0
2014-01-16,-0.00198898362817974,-7e-04,0.0023,-0.0068,-2e-04,-0.0027,0
2014-01-17,-0.00921877600684679,-0.0039,2e-04,4e-04,-0.0021,3e-04,0
2014-01-21,0.0040454387072878,0.003,0.0042,-1e-04,-0.0025,-0.0035,0
2014-01-22,-0.0063213629272147,0.0015,0.0029,0.0021,-0.0017,-0.0017,0
2014-01-23,-0.00588887218986083,-0.0086,0.001,-0.005,0.0028,-9e-04,0
2014-01-24,-0.0200849386822044,-0.0219,-0.0039,0.0022,0.0032,5e-04,0
2014-01-27,-0.00357393020476782,-0.0065,-0.008,0.0046,0.0042,0.004,0
2014-01-28,0.00222435305083656,0.0073,0.0018,-2e-04,-0.0077,0.0016,0
2014-01-29,-0.0107462097288683,-0.0107,-0.0035,0.0025,0.0016,0.0015,0
2014-01-30,0.0229401755347039,0.0122,0.0022,-0.0042,-0.0089,-0.0054,0
2014-01-31,-0.0127963202307607,-0.0066,-9e-04,-0.0039,0.0026,-0.0018,0
2014-02-03,-0.0243981846980618,-0.0248,-0.0086,0.0032,0.002,3e-04,0
2014-02-04,0.00789570636790434,0.0077,-7e-04,-0.001,-0.0013,0.0022,0
2014-02-05,-0.00292456795065142,-0.0023,-0.0057,0.002,0.0014,0.0022,0
2014-02-06,0.0156451593813582,0.0121,-0.0043,0.0023,8e-04,-7e-04,0
2014-02-07,0.0135820824006218,0.0133,-0.0022,-0.0066,-0.0044,-0.0051,0
2014-02-10,0.00139548742890188,0.0016,7e-04,-0.0044,-0.0026,-0.0018,0
2014-02-11,0.0138773530627083,0.0109,-0.0018,0.0025,-3e-04,0.001,0
2014-02-12,-0.00404616127838047,0.0011,0.0024,-8e-04,0.0013,1e-04,0
2014-02-13,0.0133282725090078,0.0072,0.0067,-9e-04,-0.0024,-0.0034,0
2014-02-14,0.00349935839953191,0.0042,-0.0032,0.0038,0.0033,0.0038,0
2014-02-18,-0.00175496401756341,0.0027,0.0095,-0.0024,-0.0036,-0.0027,0
2014-02-19,-0.00630080560292323,-0.0074,-0.0031,-0.004,0.0032,3e-04,0
2014-02-20,0.00681094190330326,0.007,0.0051,-0.0014,1e-04,-0.0018,0
2014-02-21,-0.00583165354164455,-9e-04,0.0035,-4e-04,-3e-04,-6e-04,0
2014-02-24,0.0071966781415268,0.0065,0.002,0.0026,-0.0021,-1e-04,0
2014-02-25,-0.00417170621143697,-0.001,5e-04,-0.0061,-4e-04,8e-04,0
2014-02-26,-0.0032899223387176,0.0012,0.0065,-9e-04,-4e-04,3e-04,0
2014-02-27,0.00488382757809442,0.0054,0.0011,1e-04,-0.0025,-2e-04,0
2014-02-28,0.00136643194891587,0.0015,-0.0066,0.0083,0.0042,9e-04,0
2014-03-03,-0.00815980564274601,-0.007,9e-04,0.0015,4e-04,0.0014,0
2014-03-04,0.0149270353275632,0.0167,0.0107,-0.0012,-0.0047,-0.0013,0
2014-03-05,0.00529240893013706,1e-04,-0.0023,0.0028,-0.0057,-0.0016,0
2014-03-06,0.00227982953266779,0.0016,-0.0024,0.0076,0.0031,0.0035,0
2014-03-07,0.000766876158499673,4e-04,-2e-04,0.0051,9e-04,0.0032,0
2014-03-10,0.00285097703060069,-9e-04,-8e-04,6e-04,5e-04,-0.0013,0
2014-03-11,-0.00695637589009744,-0.0062,-0.0054,-0.0019,0.0054,-4e-04,0
2014-03-12,0.00239112392427205,0.0013,0.0029,-0.0016,-9e-04,-0.0042,0
2014-03-13,-0.00954839869454306,-0.0121,-7e-04,0.0027,0.0015,4e-04,0
2014-03-14,-0.00508608672418128,-0.0016,0.0068,-5e-04,0.0019,7e-04,0
2014-03-17,0.0101866986704344,0.009,-0.0035,-1e-04,0.0011,3e-04,0
2014-03-18,0.00985842917780376,0.0082,0.0069,-0.0042,-0.0034,-0.0027,0
2014-03-19,-0.00674119308684426,-0.0059,-0.0013,0.006,-0.004,2e-04,0
2014-03-20,0.00797960740087665,0.0052,-0.0036,0.0099,-0.0012,0.0032,0
2014-03-21,0.00152789280746991,-0.0037,-0.0018,0.0088,0.0042,0.0046,0
2014-03-24,-0.00386503286853686,-0.0064,-0.0079,0.0096,0.0059,0.0036,0
2014-03-25,0.0077418356552809,0.003,-0.0033,0.0014,0.0026,0.0014,0
2014-03-26,-0.0170206312702785,-0.0089,-0.0111,0.003,0.007,0.0045,0
2014-03-27,0.00184533637265955,-0.0019,-0.0013,-0.0024,7e-04,2e-04,0
2014-03-28,0.00346271325197564,0.0041,-0.0036,0.0052,0.0056,0.0031,0
2014-03-31,0.00383379792867236,0.0097,0.0099,-0.0016,-0.0018,3e-04,0
2014-04-01,0.00839178913185062,0.0087,0.0066,-0.0041,-0.0011,-0.0028,0
2014-04-02,0.00238663216954974,0.0029,4e-04,0.0012,0.001,4e-04,0
2014-04-03,-0.00814612884680205,-0.0031,-0.0078,0.0078,0.0053,0.0039,0
2014-04-04,-0.0163423907179785,-0.0147,-0.0103,0.0074,0.0062,0.0047,0
2014-04-07,-0.00702901530630678,-0.0126,-0.0036,-2e-04,0.0018,6e-04,0
2014-04-08,0.00673519753518862,0.005,0.0029,-0.0022,7e-04,-0.0012,0
2014-04-09,0.0143673280933721,0.012,0.0024,-0.0093,-0.0042,-0.0054,0
2014-04-10,-0.0229768099951184,-0.0224,-0.0061,0.0086,0.0082,0.0076,0
2014-04-11,-0.008465713805773,-0.0107,-0.0041,0.0029,0.004,4e-04,0
2014-04-14,0.00519556451598633,0.007,-0.0047,0.0021,0.0033,-0.0017,0
2014-04-15,0.00570600822650325,0.0059,-0.0036,0.0017,-0.0013,-0.0016,0
2014-04-16,0.0103447945351101,0.0113,-1e-04,-0.0044,-2e-04,-0.001,0
2014-04-17,0.00154444312156571,0.0023,0.0032,0.0025,-0.0013,0.0017,0
2014-04-21,0.00903512870960991,0.0036,0.0018,-0.0043,0.001,-7e-04,0
2014-04-22,0.00480246016435223,0.0058,0.0069,-0.0037,-0.0064,-8e-04,0
2014-04-23,-0.0110264767394471,-0.0031,-0.0054,0.0089,0.002,0.0023,0
2014-04-24,0.0112801075025091,8e-04,-0.0042,-0.0017,0.0017,-0.002,0
2014-04-25,-0.0159515598038885,-0.0105,-0.0088,0.0061,0.0076,0.0065,0
2014-04-28,0.00610223773120859,0.0011,-0.0066,-0.0054,0.012,2e-04,0
2014-04-29,0.00627684149343151,0.0056,-0.0024,-0.0022,-0.0052,-0.0018,0
2014-04-30,0.00629765119083075,0.0035,0.0023,-3e-04,9e-04,6e-04,0
2014-05-01,-0.000222390027105113,4e-04,-0.0016,-0.0018,-0.0043,-0.002,0
2014-05-02,-0.00305247303871269,-7e-04,0.0028,0.0033,0.0034,0.0014,0
2014-05-05,0.00199843700390617,0.0013,-0.0037,-0.0052,0.0017,-0.0028,0
2014-05-06,-0.0167524975279853,-0.0103,-0.0049,0.0017,0.0083,0.0013,0
2014-05-07,0.00253231576307834,0.0045,-0.0076,0.0117,-2e-04,0.0056,0
2014-05-08,0.00232790634225403,-0.0026,-0.0096,0.0034,0.0014,0.0026,0
2014-05-09,0.0018328346032293,0.0025,0.0063,-0.0039,-0.0014,-7e-04,0
2014-05-12,0.0150541371942553,0.012,0.0136,-0.003,-0.0048,-0.0032,0
2014-05-13,0.00266946496228241,-5e-04,-0.0104,0.0018,2e-04,-1e-04,0
2014-05-14,-0.00499596147905872,-0.006,-0.0112,-0.0043,0.0021,-0.0022,0
2014-05-15,-0.00992000223439806,-0.009,0.0033,-0.0027,0.0023,-6e-04,0
2014-05-16,0.00380277628086102,0.0036,0.0022,-0.004,0.0023,-0.0015,0
2014-05-19,0.0029762926147973,0.005,0.0064,0,-0.0028,-7e-04,0
2014-05-20,-0.00459482214992233,-0.0078,-0.0078,0.0023,0.0014,-0.0011,0
2014-05-21,0.0106389570081963,0.0081,-0.0026,5e-04,5e-04,-0.0013,0
2014-05-22,0.000817466279892468,0.0036,0.0061,-0.0027,-0.0053,-0.0023,0
2014-05-23,0.00510128568287427,0.0049,0.006,-0.0024,-8e-04,-3e-04,0
2014-05-27,0.00663204616210013,0.0069,0.0067,-0.0019,-0.0055,-0.003,0
2014-05-28,-0.000448422909733447,-0.0011,-0.0027,0.0027,9e-04,0.0014,0
2014-05-29,0.00656975743015114,0.0054,-0.0022,-0.0012,-1e-04,-0.0022,0
2014-05-30,-1.96197631295738e-06,6e-04,-0.0064,0.0028,0.0034,0.001,0
2014-06-02,-0.00311821366941396,6e-04,-0.0065,0.004,0.0017,0.0017,0
2014-06-03,-0.000354773892553623,-5e-04,-0.0024,0.0018,8e-04,-0.0016,0
2014-06-04,0.000575959074317179,0.0028,0.0023,-9e-04,-0.0018,-0.0019,0
2014-06-05,0.0128322743129677,0.0077,0.0128,-0.0018,-0.0018,-0.001,0
2014-06-06,0.00453666516765126,0.0054,0.0049,-1e-04,-0.0013,-9e-04,0
2014-06-09,0.00302400564779397,0.0022,0.01,-0.0031,-0.0042,-5e-04,0
2014-06-10,0.00846077982236357,-3e-04,-0.0019,-4e-04,-0.0032,8e-04,0
2014-06-11,-0.00315823418753401,-0.0034,-0.0016,-0.0028,-0.001,-0.0016,0
2014-06-12,-0.010541800234567,-0.0068,0.0011,0.0017,-0.0022,-3e-04,0
2014-06-13,0.00309916938468064,0.0031,-6e-04,-0.0019,8e-04,-0.0013,0
2014-06-16,0.000585001176606672,0.0013,0.0041,-0.0067,-6e-04,-0.003,0
2014-06-17,0.000327601857799971,0.0034,0.0056,0.0045,-0.0055,6e-04,0
2014-06-18,0.00774625037702244,0.0075,-0.0026,-9e-04,3e-04,-0.0017,0
2014-06-19,-0.00370787367864968,0.0012,-0.0015,-4e-04,0.0013,-9e-04,0
2014-06-20,0.00223680490809951,0.0018,0.0021,4e-04,3e-04,1e-04,0
2014-06-23,0.00334981520635042,-1e-04,-0.0022,8e-04,-6e-04,-0.0018,0
2014-06-24,-0.00588561242889654,-0.0072,-0.0036,-0.0021,4e-04,2e-04,0
2014-06-25,0.00493030460389613,0.0053,0.0033,7e-04,-0.0017,-0.0022,0
2014-06-26,-0.00231249506822157,-0.0011,-8e-04,5e-04,9e-04,-6e-04,0
2014-06-27,0.0028758519466981,0.0026,0.0048,-0.0022,0.0015,-0.0014,0
2014-06-30,-0.00232349240586803,7e-04,0.0027,0.0019,-0.0024,-0.0016,0
2014-07-01,0.00867537091775815,0.0074,0.0042,-0.0037,4e-04,-0.0011,0
2014-07-02,-0.00190197932397241,-3e-04,-0.0045,-0.0021,0.0015,0.0022,0
2014-07-03,0.00405333247911524,0.0059,0.0021,8e-04,4e-04,0.0023,0
2014-07-07,0.000358776572612851,-0.0062,-0.012,0.0038,0.0074,0.0028,0
2014-07-08,-0.0127741142907564,-0.0082,-0.0055,0.0071,0.0086,0.0045,0
2014-07-09,0.00748330956617292,0.0046,-0.004,-0.0011,-3e-04,-9e-04,0
2014-07-10,-0.00378179346010178,-0.0049,-0.006,2e-04,8e-04,8e-04,0
2014-07-11,0.0105049704570064,0.0012,-0.003,-0.0039,-0.0039,-0.0015,0
2014-07-14,0.0101764558499053,0.0046,-1e-04,-0.0013,-2e-04,-0.0016,0
2014-07-15,0.000395249258867531,-0.0032,-0.0082,0.0098,0.0022,0.0037,0
2014-07-16,0.00845725809808004,0.0032,-0.0058,0.0032,0.002,0.0019,0
2014-07-17,-0.0121258771295531,-0.0121,-0.0036,0.0018,0.0035,0.0018,0
2014-07-18,0.00987438500564126,0.0112,0.0045,-0.0047,-0.0025,-0.0032,0
2014-07-21,-0.00111294956473826,-0.0025,-0.0023,5e-04,-0.0033,-0.003,0
2014-07-22,0.00376534161561475,0.0053,0.0026,-0.0032,0.0015,-0.0017,0
2014-07-23,0.00583339729698762,0.0019,9e-04,-0.0075,-0.0021,0,0
2014-07-24,0.00386506739373152,5e-04,-0.0027,4e-04,-0.002,-3e-04,0
2014-07-25,-0.0115138154054321,-0.0053,-0.0036,0.0016,0.0011,3e-04,0
2014-07-28,-0.000318429516835386,-8e-04,-0.0045,0.0028,2e-04,0,0
2014-07-29,-0.0026037948379759,-0.0033,0.0063,-0.0067,-0.0016,-0.0014,0
2014-07-30,0.00198047025442279,0.0012,0.0035,-0.0029,-0.007,-0.0033,0
2014-07-31,-0.02411144673623,-0.0203,-0.0017,0.0046,0.0036,0.0029,0
2014-08-01,-0.00529391807287684,-0.0032,-0.0025,-6e-04,8e-04,0.0014,0
2014-08-04,0.00702597477711248,0.0074,4e-04,-0.0022,-0.0011,-0.0043,0
2014-08-05,-0.00887181523130312,-0.0084,0.0071,-0.0019,-0.0016,2e-04,0
2014-08-06,0.00168303415946861,2e-04,0.0038,0.0018,-7e-04,0.0026,0
2014-08-07,-0.00187210384768889,-0.0052,-6e-04,-0.0014,2e-04,-3e-04,0
2014-08-08,0.00730725056243251,0.0112,-0.0014,-0.0018,0.0035,0.0015,0
2014-08-11,0.00283296167762252,0.004,0.0057,-0.0029,-9e-04,-0.0027,0
2014-08-12,-0.000798023639627739,-0.0023,-0.0058,0.0025,2e-04,2e-04,0
2014-08-13,0.0105029283165326,0.0069,-0.0014,-0.0024,-0.004,-0.0021,0
2014-08-14,0.00566909410854483,0.0044,-0.0026,4e-04,-0.0021,0,0
2014-08-15,-0.00202278634162206,0,-0.0014,-0.0015,0.0025,-0.0021,0
2014-08-18,0.00862587476218272,0.0093,0.0058,-0.0019,-2e-04,2e-04,0
2014-08-19,0.00427449487671901,0.0049,-0.0011,-0.001,0.0026,-0.0012,0
2014-08-20,0.000762027724314193,0.0019,-0.0064,0.0027,6e-04,0.0028,0
2014-08-21,0.00226608246919652,0.0028,-8e-04,0.0082,-0.0012,0.0025,0
2014-08-22,-0.00273191714722085,-0.001,0.0027,-0.0039,-3e-04,-0.0018,0
2014-08-25,0.00405668298096187,0.005,-0.0021,4e-04,-2e-04,-0.001,0
2014-08-26,0.00402381663128015,0.0019,0.0068,-0.0033,-0.0035,-0.0018,0
2014-08-27,0.000193195137966081,0,-0.0022,0.0015,0.0014,0.001,0
2014-08-28,-0.00360422470411168,-0.0019,-0.0039,9e-04,0.0023,1e-04,0
2014-08-29,0.00459651554292293,0.0039,0.0028,0.001,-0.003,-0.0015,0
2014-09-02,0.00188624215377664,6e-04,0.0042,-9e-04,-0.0012,-0.0023,0
2014-09-03,-0.00530880977779252,-0.0014,-0.005,0.0023,1e-04,0.0042,0
2014-09-04,0.00148524964010714,-0.0017,-0.0016,-0.0015,0.0013,1e-04,0
2014-09-05,0.00788928341919575,0.0045,-0.0027,-6e-04,0.0013,0,0
2014-09-08,-0.00234579524761717,-0.0022,0.0047,-0.0044,-0.0039,-0.0025,0
2014-09-09,-0.00966750648526566,-0.0072,-0.0042,-2e-04,0.0031,0.0014,0
2014-09-10,0.00649275793531932,0.0045,0.0015,-0.0039,-0.0032,-0.0019,0
2014-09-11,0.00286410247265842,0.0019,0.0049,0.0021,-0.0026,2e-04,0
2014-09-12,-0.00351328030805522,-0.0055,-0.002,0.0014,-7e-04,0.0012,0
2014-09-15,-0.00633471275052655,-0.0028,-0.0093,0.0065,0.0046,0.007,0
2014-09-16,0.00868492352476429,0.007,-0.0039,-0.0013,0.0019,-0.0017,0
2014-09-17,0.000455135726942508,0.0017,8e-04,-0.002,-0.0025,-0.0019,0
2014-09-18,0.00544665758087447,0.005,0,3e-04,-0.0013,-3e-04,0
2014-09-19,0.00675448939939527,-0.0018,-0.0096,5e-04,0.002,-4e-04,0
2014-09-22,-0.00676962832983426,-0.0097,-0.0055,0.0013,0.0045,0.002,0
2014-09-23,0.000442721879165831,-0.0062,-0.0031,-5e-04,0,-0.0026,0
2014-09-24,0.00449678810144316,0.0081,3e-04,-0.0092,3e-04,-0.0044,0
2014-09-25,-0.0193813922855317,-0.0162,0.0013,0.0015,0.0029,0.0026,0
2014-09-26,0.00999328977181646,0.0085,-7e-04,-0.0027,5e-04,-0.0049,0
2014-09-29,-0.00405082864045774,-0.0022,0.0019,-0.0044,0.0014,-0.0027,0
2014-09-30,0.00113426938254908,-0.004,-0.0101,0.0014,3e-04,-1e-04,0
2014-10-01,-0.0155880759417204,-0.0139,-0.0013,0.0033,0.0018,-5e-04,0
2014-10-02,0.000479835834855471,0.0015,0.0097,-0.0038,-0.0032,-0.003,0
2014-10-03,0.00986225155599998,0.0108,-0.0039,-0.0041,-0.001,-0.0011,0
2014-10-06,-0.000189274567423977,-0.0026,-0.0077,0.0039,0.003,0.0017,0
2014-10-07,-0.0138963329666001,-0.0156,-0.0012,0.0012,0.0025,4e-04,0
2014-10-08,0.0183448498685621,0.017,-2e-04,-6e-04,-8e-04,-5e-04,0
2014-10-09,-0.0191171554422837,-0.0217,-0.0047,-0.004,0.0036,-0.0013,0
2014-10-10,-0.0163686487548051,-0.013,-8e-04,0.0055,0.0073,0.0034,0
2014-10-13,-0.010395867882761,-0.0159,0.0129,0.005,-0.0042,0.0022,0
2014-10-14,-0.00167179447122039,0.0028,0.0081,-0.0012,-6e-04,9e-04,0
2014-10-15,-0.00688990354359248,-0.0053,0.0166,-0.0131,-0.0045,-0.0059,0
2014-10-16,-0.00764385624765794,0.0023,0.011,0.0017,-0.0033,0.0012,0
2014-10-17,0.0185831917795893,0.0114,-0.0155,-0.001,0.001,0.0027,0
2014-10-20,0.00961436500690286,0.0094,0.0013,-0.0033,9e-04,-0.0034,0
2014-10-21,0.0199492066599432,0.0198,-0.0041,2e-04,3e-04,-0.0013,0
2014-10-22,-0.00406311079307949,-0.0085,-0.0055,0.0021,9e-04,0.0019,0
2014-10-23,0.00832384009265344,0.0129,0.0044,-0.0046,-0.0031,-5e-04,0
2014-10-24,-0.0013814844790831,0.0066,-0.005,-0.0011,-0.0025,0.0011,0
2014-10-27,0.000116836074217518,-0.0017,7e-04,-0.0026,8e-04,-1e-04,0
2014-10-28,0.0125351719965637,0.0137,0.0156,-1e-04,-0.0041,-0.0018,0
2014-10-29,-0.00750273020435765,-0.0018,4e-04,0.0044,0.0018,0.0031,0
2014-10-30,-0.000444979707936999,0.006,0.0022,-0.0048,-0.0039,8e-04,0
2014-10-31,0.0140589068104625,0.0123,0.0032,0.0019,0.0019,0,0
2014-11-03,-0.000684600931440084,-1e-04,-0.0029,-6e-04,1e-04,0.0013,0
2014-11-04,0.000288791085048596,-0.0035,-6e-04,-0.0011,6e-04,4e-04,0
2014-11-05,0.000716250568042759,0.0048,-0.0041,0.0086,0.0035,0.0078,0
2014-11-06,0.00636896312319731,0.0049,6e-04,-0.0048,0.0019,-0.0029,0
2014-11-07,0.00359382708238642,9e-04,3e-04,0.0044,-0.0018,4e-04,0
2014-11-10,0.00339173989706923,0.0033,0.0014,-0.005,-0.0032,-0.0041,0
2014-11-11,0.00157388739734327,0.001,1e-04,-0.0029,0.0016,-0.0027,0
2014-11-12,7.3642678520083e-05,7e-04,0.0072,-0.0028,0.0016,7e-04,0
2014-11-13,0.00365532857393063,-3e-04,-0.0092,-0.0033,0.0051,2e-04,0
2014-11-14,0.006939337025952,6e-04,-0.0013,0.0014,1e-04,-0.0011,0
2014-11-17,-0.00219363889582585,-5e-04,-0.0094,0.0027,5e-04,0.0024,0
2014-11-18,0.00311872000615212,0.0051,-1e-04,-0.0036,-0.0016,-1e-04,0
2014-11-19,-0.00344946466747653,-0.0021,-0.0087,-6e-04,0.0041,8e-04,0
2014-11-20,0.00266511756696082,0.0031,0.0087,-2e-04,-4e-04,-3e-04,0
2014-11-21,0.00216916282666856,0.0048,-0.0037,-9e-04,-5e-04,3e-04,0
2014-11-24,-0.000553992637783958,0.004,0.0091,-0.0057,-0.0018,-7e-04,0
2014-11-25,-0.00168458447427045,-8e-04,6e-04,-4e-04,0.0012,0.0016,0
2014-11-26,0.00569798314258479,0.003,3e-04,-0.0045,-0.0015,-0.0019,0
2014-11-28,-0.00279025284068119,-0.0035,-0.0102,-0.0102,0.0048,-4e-04,0
2014-12-01,-0.0108655579111393,-0.009,-0.0089,0.0061,5e-04,0.0051,0
2014-12-02,0.00224311849073459,0.0065,0.0046,5e-04,-0.0044,3e-04,0
2014-12-03,-0.00241334142727207,0.0046,0.0045,0.0031,-0.0017,5e-04,0
2014-12-04,-0.000628398603256376,-0.0017,-0.0035,9e-04,3e-04,-0.0016,0
2014-12-05,0.00120036813239186,0.0025,0.0056,0.0025,-0.0071,0.0016,0
2014-12-08,-0.0101774449154362,-0.0082,-0.0058,0.0026,-0.0011,8e-04,0
2014-12-09,-0.000949466358530598,0.0013,0.0168,-0.0028,-0.0045,-0.0033,0
2014-12-10,-0.0180496006649347,-0.0172,-0.0063,-0.001,0.001,0.0016,0
2014-12-11,0.006501500700072,0.0049,-6e-04,-0.002,0.0019,2e-04,0
2014-12-12,-0.0140351725692088,-0.0155,0.0046,-0.0058,0.0023,-0.0029,0
2014-12-15,-0.00660464825041171,-0.0068,-0.0023,0.0011,0.0066,0.0016,0
2014-12-16,-0.0165414924075572,-0.008,0.0069,0.006,-9e-04,0.0045,0
2014-12-17,0.0176708315801765,0.0215,0.009,-0.001,-0.0035,-0.0041,0
2014-12-18,0.0253912546849936,0.0236,-0.0091,-0.0021,-0.0041,-0.0024,0
2014-12-19,0.00712281858068885,0.0043,-0.0022,0.0019,-0.0046,0,0
2014-12-22,0.00886301713330142,0.0037,0.0018,-4e-04,8e-04,9e-04,0
2014-12-23,0.000691980797239003,0.0021,-0.0012,0.0105,0.0058,0.0062,0
2014-12-24,-0.00326070921210265,7e-04,0.0034,-0.0017,-0.0013,-7e-04,0
2014-12-26,0.00402024344185738,0.0039,0.0034,-0.0032,-6e-04,-0.0018,0
2014-12-29,-0.000753674364340891,0.0013,0.0022,0.0057,0.0018,0.0017,0
2014-12-30,-0.00444571260944078,-0.0048,7e-04,0.0035,-7e-04,0.003,0
2014-12-31,-0.010543331561761,-0.0093,0.0048,-0.0039,-0.001,-0.0021,0
2015-01-02,0.000602164642786729,-0.0011,-0.0056,9e-04,-0.0021,0.001,0
2015-01-05,-0.0185712253834447,-0.0184,0.0025,-0.0063,0.0015,-0.0013,0
2015-01-06,-0.0119003926668177,-0.0104,-0.0078,-0.0027,0.0053,4e-04,0
2015-01-07,0.00807608071981083,0.0119,0.0016,-0.0065,0.0022,-0.0014,0
2015-01-08,0.0189089211401431,0.0181,-0.001,-0.0027,0.0013,-0.0019,0
2015-01-09,-0.0082301640950226,-0.0085,-2e-04,-0.005,-0.0013,-0.0017,0
2015-01-12,-0.0110537440220388,-0.0079,0.0034,-0.0037,0.0011,0.002,0
2015-01-13,0.00054112470250911,-0.0019,0.0025,3e-04,0.0032,3e-04,0
2015-01-14,-0.00804715027522029,-0.006,0.0028,-0.0049,0.0023,-0.0014,0
2015-01-15,-0.0171252670043119,-0.0108,-0.0094,0.0063,0.0065,0.0059,0
2015-01-16,0.0122851733520763,0.0136,0.005,-0.0014,-0.0029,-9e-04,0
2015-01-20,0.00259936377416945,0.0011,-0.0075,-0.0055,3e-04,-0.0052,0
2015-01-21,0.00647771360138439,0.0042,-0.0091,0.0055,0.0023,-2e-04,0
2015-01-22,0.0190617716337027,0.0158,0.0045,0.0041,0,-0.0012,0
2015-01-23,-0.00457101124554243,-0.0047,0.0044,-0.0082,-4e-04,-0.0059,0
2015-01-26,-0.000552641452057467,0.0042,0.0058,-5e-04,-0.0037,-9e-04,0
2015-01-27,-0.0221510215166945,-0.0121,0.0076,0.0023,-0.0033,0.0051,0
2015-01-28,-0.00799847176744117,-0.0139,-0.0018,-0.0077,0.0053,-0.0019,0
2015-01-29,0.0155691428200085,0.0098,0.0019,0,1e-04,-0.0033,0
2015-01-30,0.000153351964072932,-0.013,-0.0081,3e-04,-0.0018,-0.0046,0
2015-02-02,0.0149694909779679,0.0125,-0.004,0.0099,0,0.0017,0
2015-02-03,0.0125946008489435,0.0149,0.0024,0.0051,5e-04,0.0044,0
2015-02-04,-0.00179269139653048,-0.0035,-9e-04,-0.002,0.0035,-0.0013,0
2015-02-05,0.0102190378402058,0.011,0.0044,-0.0016,-0.0048,-0.002,0
2015-02-06,-0.000936233299795752,-0.002,7e-04,0.0038,-0.0021,-9e-04,0
2015-02-09,-0.00224330053939351,-0.0046,-0.0037,9e-04,-3e-04,-1e-04,0
2015-02-10,0.00684671080414823,0.0104,-0.0036,-0.0069,0.0011,-0.0042,0
2015-02-11,0.00273833728033173,3e-04,-0.0018,-0.0033,3e-04,-8e-04,0
2015-02-12,0.00701864492217225,0.01,0.002,-9e-04,-0.0013,-0.0015,0
2015-02-13,0.0072570335987456,0.0047,0.0016,-0.0029,-0.0029,-0.0023,0
2015-02-17,0.00022214268799709,0.0017,-1e-04,0,-0.0012,-0.0016,0
2015-02-18,-0.00299977945366905,3e-04,0.0024,-0.0081,0.0033,-0.0016,0
2015-02-19,0.00260183765949451,-1e-04,0.0022,-0.0035,-5e-04,-0.0039,0
2015-02-20,0.00667588060539374,0.0061,-0.0044,-0.0026,-0.0011,-9e-04,0
2015-02-23,-0.00173120339793419,-8e-04,4e-04,-0.0037,0.004,-0.0021,0
2015-02-24,0.00362117286017896,0.0032,-2e-04,0.0069,-0.0023,0.0036,0
2015-02-25,0.00463720919159005,2e-04,0.0019,-0.0051,-0.006,-0.0022,0
2015-02-26,0.00482898992334125,-8e-04,0.0054,-0.0047,-0.0016,-0.0032,0
2015-02-27,-0.00589916786721663,-0.0036,-0.0021,0.0022,8e-04,0.0032,0
2015-03-02,0.00512666860480868,0.0062,0.002,-0.0043,1e-04,8e-04,0
2015-03-03,-0.00471763063567327,-0.0043,-0.0029,0.003,-3e-04,0,0
2015-03-04,-0.0032039277371611,-0.0041,0.001,-0.004,-4e-04,-0.0026,0
2015-03-05,0.00104762111906321,0.0015,0.0021,-0.0043,-0.0053,-0.0015,0
2015-03-06,-0.0150690497424469,-0.0129,0.0029,0.0043,-0.0013,0,0
2015-03-09,0.00216424549874809,0.0037,9e-04,-2e-04,0.0025,-3e-04,0
2015-03-10,-0.0188641415265049,-0.0163,0.0043,-0.0047,0.0014,-0.0013,0
2015-03-11,-0.00467595250891336,-4e-04,0.0061,0.0052,-0.005,-3e-04,0
2015-03-12,0.0105214267461544,0.0128,0.004,0.005,-0.001,0.0023,0
2015-03-13,-0.00675548167772495,-0.0057,0.0019,-3e-04,-0.0013,-0.0013,0
2015-03-16,0.0102010751016694,0.0123,-0.0078,-0.0041,-0.0014,-0.0014,0
2015-03-17,-0.000114674593729997,-0.002,0.0053,-2e-04,5e-04,-0.0031,0
2015-03-18,0.0149220518304623,0.0108,-0.0048,0,0.0018,-2e-04,0
2015-03-19,-0.00493806356605252,-0.0036,0.008,-0.011,9e-04,-0.0041,0
2015-03-20,0.00548143746476041,0.0081,-0.001,0.0054,0.0043,0.0026,0
2015-03-23,0.00212222112621384,-0.0019,0.002,0.0024,0.002,0.0031,0
2015-03-24,-0.00458804992358709,-0.0051,0.0052,-0.0029,0.001,-0.0021,0
2015-03-25,-0.0166504122490872,-0.0156,-0.0089,0.0103,0.0039,0.0051,0
2015-03-26,-0.00172456999526746,-0.0022,9e-04,-6e-04,4e-04,-0.0022,0
2015-03-27,-0.000876069666260341,0.0032,0.0043,-0.0069,-0.0019,-0.0012,0
2015-03-30,0.0124650053801479,0.0124,6e-04,-4e-04,-0.0022,1e-04,0
2015-03-31,-0.00956601477232005,-0.0075,0.0045,0.0037,0.0022,0.0024,0
2015-04-01,-0.00307047114243057,-0.0038,0.0034,0.0042,-0.0015,0.0024,0
2015-04-02,0.00288422504469955,0.0035,-0.0011,0.0031,-0.0012,0.0024,0
2015-04-06,0.0101101655481917,0.0061,-0.0028,-0.0015,0.0021,-0.0021,0
2015-04-07,-0.000871439648420032,-0.0022,-0.0019,-0.0016,-0.0018,-0.0023,0
2015-04-08,-0.000633150466610376,0.0037,0.0047,-0.0072,-9e-04,-0.0027,0
2015-04-09,0.00772077436256803,0.0041,-0.0071,-6e-04,-0.0028,0.0015,0
2015-04-10,0.0153709273243882,0.0049,-0.0015,-0.0028,-0.0047,0.002,0
2015-04-13,-0.00320245923242156,-0.0038,0.0055,0.0023,-0.0013,-0.0014,0
2015-04-14,0.00385016660271493,0.0011,-0.0013,0.0019,9e-04,8e-04,0
2015-04-15,0.00410133987460004,0.0057,0.0027,0.0032,-0.0018,-6e-04,0
2015-04-16,-0.00381393606819054,-8e-04,-0.001,-0.0021,-0.0018,-0.0021,0
2015-04-17,-0.0116279694967057,-0.0123,-0.0043,0.0022,0.0018,9e-04,0
2015-04-20,0.0152491291058323,0.0095,0.0014,-0.0027,0.0042,-0.0032,0
2015-04-21,-0.00432777356150292,-0.001,0.0013,-0.0076,0.0012,-0.0024,0
2015-04-22,0.00725927033329665,0.0046,-0.0039,0.0017,-2e-04,0,0
2015-04-23,0.00322355417822838,0.0029,0.0029,-0.0023,-3e-04,-0.0021,0
2015-04-24,0.0253384339172119,0.0017,-0.0055,-0.0029,0.0071,-0.0055,0
2015-04-27,0.000911014800072472,-0.0054,-0.0068,0.0056,0.0052,-3e-04,0
2015-04-28,0.00228736241703533,0.0027,0.0026,0.0102,8e-04,0.0044,0
2015-04-29,-0.00138560192518856,-0.0038,-0.0072,0.0074,-0.0074,-1e-04,0
2015-04-30,-0.0112450653388947,-0.0111,-0.0101,0.0078,0.0027,0.0048,0
2015-05-01,0.00779349645830936,0.0101,-0.0031,-0.0062,0.003,-0.0018,0
2015-05-04,0.00131754949896943,0.0032,9e-04,0.0024,-0.0018,3e-04,0
2015-05-05,-0.012372476927848,-0.0119,-0.0014,0.005,0,0.0029,0
2015-05-06,-0.00685444260917866,-0.0031,0.006,-0.0013,-0.0027,0.0011,0
2015-05-07,0.00596150995954802,0.0039,-1e-04,-0.0039,-0.0025,-1e-04,0
2015-05-08,0.0143444166109284,0.0121,-0.0056,-0.0012,-0.0031,-0.0024,0
2015-05-11,-0.00779826288606168,-0.0039,0.0066,-3e-04,-9e-04,1e-04,0
2015-05-12,-0.00113922858533528,-0.0027,0,7e-04,-0.0016,0,0
2015-05-13,0.00242189578724882,1e-04,0,2e-04,-7e-04,3e-04,0
2015-05-14,0.0151037117001158,0.0101,-0.0016,-0.0035,0.0011,-0.0043,0
2015-05-15,-0.00322845000801949,5e-04,-0.0021,-0.002,0.003,0.0026,0
2015-05-18,0.00439744386763869,0.0044,0.0073,-9e-04,-0.0019,-0.0027,0
2015-05-19,-0.00133196881100607,-9e-04,-7e-04,0.0023,-0.001,-4e-04,0
2015-05-20,0.00134928006504499,-5e-04,0.0019,-0.0014,-0.0013,6e-04,0
2015-05-21,0.00439030225658779,0.0023,-0.0029,-2e-04,7e-04,-0.0016,0
2015-05-22,-0.00483360753058949,-0.0022,-0.0013,-0.0014,-0.0012,-7e-04,0
2015-05-26,-0.00950376507746841,-0.0101,-3e-04,-1e-04,-0.0014,0.0016,0
2015-05-27,0.00994708720225747,0.0093,0.003,-0.0034,-8e-04,-0.0029,0
2015-05-28,-0.00285516447663084,-0.0012,0.001,0.0013,-0.0024,9e-04,0
2015-05-29,-0.00725903350540022,-0.0058,6e-04,6e-04,-0.0023,-2e-04,0
2015-06-01,0.00281397689541544,0.0017,-6e-04,-0.0022,0.0021,-0.0037,0
2015-06-02,-0.000915828620161757,-2e-04,0.0033,0.0033,-0.0015,0.0016,0
2015-06-03,0.00817571988809096,0.0039,0.0086,-0.0024,-0.0019,-6e-04,0
2015-06-04,-0.00666964474311453,-0.0088,-8e-04,-1e-04,0.0018,-2e-04,0
2015-06-05,-0.00289762227503344,6e-04,0.0083,5e-04,-0.0051,-0.0038,0
2015-06-08,-0.00557905775577242,-0.0066,3e-04,3e-04,2e-04,6e-04,0
2015-06-09,0.000516571790723471,2e-04,-0.0028,0.0035,0.0013,0.0011,0
2015-06-10,0.0123111517966719,0.012,0.0016,0.0019,-6e-04,2e-04,0
2015-06-11,0.000166551055517007,0.0021,-9e-04,-0.0011,0.0015,-1e-04,0
2015-06-12,-0.00759033723156719,-0.0063,0.0034,0.0013,6e-04,0.001,0
2015-06-15,-0.00742697362307236,-0.0045,0.0016,-0.0013,-0.0017,-0.0025,0
2015-06-16,0.00664074950995151,0.0057,9e-04,0,9e-04,-7e-04,0
2015-06-17,0.0019523676575597,0.0016,-0.003,-0.0063,0.0021,-0.0011,0
2015-06-18,0.0127680996740699,0.0099,0.0016,-0.0043,-0.0013,-0.0015,0
2015-06-19,-0.00691138835150645,-0.0043,0.0051,-0.002,6e-04,-6e-04,0
2015-06-22,0.00708576788919257,0.0063,8e-04,-6e-04,-0.0014,-0.0025,0
2015-06-23,0.00939715075890858,0.0012,0.0024,0.0027,-0.0011,-1e-04,0
2015-06-24,-0.00349799781521456,-0.0079,-0.0014,0.0013,0.0019,-1e-04,0
2015-06-25,-0.00326072742153547,-0.0025,0.0033,-0.002,0.0015,-8e-04,0
2015-06-26,-0.00107293648733585,-6e-04,-0.0019,0.0045,0.0029,0.0035,0
2015-06-29,-0.0183169707798585,-0.0215,-0.0041,0.0018,0.0031,0.001,0
2015-06-30,0.00142357810505181,0.0033,0.003,-0.0067,-0.003,-0.0064,0
2015-07-01,0.00592663197716217,0.006,-0.0077,-6e-04,7e-04,8e-04,0
2015-07-02,0.0014086987265241,-0.0011,-0.006,-4e-04,-2e-04,1e-04,0
2015-07-06,-0.00422669690919447,-0.0037,7e-04,-0.0055,-0.0022,-0.0023,0
2015-07-07,0.000828597647981057,0.0053,-0.0048,-0.0025,0.0042,-2e-04,0
2015-07-08,-0.0155118601675478,-0.0168,-5e-04,7e-04,5e-04,0.0011,0
2015-07-09,0.000597720629219947,0.0028,0.0019,-3e-04,-0.0022,-0.0025,0
2015-07-10,0.0138136155205549,0.0124,0.0019,-0.0055,-0.0018,-7e-04,0
2015-07-13,0.0146022414067228,0.0114,-0.0012,-0.0042,0.0011,-0.0032,0
2015-07-14,0.00557150910911166,0.0047,0.0012,0.0013,-0.0033,-0.0036,0
2015-07-15,0.000175888688607382,-0.0019,-0.0081,-8e-04,-0.0027,-0.003,0
2015-07-16,0.0125134219620227,0.0078,-0.0025,-0.0062,-0.0025,-0.0067,0
2015-07-17,0.00591774432613263,5e-04,-0.0068,-0.0065,-0.0026,-0.0094,0
2015-07-20,0.00592774498105863,-1e-04,-0.008,-0.0057,0.0027,-0.003,0
2015-07-21,-0.00239978549589475,-0.0047,8e-04,0.003,-0.0014,-6e-04,0
2015-07-22,-0.0105506654166276,-0.0018,0.0026,0.0019,-0.0043,9e-04,0
2015-07-23,-0.00608500152733309,-0.006,-0.0039,-0.0034,-6e-04,-3e-04,0
2015-07-24,0.00669680382112438,-0.0108,-0.0067,-2e-04,-0.0021,-2e-04,0
2015-07-27,-0.00815040903402041,-0.0074,-0.0025,8e-04,2e-04,0.0037,0
2015-07-28,0.00681478886273288,0.0123,-0.0033,-0.0011,0.0013,0.0016,0
2015-07-29,0.00957173250915692,0.0074,-0.0021,0.0052,0.0094,0.003,0
2015-07-30,0.000316782914557278,0.0012,0.0019,-0.0026,6e-04,-0.0014,0
2015-07-31,-0.00869693589821083,-0.0015,0.0072,-0.0099,0.0023,-7e-04,0
2015-08-03,-0.00549535964678934,-0.0035,-0.0033,-0.0017,8e-04,4e-04,0
2015-08-04,-0.00432886457847152,-0.0014,4e-04,-0.0019,-1e-04,0.0018,0
2015-08-05,0.0067746808836953,0.0036,-8e-04,-0.0044,-7e-04,-7e-04,0
2015-08-06,-0.00749576471425735,-0.0088,-0.0037,0.0199,0.0031,0.0074,0
2015-08-07,-0.00521782167930942,-0.0036,-0.004,-0.0035,0.0033,0.0019,0
2015-08-10,0.0145538101489786,0.0132,0.002,0.0069,0.0029,5e-04,0
2015-08-11,-0.0131809524097613,-0.0098,-6e-04,0.0043,5e-04,7e-04,0
2015-08-12,0.00139656386687971,7e-04,-0.0019,-0.0027,-0.0011,-0.0016,0
2015-08-13,-0.00114545101078284,-0.0014,-0.0041,1e-04,0.001,-9e-04,0
2015-08-14,0.00555106615704939,0.0043,0.0013,0.0044,-8e-04,6e-04,0
2015-08-17,0.0053123209761161,0.006,0.0035,-0.0087,-0.0018,-0.0042,0
2015-08-18,-0.00034503491170585,-0.0035,-0.0062,0.0034,0.0032,9e-04,0
2015-08-19,-0.00810453909605734,-0.0085,-0.002,-0.0022,-0.0019,-4e-04,0
2015-08-20,-0.0230433404534168,-0.0224,-0.0023,0.006,0.0054,0.0065,0
2015-08-21,-0.0381116944811059,-0.0295,0.018,0.0014,-0.0075,0.0084,0
2015-08-24,-0.0393801057131062,-0.039,0.0026,-0.0043,0.0037,0.0013,0
2015-08-25,-0.00850102007583753,-0.0117,0.0057,-0.0061,-0.0025,-0.0065,0
2015-08-26,0.0500272552812552,0.0368,-0.0142,-0.0037,0.0015,-0.0068,0
2015-08-27,0.0283576956721562,0.024,-0.0058,0.0062,-0.0021,-0.0022,0
2015-08-28,0.000626831985219339,0.0023,0.0098,8e-04,-0.0016,8e-04,0
2015-08-31,-0.00757557694008647,-0.0074,0.009,0.0142,0.001,0.0051,0
2015-09-01,-0.0342297761068912,-0.0291,0.0025,-0.0051,-6e-04,7e-04,0
2015-09-02,0.025627855749506,0.0181,-0.0031,-0.0092,0.002,-0.0069,0
2015-09-03,-0.0043358340421038,0.0017,-0.0018,0.0072,0.0032,0.0077,0
2015-09-04,-0.0141170719059756,-0.0139,0.0082,-0.0057,-0.001,-0.0047,0
2015-09-08,0.0263738675641147,0.0252,-0.004,-0.0055,-0.0012,-0.0028,0
2015-09-09,-0.0122811160233083,-0.0134,0.0016,0.0011,0.0018,1e-04,0
2015-09-10,0.00879998781093399,0.0049,-0.0021,-0.0031,-0.0028,-0.0069,0
2015-09-11,0.005171443513642,0.0044,-0.0028,-0.007,-0.0011,-0.0029,0
2015-09-14,-0.00296994019845059,-0.0041,3e-04,1e-04,-4e-04,-7e-04,0
2015-09-15,0.0117085793721,0.0122,-0.0015,0.0025,5e-04,9e-04,0
2015-09-16,0.00911740527577281,0.0084,6e-04,0.0044,0.0041,0.0022,0
2015-09-17,-0.00314989570306274,-0.0017,0.0075,-0.015,-0.0034,-0.0054,0
2015-09-18,-0.012612573502172,-0.0162,0.0027,-0.0096,-0.0045,-0.0053,0
2015-09-21,0.00939866325841524,0.0036,-0.0084,0.0121,0.0041,0.0021,0
2015-09-22,-0.0100408275509981,-0.0129,-0.0029,0.0014,0.0024,7e-04,0
2015-09-23,-1.89255374061595e-05,-0.0027,-0.0022,-0.0014,-0.0023,-0.0028,0
2015-09-24,-0.00124356774854376,-0.0036,0.0024,0.0056,-4e-04,3e-04,0
2015-09-25,-0.002014123263716,-0.0022,-0.0143,0.0188,0.0057,0.007,0
2015-09-28,-0.0197804187172181,-0.0263,-0.002,0.0117,0.005,0.0071,0
2015-09-29,-0.00376166467871123,-7e-04,-0.006,0.0071,0.007,0.0065,0
2015-09-30,0.0203211675555743,0.0188,-0.0048,-0.0048,-0.0038,-0.0034,0
2015-10-01,0.00323743942908462,0.0013,-0.0051,-5e-04,-7e-04,-0.0021,0
2015-10-02,0.0120305809794332,0.0148,0.0029,-0.0084,-7e-04,-2e-04,0
2015-10-05,0.0207857722848347,0.0193,0.0074,0.0077,0.0023,0.0063,0
2015-10-06,-0.000286519595342649,-0.0043,-8e-04,0.0172,0.0041,0.0058,0
2015-10-07,0.00680191493012059,0.0094,0.0068,-0.0024,-0.0024,0,0
2015-10-08,0.00180449221250771,0.0084,0.0034,0.0076,0.0057,0.0075,0
2015-10-09,0.00237715472149536,0.0012,0.001,-0.0108,0.0012,-0.0017,0
2015-10-12,0.00359664445369525,6e-04,-0.0044,-7e-04,-2e-04,-0.001,0
2015-10-13,-0.00276078545768873,-0.0074,-0.0067,0.0069,0.0028,0.002,0
2015-10-14,-0.00634361434301542,-0.006,-0.0025,-2e-04,-0.0034,0.0038,0
2015-10-15,0.019166869381146,0.0156,0.0061,-0.0015,-0.0115,-0.005,0
2015-10-16,0.012313935439079,0.0036,-0.0055,-0.0035,-1e-04,1e-04,0
2015-10-19,-0.00086646543427661,0,9e-04,-0.0071,0.0011,-0.0035,0
2015-10-20,-0.00214795319837202,-0.0015,0.0017,0.0121,0.0053,0.0028,0
2015-10-21,-0.0040696307228124,-0.0074,-0.009,-0.0018,0.0036,0.0022,0
2015-10-22,0.0201097281731209,0.015,-0.0076,0.0047,4e-04,0.0057,0
2015-10-23,0.0255742196575046,0.0109,-9e-04,-0.006,0.0013,-0.0084,0
2015-10-26,2.22361194901985e-05,-0.002,-0.0047,-0.0072,0.0016,-0.0019,0
2015-10-27,-0.00366322603997222,-0.0042,-0.0106,-0.0088,-0.0047,-0.0052,0
2015-10-28,0.0124597755439105,0.0143,0.015,0.0064,-0.0069,-0.0024,0
2015-10-29,0.00299217453764906,-0.002,-0.0089,9e-04,0.0049,-0.002,0
2015-10-30,-0.00868924455773012,-0.0041,0.0022,-0.0054,0.0042,9e-04,0
2015-11-02,0.0137949071709417,0.0125,0.009,-2e-04,-0.0047,-5e-04,0
2015-11-03,0.00485922212507079,0.0032,0.0048,0.0021,0.001,-9e-04,0
2015-11-04,0.00254852825130337,-0.0026,0.0018,-0.0033,-0.0062,-0.007,0
2015-11-05,0.00696789779340809,-8e-04,3e-04,0.0045,-4e-04,0.0013,0
2015-11-06,0.00310384538052281,0.0014,0.0086,0.0029,-0.0069,-0.0016,0
2015-11-09,-0.0102666550002298,-0.0095,-0.0027,-5e-04,-0.007,-2e-04,0
2015-11-10,0.000261811953007007,0.0013,1e-04,0.0026,-0.001,0.0019,0
2015-11-11,0.00447267981143218,-0.0043,-0.0057,-0.0018,-0.0017,5e-04,0
2015-11-12,-0.0129223015854024,-0.0145,-0.0056,-0.0045,0.0015,-0.0027,0
2015-11-13,-0.0161686436202128,-0.0106,0.0032,0.0038,-0.005,0.0043,0
2015-11-16,0.0147043134779275,0.0139,-0.0052,0.0046,0.0024,-0.0013,0
2015-11-17,-0.00202670811043933,-0.0011,-0.0024,-0.0066,0,-0.0017,0
2015-11-18,0.0179011062535414,0.0161,-1e-04,-8e-04,-6e-04,-0.0039,0
2015-11-19,-0.00143918190307663,-0.0013,-0.0028,-0.0011,0.0018,0.0014,0
2015-11-20,0.00478539281608281,0.0035,0.004,-0.0041,0.0026,2e-04,0
2015-11-23,-0.00107762910709066,-1e-04,0.0061,-0.0036,6e-04,-0.0017,0
2015-11-24,-6.9739846880844e-05,0.0021,0.0076,0.0027,0.0026,0.0011,0
2015-11-25,-0.00329098928642852,9e-04,0.0084,-0.0055,-0.0013,-0.0011,0
2015-11-27,0.00132276068196654,9e-04,0.0019,-0.0029,-0.0021,7e-04,0
2015-11-30,-0.00399868081575831,-0.0047,0.002,0.0069,-0.002,9e-04,0
2015-12-01,0.0106055303808981,0.0097,-0.0063,0.0025,-0.0012,-0.0014,0
2015-12-02,-0.00911225751899374,-0.0101,0.0018,-0.007,-3e-04,-0.0015,0
2015-12-03,-0.0121373363284025,-0.015,-0.002,0.0044,0.0025,0.0021,0
2015-12-04,0.0218218085462044,0.0186,-0.0107,-0.0052,0.0011,-0.0034,0
2015-12-07,-0.00583537128008205,-0.0084,-0.0088,-0.0066,0.0057,0.0018,0
2015-12-08,-0.00576918303801579,-0.0059,0.0026,-0.0123,-0.002,-0.0078,0
2015-12-09,-0.00763003980296776,-0.0083,-0.002,0.0041,0.0053,0.0063,0
2015-12-10,0.00343590983974639,0.003,0.001,-0.0022,0.0018,-0.0019,0
2015-12-11,-0.0211824623230257,-0.0203,-0.0021,-6e-04,8e-04,0.0035,0
2015-12-14,0.0122055510497663,0.0029,-0.0113,-0.0019,5e-04,-0.0034,0
2015-12-15,0.00936261629118478,0.011,0.0021,0.0076,-0.0076,0.0013,0
2015-12-16,0.0155618372650819,0.0147,1e-04,-0.0064,-0.0011,-0.0018,0
2015-12-17,-0.0119858766713679,-0.0146,0.003,-0.0031,-0.0028,-7e-04,0
2015-12-18,-0.0178170727050986,-0.017,0.0069,-0.0039,-0.0039,0.002,0
2015-12-21,0.00723627315717922,0.0074,-0.0018,-5e-04,-0.001,5e-04,0
2015-12-22,0.00491383122813051,0.0089,2e-04,0.0051,0.0022,0.005,0
2015-12-23,0.010664545597671,0.013,0.0024,0.0059,0.001,0.0014,0
2015-12-24,-0.0026054166584882,-0.0011,0.0027,-3e-04,-0.0021,8e-04,0
2015-12-28,0.00120138334561505,-0.0029,-0.0054,-0.0038,-1e-04,-7e-04,0
2015-12-29,0.0122018698222723,0.0105,3e-04,-0.0031,2e-04,-0.0034,0
2015-12-30,-0.00774173770581283,-0.0074,-0.0017,-0.0013,1e-04,0.0015,0
2015-12-31,-0.0105221387178198,-0.0092,-0.002,0.0024,-4e-04,0.001,0
2016-01-04,-0.0184739876602208,-0.0159,-0.0073,0.0053,0.0046,0.0042,0
2016-01-05,0.000206822451630235,0.0012,-0.0025,0,1e-04,0.0033,0
2016-01-06,-0.00915712231942657,-0.0135,-0.0023,-1e-04,0,3e-04,0
2016-01-07,-0.0324056146375766,-0.0244,-0.0029,8e-04,0.0039,0.0042,0
2016-01-08,-0.00771930167745727,-0.0111,-0.0052,-3e-04,0.0023,5e-04,0
2016-01-11,0.00343828357933531,-6e-04,-0.0063,0.0034,0.0056,0.0044,0
2016-01-12,0.00813373691375543,0.0071,-0.0046,-0.0077,-7e-04,-0.003,0
2016-01-13,-0.0219831002203979,-0.0267,-0.0059,0.0078,0.0023,0.0068,0
2016-01-14,0.0251162590835795,0.0165,-6e-04,-0.0041,-0.0054,-0.0047,0
2016-01-15,-0.0249042131583637,-0.0214,0.004,-0.0021,0.0031,0.0033,0
2016-01-19,0.000226694867538284,-0.002,-0.0138,-7e-04,0.0028,0.0026,0
2016-01-20,-0.0144063850718411,-0.0094,0.0167,-0.0124,2e-04,-0.0055,0
2016-01-21,0.00470298961977169,0.0045,-0.0045,1e-04,0.0049,0.0061,0
2016-01-22,0.0271097750804248,0.0208,0.0014,-0.0019,-0.0038,-0.0076,0
2016-01-25,-0.0121654019337691,-0.0171,-0.0052,-0.0098,0.0019,-1e-04,0
2016-01-26,0.0174559190941538,0.0152,0.0059,0.0122,0.0065,0.0071,0
2016-01-27,-0.0179406160123713,-0.0111,-0.0038,0.0172,-0.0027,0.0106,0
2016-01-28,0.0338554308165439,0.0049,-0.0057,0.0127,-0.0036,-0.005,0
2016-01-29,0.0180741163006995,0.0257,0.0059,0.0037,0.0018,0.0047,0
2016-02-01,-0.00614353669460929,-4e-04,-0.0032,-0.0095,0.0013,-0.0039,1e-05
2016-02-02,-0.0194458152030948,-0.02,-0.0014,-0.0034,0.0024,0.004,1e-05
2016-02-03,0.00538931040672292,0.0046,-0.0022,0.0044,0.005,0.0039,1e-05
2016-02-04,0.0044415162601196,0.0027,0.0038,0.0033,0.0024,0.0013,1e-05
2016-02-05,-0.0262811724520421,-0.0206,-0.0073,0.0175,0.0109,0.0143,1e-05
2016-02-08,-0.00817183719703544,-0.0151,9e-04,0.0089,0.0146,0.0095,1e-05
2016-02-09,-0.00405004721901132,-0.001,-0.0056,-0.0029,-2e-04,3e-04,1e-05
2016-02-10,0.000488255367401183,1e-04,-0.0021,-0.0056,-0.0024,-0.0081,1e-05
2016-02-11,-0.00528754618872762,-0.0117,0.0028,-0.0148,0.0029,-0.004,1e-05
2016-02-12,0.0184408204885852,0.0198,-0.0027,0.0115,-0.0037,0.0032,1e-05
2016-02-16,0.0132500084344981,0.0178,0.0055,-0.0055,7e-04,-0.0026,1e-05
2016-02-17,0.0151716671043713,0.0175,-0.0014,-0.0063,-0.0038,-0.0049,1e-05
2016-02-18,-0.00555634839526553,-0.0051,-2e-04,0.0021,0.0025,0.0052,1e-05
2016-02-19,0.00154987882386638,6e-04,0.003,-0.0062,-0.0065,-0.0041,1e-05
2016-02-22,0.0149103333737674,0.0143,-0.0017,0.0024,0.0024,-0.002,1e-05
2016-02-23,-0.0166818065625552,-0.0122,0.0037,-0.0052,0.0073,0.0049,1e-05
2016-02-24,0.00523820967751502,0.0053,0.0064,-0.0032,0,0.0012,1e-05
2016-02-25,0.0104590180238134,0.011,-0.0045,0.0023,-0.001,-0.0025,1e-05
2016-02-26,-0.00168545359793794,-1e-04,0.0085,0.0026,-0.0045,2e-04,1e-05
2016-02-29,-0.00942288577261592,-0.0069,0.0071,0.0026,0.0012,0.0044,1e-05
2016-03-01,0.0300291976739415,0.0234,-0.0063,0.003,-0.0049,-0.0054,1e-05
2016-03-02,0.00619386014972092,0.0054,0.006,0.0071,-0.0064,-0.001,1e-05
2016-03-03,-0.000731057641291542,0.0051,0.0057,0.0065,0.0038,0.0037,1e-05
2016-03-04,-0.000115898086155394,0.0037,0.0033,0.0029,8e-04,7e-04,1e-05
2016-03-07,-0.00553329072624965,0.0021,0.0133,0.0054,-0.0035,0.0043,1e-05
2016-03-08,-0.00591677787218447,-0.0127,-0.0127,-0.0049,0.0056,0.0014,1e-05
2016-03-09,0.00478366943053076,0.005,0.0011,0.0038,0.0022,0.0013,1e-05
2016-03-10,-0.00229435100541606,-0.0011,-0.0074,0.0063,0.0029,0.0019,1e-05
2016-03-11,0.0112794376711966,0.0169,0.003,0.0019,-0.0034,-0.0031,1e-05
2016-03-14,0.00117448367694346,-0.0012,-0.0013,-0.0087,7e-04,-0.0024,1e-05
2016-03-15,0.00602928113082693,-0.0036,-0.0143,0.0067,0.0039,7e-04,1e-05
2016-03-16,0.00353722591632919,0.0063,0.0012,-4e-04,0.007,-3e-04,1e-05
2016-03-17,0.000985141089967945,0.0072,0.0097,0.0058,0.0019,0.0069,1e-05
2016-03-18,-0.000822681561306012,0.0054,0.0041,-0.0019,-0.002,0.0019,1e-05
2016-03-21,0.00215797058868808,0.001,-0.0028,-0.0031,-0.0011,-0.0035,1e-05
2016-03-22,0.00241259099784002,-5e-04,-8e-04,-0.0044,-0.0031,-0.0026,1e-05
2016-03-23,0.0011749687219472,-0.0086,-0.0121,-9e-04,0.0052,1e-04,1e-05
2016-03-24,0.00349531016470629,0,0.0042,-6e-04,-1e-04,-3e-04,1e-05
2016-03-28,0.000150204792508416,4e-04,-4e-04,0.0014,-5e-04,0.0024,1e-05
2016-03-29,0.0118298518834223,0.0107,0.0165,-0.0118,0.002,-0.0058,1e-05
2016-03-30,0.00427041264322814,0.0041,-0.0027,0.0015,-6e-04,2e-04,1e-05
2016-03-31,-0.00536694093128397,-0.0011,0.0041,-0.0048,-8e-04,-0.0012,1e-05
2016-04-01,0.0060694859526733,0.0064,-0.0034,-0.0062,-0.0042,-0.0014,0
2016-04-04,-0.00581106001419226,-0.0041,-0.0034,-0.0074,-0.0025,-0.0023,0
2016-04-05,-0.00854706578132629,-0.0094,-0.0018,-0.0036,9e-04,0.0018,0
2016-04-06,0.00913592120154821,0.0114,6e-04,-0.0082,-0.0049,-0.0063,0
2016-04-07,-0.0111232625073419,-0.0123,-9e-04,-0.0035,-2e-04,0.0021,0
2016-04-08,-0.000210655111306394,0.0029,0.0013,0.0068,0.0042,0.0028,0
2016-04-11,-0.000961532964959242,-0.0028,1e-04,0.0095,1e-04,0.0029,0
2016-04-12,0.0103942712716684,0.0099,1e-04,0.0085,0.001,-0.0016,0
2016-04-13,0.0100954930865722,0.0123,0.0096,0.0036,-0.0045,-0.0034,0
2016-04-14,0.00431437399510789,3e-04,-0.0026,0.0018,-0.0036,-0.0012,0
2016-04-15,-0.00325413016223066,-4e-04,0.0029,-0.0033,0.0016,0.0016,0
2016-04-18,0.00485249607899659,0.0065,0.0014,-0.0019,-0.0016,-4e-04,0
2016-04-19,0.00510269952557301,0.0029,-0.0018,0.0148,-0.0027,0.0037,0
2016-04-20,0.002372920800858,0.0015,0,0.0054,-0.0034,-0.0012,0
2016-04-21,-0.00436830985193691,-0.0047,-1e-04,-0.0059,-0.006,-0.0034,0
2016-04-22,-0.0117652415336442,0.0012,0.0103,0.0049,-5e-04,0.0096,0
2016-04-25,4.50898123938664e-05,-0.0024,-0.0066,-0.0018,-1e-04,-0.0016,0
2016-04-26,-0.00438786545920944,0.0029,0.0082,0.0078,0.0035,0.0061,0
2016-04-27,-0.00658421415841685,0.0021,0.0025,0.0068,-0.001,0.0079,0
2016-04-28,-0.000548965113154931,-0.0096,-0.0021,5e-04,-0.0048,0.0055,0
2016-04-29,0.00944582668714093,-0.005,-0.002,0.0038,-9e-04,-0.0025,0
2016-05-02,0.0104787518668472,0.0078,-4e-04,-0.0036,-6e-04,-0.001,1e-05
2016-05-03,-0.0080473283530892,-0.0105,-0.0074,-0.005,0.0052,2e-04,1e-05
2016-05-04,-0.00498138465719802,-0.0066,-0.0017,6e-04,0.004,0.0029,1e-05
2016-05-05,-0.00336718761352866,-8e-04,-0.0052,9e-04,0.0018,1e-04,1e-05
2016-05-06,0.00715172099136953,0.0038,7e-04,0.0024,0.0014,0.0024,1e-05
2016-05-09,-0.000852968199608179,5e-04,0.0018,-0.0148,0,-0.0051,1e-05
2016-05-10,0.0156205418867185,0.0126,-0.0036,0.0047,-7e-04,5e-04,1e-05
2016-05-11,-0.00243079703780253,-0.0089,-0.0034,0.0078,-0.0047,0,1e-05
2016-05-12,0.000835355771562685,-0.0011,-0.0059,0.0014,0.0034,0.0011,1e-05
2016-05-13,-0.00809392695368315,-0.0082,0.0028,-0.0066,-0.0056,-0.0018,1e-05
2016-05-16,0.00921945446421346,0.0099,0.0021,-0.0024,-1e-04,-0.0031,1e-05
2016-05-17,-0.00822604978637008,-0.0095,-0.0068,0.0061,-3e-04,-9e-04,1e-05
2016-05-18,0.00414613930687858,0.001,0.0015,0.0084,-0.0134,-0.0065,1e-05
2016-05-19,-0.00399097486122708,-0.0033,-0.0032,-0.0029,0.0033,-1e-04,1e-05
2016-05-20,0.00418499407669742,0.0075,0.0084,-0.0029,-0.0038,-0.0037,1e-05
2016-05-23,-0.00351936315745098,-0.0018,0.0024,-0.0032,-0.0017,9e-04,1e-05
2016-05-24,0.0123851032494904,0.0143,0.0061,-0.0034,-0.001,-0.0039,1e-05
2016-05-25,0.0082363866663954,0.0072,-0.0013,0.0058,0.0024,-0.001,1e-05
2016-05-26,0.00144509940950358,-4e-04,-0.0016,-0.0051,0.0014,-0.0022,1e-05
2016-05-27,0.0022556660507545,0.0049,0.0035,-0.0022,-9e-04,-9e-04,1e-05
2016-05-31,0.00102119811458033,-1e-04,0.0045,-0.0036,-0.0024,-0.0033,1e-05
2016-06-01,-0.00297001805179047,0.002,0.0064,-0.0025,-0.0025,8e-04,1e-05
2016-06-02,0.000984275695410054,0.0035,0.0025,-0.0059,-0.0023,-6e-04,1e-05
2016-06-03,-0.00333758357193755,-0.0038,-0.0018,-9e-04,0.0049,0.0017,1e-05
2016-06-06,0.00635145388027383,0.006,0.0072,0.0032,-0.001,-0.0011,1e-05
2016-06-07,0.00160186258384274,0.0012,0.0023,0.0011,0.0034,0.0023,1e-05
2016-06-08,0.00212255235424893,0.0037,0.0043,-0.0012,5e-04,-0.0011,1e-05
2016-06-09,0.000752230718910593,-0.0027,-0.0043,-0.0022,0.0029,0.0013,1e-05
2016-06-10,-0.00698835219947103,-0.0105,-0.004,-0.0018,7e-04,0.0059,1e-05
2016-06-13,-0.00913461611853351,-0.0083,-0.0037,0.001,-0.0028,-4e-04,1e-05
2016-06-14,0.00187140134208833,-0.0019,0.0014,-0.0071,0.0024,3e-04,1e-05
2016-06-15,-0.00268655202401238,-0.0011,0.0027,-5e-04,0,5e-04,1e-05
2016-06-16,0.00588660956534162,0.0024,-0.0031,-0.004,0.0028,0.0035,1e-05
2016-06-17,-0.00724804121330444,-0.003,8e-04,0.0094,0.0048,0.0062,1e-05
2016-06-20,0.00378354700395601,0.0071,0.006,-1e-04,-0.0015,0.0012,1e-05
2016-06-21,0.00707988980235489,0.0021,-0.0061,0.005,-0.0018,-1e-04,1e-05
2016-06-22,-0.00266318725565986,-0.002,-0.003,8e-04,6e-04,0,1e-05
2016-06-23,0.0126408671459997,0.0145,0.0056,0.0043,-0.0051,-0.002,1e-05
2016-06-24,-0.0321568448110749,-0.037,0,-0.0114,0.0084,8e-04,1e-05
2016-06-27,-0.0130137687601881,-0.0207,-0.0107,-0.0067,0.0036,0.0042,1e-05
2016-06-28,0.0208297446302786,0.0176,-0.0037,0.0015,-0.006,-0.0058,1e-05
2016-06-29,0.0157770139655249,0.018,0.0032,-6e-04,-4e-04,-0.0023,1e-05
2016-06-30,0.0131289159678231,0.0142,0.0038,0.0045,-0.0011,0.0037,1e-05
2016-07-01,0.00188222873635816,0.0024,0.0047,-0.0041,-3e-04,0.0024,1e-05
2016-07-05,-0.00426348308669792,-0.0085,-0.0083,-0.0137,0.0057,-0.0068,1e-05
2016-07-06,0.00940048431865873,0.0062,0.0017,-0.0013,-0.0012,-0.0016,1e-05
2016-07-07,-0.00300367133657134,2e-04,0.0035,-0.002,0.0025,-0.0031,1e-05
2016-07-08,0.0110090003215274,0.016,0.0095,0.0035,8e-04,0.0027,1e-05
2016-07-11,0.00379783633601343,0.0043,0.0069,0.0026,0.0026,-8e-04,1e-05
2016-07-12,0.00386549945129925,0.0075,0.0075,0.01,-0.0052,0.0064,1e-05
2016-07-13,-0.00117689626402125,-5e-04,-0.0047,0.0051,0.0047,0,1e-05
2016-07-14,0.00628124088021784,0.0051,-0.0041,0.0045,0,0,1e-05
2016-07-15,-6.12174433884331e-05,-5e-04,0.0029,1e-04,-0.0028,1e-04,1e-05
2016-07-18,0.00359367106943038,0.0025,2e-04,-0.0012,0.0012,-0.0024,1e-05
2016-07-19,0.00117309907654474,-0.0022,-0.0064,4e-04,0.0031,-0.0024,1e-05
2016-07-20,0.00680237556729247,0.0048,0.004,-0.0087,0,-0.0036,1e-05
2016-07-21,-0.00383496071082902,-0.0038,-7e-04,-2e-04,7e-04,2e-04,1e-05
2016-07-22,0.00152449479469109,0.0048,0.0028,-8e-04,0.0042,-0.0025,1e-05
2016-07-25,-0.00582935172789175,-0.0027,-1e-04,-0.0024,0.0051,-0.0039,1e-05
2016-07-26,-0.0038542862402759,0.0013,0.0062,0.0054,-0.0042,0.0074,1e-05
2016-07-27,0.00779060544588894,-0.0014,0.0052,-0.0044,-0.0012,-0.0056,1e-05
2016-07-28,0.00332395050896311,0.0018,-0.0045,-0.0035,-7e-04,-0.0015,1e-05
2016-07-29,0.00114765915610977,0.0017,-3e-04,3e-04,6e-04,0.0031,1e-05
2016-08-01,-0.000845818182370962,-0.0016,6e-04,-0.0087,0.0065,-0.0073,1e-05
2016-08-02,-0.00340132682029386,-0.007,-0.0063,0.0017,-0.0051,0.0016,1e-05
2016-08-03,0.00249461572718922,0.0045,0.0058,0.0083,-0.0065,0.0015,1e-05
2016-08-04,0.00385380028447731,5e-04,7e-04,-0.0033,0.0011,8e-04,1e-05
2016-08-05,0.00829555165062771,0.0093,0.0057,0.0087,-0.0051,-0.0036,1e-05
2016-08-08,0.0011101584217259,-6e-04,0.0011,0.0057,2e-04,0.0044,1e-05
2016-08-09,0.000843815086408381,5e-04,-5e-04,-0.0031,-0.0019,-0.0023,1e-05
2016-08-10,-0.00409535747536399,-0.0029,-0.0045,-0.0013,0.0067,0,1e-05
2016-08-11,0.0025034579080276,0.0054,0.0015,4e-04,-0.0025,0.0016,1e-05
2016-08-12,8.55283371027497e-07,-6e-04,0.0013,-0.0018,-0.0013,-0.0027,1e-05
2016-08-15,-0.000635119221246434,0.0039,0.008,0.004,-0.0026,0.0036,1e-05
2016-08-16,-0.00649053152484391,-0.0057,-0.002,0.006,-0.0013,0.0031,1e-05
2016-08-17,0.00266045673889138,0.0012,-0.005,0.0025,1e-04,6e-04,1e-05
2016-08-18,-0.000655105365682042,0.0032,0.0047,0.0037,-0.0043,0.0035,1e-05
2016-08-19,-0.0042511174048692,-0.0011,0.001,-0.0012,0.0025,-0.0014,1e-05
2016-08-22,-0.000533058627209895,-2e-04,0.0022,-0.0041,-3e-04,-0.0036,1e-05
2016-08-23,0.000818690813558318,0.0027,0.0056,-1e-04,6e-04,7e-04,1e-05
2016-08-24,-0.0022509630363761,-0.0056,-0.0043,0.004,0.0039,-7e-04,1e-05
2016-08-25,0.000479043381861394,-8e-04,0.0022,0.0049,-0.002,0.0029,1e-05
2016-08-26,0.000940206320704672,-0.0015,0.0013,-0.0013,-0.0034,-0.002,1e-05
2016-08-29,0.00585360875332562,0.0053,0,0.0035,-0.0015,0.0021,1e-05
2016-08-30,-0.00257524604575226,-0.0014,0.0021,0.0031,-8e-04,-0.003,1e-05
2016-08-31,-0.00133551846111022,-0.0024,-0.0035,0.0014,0.0023,-0.0034,1e-05
2016-09-01,0.000139328318987466,3e-04,5e-04,-0.0049,0.0012,-0.0013,1e-05
2016-09-02,0.00347954181379031,0.0053,0.0042,0.0036,-0.0013,0.0019,1e-05
2016-09-06,0.00673212114585451,0.0026,0,-0.0053,-0.0059,-3e-04,1e-05
2016-09-07,0.000427957315312866,9e-04,0.0061,3e-04,-1e-04,-0.0025,1e-05
2016-09-08,-0.00332426464925809,-0.0018,4e-04,0.0058,-0.0082,0.0041,1e-05
2016-09-09,-0.0231940065764573,-0.0247,-0.0055,0.003,3e-04,-0.0043,1e-05
2016-09-12,0.0135318442721948,0.0144,-4e-04,-0.0047,-7e-04,-0.002,1e-05
2016-09-13,-0.0104779973642069,-0.0148,-0.0032,-0.0047,0.0057,-0.0076,1e-05
2016-09-14,0.00234491383186952,-8e-04,5e-04,-0.0082,9e-04,-0.0051,1e-05
2016-09-15,0.011747656508675,0.0107,0.0031,-0.0032,9e-04,-0.0021,1e-05
2016-09-16,-0.00265291906346594,-0.0036,0.0028,-0.0046,0.0026,-0.0019,1e-05
2016-09-19,-0.00428339328880783,5e-04,0.005,0.0016,-5e-04,0.0034,1e-05
2016-09-20,0.000127358259251944,-2e-04,-0.0033,-0.0052,-0.0046,-0.0011,1e-05
2016-09-21,0.00925000599952014,0.0112,0.002,0.0033,-0.0033,0.0052,1e-05
2016-09-22,0.00732142413736581,0.007,0.0081,-6e-04,0.0012,0.0013,1e-05
2016-09-23,-0.00531728393112854,-0.006,-8e-04,-0.002,0.0041,-0.0046,1e-05
2016-09-26,-0.00792017636392477,-0.0088,-0.003,-0.0035,-0.0021,0.002,1e-05
2016-09-27,0.0105402342408149,0.0064,-0.0013,-0.0052,-3e-04,-0.0041,1e-05
2016-09-28,0.00725094113559951,0.0056,0.0023,0.011,-0.0101,0.0114,1e-05
2016-09-29,-0.00987055048216392,-0.0098,-0.0039,0.0055,0.0024,0.0067,1e-05
2016-09-30,0.00598284339889005,0.0088,0.0042,0.0035,-0.0012,0.001,1e-05
2016-10-03,0.000215478475606373,-0.0026,0,-0.0021,0,0.001,1e-05
2016-10-04,-0.00368312214861403,-0.0046,2e-04,0.0017,0.0022,-0.0026,1e-05
2016-10-05,0.00483299238134754,0.0058,0.0042,0.0079,-0.004,0.0044,1e-05
2016-10-06,-0.000165919829464086,-6e-04,-0.0023,0.0037,0.0039,0.0024,1e-05
2016-10-07,-0.000731991210447844,-0.0038,-0.0053,0.0016,-0.0027,-0.0038,1e-05
2016-10-10,0.00690211248419767,0.0052,0.0056,1e-04,-0.0058,-0.0022,1e-05
2016-10-11,-0.00689152945829082,-0.013,-0.0057,0.0049,0.0031,9e-04,1e-05
2016-10-12,0.00122105377589205,6e-04,-0.0021,0.0037,0.0063,0.0015,1e-05
2016-10-13,-0.00388689608580584,-0.0042,-0.0074,-0.0063,0.0032,-0.0013,1e-05
2016-10-14,-0.000205323206052735,1e-04,-0.0033,0.0057,6e-04,9e-04,1e-05
2016-10-17,-0.00181862254713552,-0.0029,-3e-04,0.0014,6e-04,0.0014,1e-05
2016-10-18,0.00135760768198963,0.006,-0.0014,3e-04,-0.0013,-0.0029,1e-05
2016-10-19,0.00190747530783116,0.0025,0.0012,0.0091,-0.001,0.0047,1e-05
2016-10-20,-0.00353840413969143,-0.0016,-4e-04,-0.0011,-0.0046,-4e-04,1e-05
2016-10-21,0.0017595219199162,2e-04,-0.0017,-0.0032,0.0032,-0.0018,1e-05
2016-10-24,0.00616321970627889,0.0054,7e-04,-0.0016,0.0052,-0.0049,1e-05
2016-10-25,-0.00219590034815506,-0.0046,-0.006,0.0022,0,-1e-04,1e-05
2016-10-26,-0.00425229983276096,-0.0023,-0.0073,0.0074,8e-04,0.0054,1e-05
2016-10-27,-0.00335400361907458,-0.0033,-0.0095,0.006,-0.0015,-4e-04,1e-05
2016-10-28,-0.00652410617278987,-0.0029,-0.001,0.001,1e-04,0.0033,1e-05
2016-10-31,0.000954552391689894,2e-04,8e-04,0.0014,0.0051,-0.0032,1e-05
2016-11-01,-0.0062953585070242,-0.0068,-0.0036,0.0017,-0.0057,-6e-04,1e-05
2016-11-02,-0.00866827501156053,-0.0073,-0.0059,0.0036,0.0081,0.0015,1e-05
2016-11-03,-0.0077195333724176,-0.004,-0.0038,0.0102,0.0011,0.0079,1e-05
2016-11-04,-0.00379616776453646,-0.0012,0.0084,-0.0043,-0.0011,-7e-04,1e-05
2016-11-07,0.022339040880367,0.0223,0.0018,-0.0015,-0.0028,-0.0018,1e-05
2016-11-08,0.00539863358507797,0.004,-0.0011,-0.0019,0,0.0029,1e-05
2016-11-09,0.007672618610418,0.0146,0.0206,0.0099,-0.0085,0.0074,1e-05
2016-11-10,-0.00638434960783902,0.0032,0.0143,0.018,-0.0031,0.0037,1e-05
2016-11-11,-0.00266036197585552,0.0018,0.0251,-4e-04,9e-04,-0.0035,1e-05
2016-11-14,-0.0112118025468325,0.0021,0.0087,0.0142,-0.0013,0.0035,1e-05
2016-11-15,0.0138195293059751,0.008,-0.0054,0.0015,-0.0051,0.0018,1e-05
2016-11-16,0.00116710862503269,-0.0012,0.0023,-0.0056,0.0082,-0.0017,1e-05
2016-11-17,0.00603870098232025,0.0056,0.0016,-0.0013,0.0025,-0.0047,1e-05
2016-11-18,-0.0013515615791248,-0.0016,0.0057,0.0039,-0.0019,0.001,1e-05
2016-11-21,0.0130080210746084,0.0077,-0.0026,9e-04,-4e-04,0.0031,1e-05
2016-11-22,0.00327413713435921,0.0031,0.0063,0.0059,0.0076,0.0031,1e-05
2016-11-23,-0.000999997775455267,0.0016,0.0058,0.0018,-0.0027,0.0018,1e-05
2016-11-25,0.00339779229033711,0.004,-7e-04,-0.0025,0.0022,-0.0015,1e-05
2016-11-28,-0.00423823970901237,-0.0064,-0.0079,6e-04,0.0058,-0.0034,1e-05
2016-11-29,-0.000820322271397278,0.0011,-0.004,-7e-04,0.0042,-0.0049,1e-05
2016-11-30,-0.00746498878254914,-0.0025,-0.0017,0.0224,-0.0144,0.0197,1e-05
2016-12-01,-0.0018860443577376,-0.0036,-0.004,0.0204,0.0028,0.0062,1e-05
2016-12-02,-0.000577872816710315,0,0,-0.0032,-3e-04,8e-04,1e-05
2016-12-05,0.0078737743600923,0.0075,0.0113,0.0028,-0.0025,-0.0018,1e-05
2016-12-06,0.00410770893772722,0.0048,0.0064,0.0023,-0.0013,-0.001,1e-05
2016-12-07,0.0099962441103313,0.0126,-0.005,0.0053,0.0081,-1e-04,1e-05
2016-12-08,0.00213485596917562,0.0036,0.0124,0.0059,-0.0027,-0.001,1e-05
2016-12-09,0.00788232677066141,0.0046,-0.0036,0.0013,-0.0012,-5e-04,1e-05
2016-12-12,0.00358534674606182,-0.003,-0.0097,-0.001,-6e-04,7e-04,1e-05
2016-12-13,0.0105100228210827,0.006,-0.0057,-0.0028,2e-04,-0.0017,1e-05
2016-12-14,-0.00625486812044529,-0.0082,-0.0038,-0.0028,0.0044,-0.0052,1e-05
2016-12-15,0.00278316329061492,0.0046,0.0045,0.0028,4e-04,5e-04,1e-05
2016-12-16,-0.000297692524754447,-0.0022,-3e-04,-0.0042,-0.0017,0,1e-05
2016-12-19,0.00526282463915948,0.0022,0.0032,9e-04,0.0027,4e-04,1e-05
2016-12-20,0.00394318623871957,0.0044,0.005,0.0068,9e-04,7e-04,1e-05
2016-12-21,-0.000970735360267396,-0.0024,-0.0035,0.0023,0.0014,6e-04,1e-05
2016-12-22,-0.00112722805845019,-0.003,-0.0077,0.0024,-0.0023,6e-04,1e-05
2016-12-23,-0.000534027672515005,0.0019,0.0053,-0.0051,-0.0028,-0.0014,1e-05
2016-12-27,0.00302112415646009,0.0027,0.0023,0.0013,0.0019,3e-04,1e-05
2016-12-28,-0.00507021942209644,-0.0087,-0.0031,9e-04,0.0012,-0.0016,1e-05
2016-12-29,-0.00167808301740571,-4e-04,9e-04,-0.0031,0.0026,5e-04,1e-05
2016-12-30,-0.00625571638670726,-0.0052,-5e-04,0.002,-0.0014,6e-04,1e-05
2017-01-03,0.00760454589841007,0.0083,-9e-04,8e-04,-0.0017,0.0027,2e-05
2017-01-04,-0.00017447589425205,0.0079,0.0097,-0.0015,-0.0032,-3e-04,2e-05
2017-01-05,0.00337406772842651,-0.0021,-0.0099,-0.008,-8e-04,-9e-04,2e-05
2017-01-06,0.0044583136758345,0.0029,-0.007,-0.0031,-0.0023,-0.0029,2e-05
2017-01-09,-0.00156489262484523,-0.0037,-0.0031,-0.0104,0.0024,-0.0052,2e-05
2017-01-10,-0.00205485229099459,0.0016,0.0102,0.0056,-0.001,6e-04,2e-05
2017-01-11,0.00401405172251795,0.0031,-0.0023,0.0053,0.0014,0.0028,2e-05
2017-01-12,4.83178970606246e-05,-0.003,-0.0065,-0.0088,5e-04,-0.0029,2e-05
2017-01-13,0.00229585867982316,0.0029,0.0062,-8e-04,-0.0022,-0.0015,2e-05
2017-01-17,-0.00320853046555405,-0.0049,-0.0097,-0.0059,0.0053,0.0042,2e-05
2017-01-18,-0.00232590246758315,0.0024,0.0021,0.0024,-7e-04,-0.001,2e-05
2017-01-19,-0.00351083641305964,-0.0038,-0.0053,-4e-04,-1e-04,-3e-04,2e-05
2017-01-20,0.00121172630787258,0.0033,8e-04,0.0019,7e-04,-1e-04,2e-05
2017-01-23,0.000694377071402173,-0.0029,-5e-04,-0.0031,0.0045,-0.0037,2e-05
2017-01-24,0.000526113484569928,0.0083,0.0079,0.0081,-0.0015,0.005,2e-05
2017-01-25,0.0102926861445054,0.0084,0.002,0.0036,-0.0026,-0.0014,2e-05
2017-01-26,0.00369208005949812,-0.001,-0.0058,0.0038,-0.0012,-0.0017,2e-05
2017-01-27,0.00281606002637544,-0.0012,-4e-04,-0.0066,0.0011,7e-04,2e-05
2017-01-30,-0.00604242163774334,-0.0068,-0.0074,-0.0042,0.0058,-0.0015,2e-05
2017-01-31,-0.00557904750226258,0,0.0082,-0.0055,-0.0041,-0.0021,2e-05
2017-02-01,0.00745583300160949,4e-04,-5e-04,3e-04,0.0025,-0.0025,2e-05
2017-02-02,-0.00370122052076576,-2e-04,-0.0032,-0.0031,-0.0024,0.002,2e-05
2017-02-03,0.00141008399678647,0.0082,0.0066,0.0064,-0.0046,0.0035,2e-05
2017-02-06,-0.000187663866603614,-0.0027,-0.0061,-0.002,8e-04,-0.0021,2e-05
2017-02-07,0.000256243727101276,-1e-04,-0.0038,-0.0052,0.0043,-0.0023,2e-05
2017-02-08,0.00121905691505132,6e-04,-0.0028,-0.0053,0.0034,-0.0011,2e-05
2017-02-09,0.00587354723085139,0.0072,0.0073,2e-04,-0.0027,3e-04,2e-05
2017-02-10,0.00298541657543262,0.0038,0.0039,0.0012,-2e-04,0.0016,2e-05
2017-02-13,0.00530424963439506,0.0049,-0.0028,0.0032,-4e-04,5e-04,2e-05
2017-02-14,0.00482990522550497,0.0045,-0.0016,0.0033,-0.0044,-7e-04,2e-05
2017-02-15,0.00463411999135709,0.0054,0.0015,-0.0044,0.0029,-8e-04,2e-05
2017-02-16,0.000703534787683159,-0.0016,-0.0021,-3e-04,0.0025,-0.0022,2e-05
2017-02-17,0.000305389165911767,0.002,-6e-04,-0.0057,6e-04,-0.0038,2e-05
2017-02-21,0.00533526541603383,0.006,4e-04,0.0013,0.0034,0.0035,2e-05
2017-02-22,-0.00044020907374245,-0.0015,-0.0039,0.0011,0.0044,-0.0034,2e-05
2017-02-23,0.00289666258097824,-0.0011,-0.0073,0.0026,-0.0028,-0.0045,2e-05
2017-02-24,0.000735871617911147,0.0015,-0.001,-0.0092,0.0031,-0.0021,2e-05
2017-02-27,-0.00109028435567863,0.0022,0.0085,-0.0034,-0.0035,-0.0011,2e-05
2017-02-28,-0.00236476115525002,-0.0042,-0.0135,0.002,-2e-04,-0.0014,2e-05
2017-03-01,0.016094424372156,0.0147,0.0053,0.0072,-0.0051,0.0055,1e-05
2017-03-02,-0.00481315777748577,-0.007,-0.0056,-0.0088,0.0053,-0.0047,1e-05
2017-03-03,0.000935464598727793,9e-04,-0.0016,0.0013,2e-04,-8e-04,1e-05
2017-03-06,-0.00174196096315642,-0.0038,-0.0041,-0.001,-1e-04,0,1e-05
2017-03-07,-0.00146108044216369,-0.0036,-0.0035,-5e-04,8e-04,-0.0025,1e-05
2017-03-08,-0.000990095061851166,-0.0019,-0.0017,-0.0082,0.005,-0.0073,1e-05
2017-03-09,0.00294855063531437,4e-04,-0.0051,-0.0027,-0.0054,-0.0016,1e-05
2017-03-10,0.00428824909096103,0.0034,7e-04,-0.0038,0.0027,2e-04,1e-05
2017-03-13,-0.000638685264190716,0.0013,0.0033,-3e-04,-8e-04,6e-04,1e-05
2017-03-14,-0.00317830174727574,-0.0036,-0.0023,2e-04,0.0046,-0.0025,1e-05
2017-03-15,0.00760857890438047,0.0086,0.0072,-0.0041,-9e-04,0.0055,1e-05
2017-03-16,-0.000607122552638173,-6e-04,0.0044,0.0024,-0.0011,-0.0038,1e-05
2017-03-17,-0.00109518759501903,-8e-04,0.0055,-0.0026,0.0013,-2e-04,1e-05
2017-03-20,0.000152670748936817,-0.0025,-0.0016,-0.0075,-0.0012,-3e-04,1e-05
2017-03-21,-0.0118234469901409,-0.0148,-0.0141,-0.0069,0.0078,0.0029,1e-05
2017-03-22,0.00279352140275679,0.0016,-0.0033,-0.0054,0.0016,-0.0013,1e-05
2017-03-23,-0.00082304601466855,-3e-04,0.0074,0.0046,-6e-04,0.0019,1e-05
2017-03-24,-0.000517209070871087,-5e-04,0.0011,-0.0023,-0.0024,-0.0032,1e-05
2017-03-27,-0.000768272394190972,-5e-04,0.0047,-0.0052,-0.0018,-0.0028,1e-05
2017-03-28,0.00825416646276906,0.0072,-6e-04,0.0071,2e-04,0.0038,1e-05
2017-03-29,0.00273633749710393,0.0018,0.0034,-6e-04,-0.0019,0.0013,1e-05
2017-03-30,0.00487415374407723,0.0036,0.004,0.0092,-0.0016,-0.0015,1e-05
2017-03-31,-0.003588227422027,-0.0016,0.0055,-0.003,0.0016,8e-04,1e-05
2017-04-03,0.000463951066649895,-0.0028,-0.0115,-0.0011,-0.0017,-7e-04,3e-05
2017-04-04,0.00422116044354823,5e-04,-0.0024,0.0031,-0.001,0.0018,3e-05
2017-04-05,-0.00223608577778172,-0.0044,-0.0083,-0.0031,0.0038,-9e-04,3e-05
2017-04-06,-0.00190966241868173,0.0032,0.0075,0.005,-0.0012,0.0037,3e-05
2017-04-07,-0.00169980016218981,-8e-04,9e-04,-0.0026,1e-04,-4e-04,3e-05
2017-04-10,0.000422816875042568,8e-04,0.0015,0.001,0.002,0.0048,3e-05
2017-04-11,-0.00350599467540543,-5e-04,0.008,0.0025,0.0018,0.0019,3e-05
2017-04-12,-0.000823106616451759,-0.0049,-0.0095,-0.0054,-6e-04,-0.0054,3e-05
2017-04-13,-0.00757833571229707,-0.0075,-0.0033,-0.0079,4e-04,-0.0035,3e-05
2017-04-17,0.00809185084384064,0.0089,0.0029,0.0022,0.001,-0.0015,3e-05
2017-04-18,-0.00524980163415457,-0.0025,0.0031,-0.0016,0.0033,0.001,3e-05
2017-04-19,-0.0020300586338357,-8e-04,0.0056,-0.0039,0.0038,-0.0085,3e-05
2017-04-20,0.00763735044079445,0.0083,0.0058,0.0027,0.0024,-0.0019,3e-05
2017-04-21,-0.00483701493023641,-0.0028,6e-04,-0.0014,0.004,-0.002,3e-05
2017-04-24,0.0112206677099546,0.0118,0.0027,0.0051,-2e-04,0.0015,3e-05
2017-04-25,0.00383949536443524,0.0066,0.0039,-5e-04,-0.003,0.003,3e-05
2017-04-26,-3.16412226029934e-05,4e-04,0.0074,0.0031,0.002,1e-04,3e-05
2017-04-27,-0.000373356915460242,5e-04,-0.002,-0.0096,0.0031,-0.0059,3e-05
2017-04-28,0.00131278113885009,-0.003,-0.0074,-0.006,7e-04,-0.0021,3e-05
2017-05-01,0.00707410813379587,0.0021,0.0026,-0.0013,-0.001,-0.0051,3e-05
2017-05-02,-2.72965688434206e-05,3e-04,-0.0046,-0.0021,0.0041,-0.0033,3e-05
2017-05-03,-0.00155686027487771,-0.0019,-0.0052,0.002,-5e-04,0.0013,3e-05
2017-05-04,-0.00392371651134581,2e-04,-0.0012,-0.0036,0.004,-0.007,3e-05
2017-05-05,0.00297864359424334,0.0046,9e-04,5e-04,-0.0022,0.0066,3e-05
2017-05-08,0.00583259696952967,-4e-04,-0.0024,0.0028,9e-04,5e-04,3e-05
2017-05-09,-0.00191462658289992,-5e-04,0.004,-0.0078,0.0037,-0.0037,3e-05
2017-05-10,0.000115926065921886,0.0021,0.0025,2e-04,-0.0025,0.0036,3e-05
2017-05-11,0.000846244989426302,-0.0026,-0.0041,-0.0015,-0.0032,-1e-04,3e-05
2017-05-12,0.00109205863236656,-0.0018,-0.0037,-0.0061,-0.0023,-0.0033,3e-05
2017-05-15,0.00312124863442859,0.0053,0.0026,0.002,-0.003,5e-04,3e-05
2017-05-16,0.0016960607012493,-3e-04,0.0011,-9e-04,-0.0022,-0.0014,3e-05
2017-05-17,-0.0234949375835364,-0.0197,-0.0099,-0.0054,0.005,0.003,3e-05
2017-05-18,0.00710876362848114,0.004,1e-04,-0.0039,-0.0029,-0.0061,3e-05
2017-05-19,0.00531330019322744,0.007,-0.0034,0.004,-3e-04,0.0079,3e-05
2017-05-22,0.00446623734425902,0.0056,0.0024,-0.003,-5e-04,-0.0032,3e-05
2017-05-23,0.00278613154996382,0.0018,0,0.0061,-0.0026,7e-04,3e-05
2017-05-24,-0.000396659005992691,0.0024,-0.0021,-0.0049,0.0021,-0.0031,3e-05
2017-05-25,0.00309010494770014,0.0042,-0.0035,-0.0077,0.0063,-0.0064,3e-05
2017-05-26,-0.000524034874615276,6e-04,-2e-04,9e-04,0.0018,0.0015,3e-05
2017-05-30,-0.000414836442002255,-0.0019,-0.0054,-0.0032,0.0061,-3e-04,3e-05
2017-05-31,-0.00457967357249066,-2e-04,-5e-04,-0.0056,0.0026,-9e-04,3e-05
2017-06-01,0.00524529665641898,0.0095,0.01,3e-04,-0.0016,4e-04,3e-05
2017-06-02,0.00655450514190353,0.0035,0.0043,-0.0077,0.0027,-0.0048,3e-05
2017-06-05,0.00177639733356278,-0.0017,-0.0046,0,-0.0019,1e-04,3e-05
2017-06-06,0.000947719503745515,-0.0028,0.0011,-6e-04,-0.0051,0.0036,3e-05
2017-06-07,0.00135677809937642,0.0015,-0.0014,1e-04,0.0053,-0.0069,3e-05
2017-06-08,-6.90171341621981e-05,0.0018,0.0121,0.0092,-0.007,-3e-04,3e-05
2017-06-09,-0.00622002752398855,-0.0012,0.0026,0.0237,-0.0032,0.0113,3e-05
2017-06-12,0.000239851518363131,-0.0011,-0.0019,0.0036,-2e-04,0.0061,3e-05
2017-06-13,0.00337340010081263,0.0055,6e-04,-0.0014,-0.0024,-8e-04,3e-05
2017-06-14,-0.00222573863265492,-0.0017,-0.0055,-0.0055,0.0011,-0.0052,3e-05
2017-06-15,-0.000905569948747822,-0.003,-0.003,-0.0012,2e-04,-7e-04,3e-05
2017-06-16,0.00476786066522404,-3e-04,-0.0026,-0.0018,-0.0049,0.0014,3e-05
2017-06-19,0.00736837986526535,0.0086,0.0011,-0.0074,-2e-04,-9e-04,3e-05
2017-06-20,-0.00772613399451573,-0.0073,-0.0044,-0.0051,-0.0023,-0.0025,3e-05
2017-06-21,-0.000437595956691227,-7e-04,-0.0021,-0.0168,-0.001,-0.0115,3e-05
2017-06-22,-0.0014152261247888,2e-04,0.0047,-0.0042,-0.001,-4e-04,3e-05
2017-06-23,0.00395419041868397,0.0024,0.0075,-0.005,-0.0033,4e-04,3e-05
2017-06-26,-0.00289540070604673,4e-04,7e-04,0.0068,0.0026,0.0018,3e-05
2017-06-27,-0.0109226618406458,-0.0084,-0.0022,0.0132,0.0029,0.0033,3e-05
2017-06-28,0.00808080213210716,0.0102,0.008,0.0022,-0.0016,-8e-04,3e-05
2017-06-29,-0.00858326653867332,-0.0083,7e-04,0.0138,-0.0026,0.0036,3e-05
2017-06-30,0.000366422436895368,0.0014,-0.001,-0.0025,0.0021,0.0029,3e-05
2017-07-03,0.00243944073523455,0.0024,0.0043,0.012,-0.0063,0.0065,4e-05
2017-07-05,0.0051021948444891,0.0012,-0.0069,-0.0055,0.0019,-0.0068,4e-05
2017-07-06,-0.0115524502462004,-0.0095,-0.0044,0.0012,0.0021,-1e-04,4e-05
2017-07-07,0.00553634232532834,0.007,0.0041,-0.0041,0.0024,-0.0051,4e-05
2017-07-10,0.00241937606349302,5e-04,-0.0044,-9e-04,-9e-04,-0.001,4e-05
2017-07-11,0.00206340769806937,0,0.003,-0.0053,-0.0035,0.0015,4e-05
2017-07-12,0.00848377285758142,0.0072,6e-04,-0.0053,0.0016,-0.0023,4e-05
2017-07-13,0.00153733190961673,0.0017,-1e-04,0.0037,0,0.0021,4e-05
2017-07-14,0.00341416958514085,0.0042,-0.0022,-0.005,0.0022,4e-04,4e-05
2017-07-17,0.000458338657297719,0,0.0022,0.0013,0.0016,7e-04,4e-05
2017-07-18,0.00433763208942202,4e-04,-0.0035,-0.0033,8e-04,-0.0042,4e-05
2017-07-19,0.00444237789796031,0.0059,0.0047,4e-04,-0.0027,0.0013,4e-05
2017-07-20,0.00180290907684106,-1e-04,4e-04,-1e-04,9e-04,-0.0023,4e-05
2017-07-21,-0.00678750315518893,-8e-04,-0.0042,-0.0028,0.0012,-0.0029,4e-05
2017-07-24,-0.00110997771095656,-3e-04,0.0012,-0.002,-0.0023,-0.0039,4e-05
2017-07-25,0.00245779750164979,0.0038,0.0043,0.0092,-0.0024,0.007,4e-05
2017-07-26,0.00643835315343781,-6e-04,-0.0046,-0.007,-0.0019,4e-04,4e-05
2017-07-27,0.0040628821380568,-0.0014,-0.0066,0.0043,0.0019,0.0041,4e-05
2017-07-28,-0.00584010447221237,-0.0017,-7e-04,0.0023,-0.0018,0.0018,4e-05
2017-07-31,-0.00433684455351732,-0.0011,-0.0025,0.0044,-6e-04,0.0014,4e-05
2017-08-01,0.00256318061252236,0.0024,-0.0018,0.0018,0.0022,-0.0047,4e-05
2017-08-02,0.00336464591325862,-8e-04,-0.0115,0.0016,5e-04,-0.0034,4e-05
2017-08-03,-0.00155118593322353,-0.0021,-0.0034,-0.0029,0.003,-0.0028,4e-05
2017-08-04,0.00354187197873879,0.0025,0.0034,0.0036,-7e-04,2e-04,4e-05
2017-08-07,0.00306947296035476,0.0016,-0.0011,-0.0059,0.0025,-0.0037,4e-05
2017-08-08,-0.00120701981037162,-0.0024,-0.0011,0.0021,-0.0034,-0.0015,4e-05
2017-08-09,0.000908325596705605,-0.0014,-0.0081,-0.0012,0.0011,4e-04,4e-05
2017-08-10,-0.0150870046816239,-0.0149,-0.0032,0.0024,0.0025,0.0012,4e-05
2017-08-11,0.00228787980419658,0.002,0.0018,-0.0086,0.0042,-0.0011,4e-05
2017-08-14,0.0103831574973757,0.0103,0.0029,5e-04,1e-04,-0.0043,4e-05
2017-08-15,-0.000663738309411971,-0.0011,-0.0086,-3e-04,-0.0017,-0.0026,4e-05
2017-08-16,-0.00185299461758658,0.0018,-0.0014,-0.0045,0.0036,-0.0013,4e-05
2017-08-17,-0.0158279509079239,-0.0159,-0.0018,-0.0016,-6e-04,0.0012,4e-05
2017-08-18,-0.00128131218558957,-0.0015,0.0014,0.0021,-0.0026,-1e-04,4e-05
2017-08-21,-0.000552493855175245,6e-04,-0.0028,-0.0022,0.0021,-9e-04,4e-05
2017-08-22,0.0105762459648748,0.0107,-2e-04,-0.0025,-0.002,0.0012,4e-05
2017-08-23,-0.00490709123884264,-0.0032,0.0013,0.0041,-0.0049,0.001,4e-05
2017-08-24,-0.00344734125763994,-0.0014,0.0058,0.0018,-0.0045,9e-04,4e-05
2017-08-25,0.00131943777094712,0.0018,0.0016,0.0057,0.001,0.0024,4e-05
2017-08-28,0.000939181536024076,8e-04,0.0032,-0.0074,0.0023,-0.0019,4e-05
2017-08-29,0.00217000625428999,0.001,9e-04,-0.0039,6e-04,9e-04,4e-05
2017-08-30,0.00210597966098333,0.0053,2e-04,-0.0031,0.0017,-0.0045,4e-05
2017-08-31,0.00596050925119909,0.0062,0.004,-0.0042,-0.0026,-9e-04,4e-05
2017-09-01,0.00151089181669275,0.0027,0.0043,0.0045,-8e-04,0.0036,5e-05
2017-09-05,-0.00975063050727159,-0.0081,-2e-04,-0.0096,-4e-04,0.0053,5e-05
2017-09-06,0.00366159478925366,0.0028,-1e-04,0.0013,-0.003,9e-04,5e-05
2017-09-07,-0.00422335323382013,-7e-04,1e-04,-0.0094,3e-04,7e-04,5e-05
2017-09-08,-0.00774600086781209,-0.0016,0.0013,0.0036,0.0022,-0.0014,5e-05
2017-09-11,0.0104542793314572,0.0108,-9e-04,0.0063,-0.0041,-0.0011,5e-05
2017-09-12,0.00334800186734639,0.0043,0.0034,0.0071,7e-04,0.0018,5e-05
2017-09-13,0.00429768986145507,0.0011,0.003,0.0036,-0.0039,9e-04,5e-05
2017-09-14,-0.0020972240298776,-0.0012,-5e-04,-6e-04,-0.0035,0.0023,5e-05
2017-09-15,0.00472027411288941,0.0019,0.0024,0.0012,0.0023,1e-04,5e-05
2017-09-18,0.00225597432902397,0.0024,0.0041,0.0021,-0.0047,0.002,5e-05
2017-09-19,0.00403594952960975,0.0015,-0.0021,0.0035,3e-04,7e-04,5e-05
2017-09-20,-0.00165504976085605,0.0016,0.0027,0.005,-0.002,0.0029,5e-05
2017-09-21,-0.00492571486152768,-0.0028,0.0017,0.0037,1e-04,-8e-04,5e-05
2017-09-22,-0.00113861666399952,0.0012,0.0044,0.0013,0.0038,0.0028,5e-05
2017-09-25,-0.00642170572640194,-0.0025,0.0033,0.0063,-0.0036,0.0065,5e-05
2017-09-26,-6.17539327620752e-05,5e-04,0.0045,0.0013,0.0057,-0.0012,5e-05
2017-09-27,0.00462071713019174,0.0063,0.0142,0.0018,-0.0026,-0.0052,5e-05
2017-09-28,0.00189943853427994,0.0013,0.0016,-7e-04,-0.0011,-0.0019,5e-05
2017-09-29,0.0039516864700692,0.0035,-0.0011,-0.0028,-3e-04,-0.0035,5e-05
2017-10-02,0.00252439449194953,0.005,0.0087,0.0016,-0.0025,0.0026,4e-05
2017-10-03,0.00364049423111109,0.0026,-2e-04,-2e-04,3e-04,-0.0011,4e-05
2017-10-04,-0.00191540699674082,5e-04,-0.0034,-0.0044,-5e-04,0,4e-05
2017-10-05,0.00927957817870831,0.0055,-0.0031,0.0035,-0.0024,-0.0017,4e-05
2017-10-06,-0.000882240521109437,-8e-04,-9e-04,-0.0025,0.0019,-0.0036,4e-05
2017-10-09,-0.00402323175873397,-0.0022,-0.003,-4e-04,0.0011,-0.0017,4e-05
2017-10-10,0.000795948202399427,0.0024,0,0.0042,4e-04,8e-04,4e-05
2017-10-11,0.00241058847855218,0.0016,-0.0026,-0.0021,-9e-04,-6e-04,4e-05
2017-10-12,-0.00676547058953035,-0.0018,-0.001,-0.0051,0.0021,0.0011,4e-05
2017-10-13,0.000892194703725924,4e-04,-0.0028,0.001,0.0023,1e-04,4e-05
2017-10-16,0.00903235570260059,0.0017,-0.0026,0.0036,3e-04,-8e-04,4e-05
2017-10-17,0.00478364477694994,1e-04,-0.0037,-0.0032,0.0036,-0.0022,4e-05
2017-10-18,-0.00371270893020729,0.0014,0.0036,0.0021,0.0032,-0.0014,4e-05
2017-10-19,-0.000953450065148798,2e-04,-0.0034,0.0017,0.0013,4e-04,4e-05
2017-10-20,0.00440156772392936,0.0057,1e-04,0.0028,8e-04,4e-04,4e-05
2017-10-23,-0.0112734953299892,-0.0045,-0.0038,0.0012,0.0025,-0.0026,4e-05
2017-10-24,-0.000675805149732978,0.002,-9e-04,0.0047,5e-04,-0.0014,4e-05
2017-10-25,-0.00799933387418042,-0.0051,1e-04,0.0011,0.0025,-0.0043,4e-05
2017-10-26,0.00132239139114717,0.002,5e-04,0.0022,0.001,-0.0017,4e-05
2017-10-27,0.0290346758830088,0.0082,-6e-04,-0.01,0.0013,-0.0132,4e-05
2017-10-30,-0.00060185046912352,-0.0046,-0.0075,-5e-04,-0.0055,-0.0041,4e-05
2017-10-31,-0.00242804394914766,0.0023,0.0076,-0.0022,-0.0017,0.0022,4e-05
2017-11-01,0.000418415187894798,5e-04,-0.008,0.0014,-6e-04,-8e-04,4e-05
2017-11-02,-0.00270800744252061,6e-04,0,0.005,-0.0025,0.0034,4e-05
2017-11-03,0.00579195173718621,0.0031,-0.0052,-0.0066,-0.0016,-0.0015,4e-05
2017-11-06,0.00153886676307557,6e-04,0.0016,0.0019,-0.0057,4e-04,4e-05
2017-11-07,-0.000911822552422417,-0.002,-0.0142,-0.0039,0.0043,-3e-04,4e-05
2017-11-08,0.00241189273978843,0.0012,-2e-04,-0.0062,0.0062,-1e-04,4e-05
2017-11-09,-0.000338870705533438,-0.0041,0,0.0022,-4e-04,8e-04,4e-05
2017-11-10,0.000837988281680715,1e-04,5e-04,-0.0038,0.0016,0.0015,4e-05
2017-11-13,-0.00743830200278836,9e-04,-0.0029,2e-04,8e-04,-0.0074,4e-05
2017-11-14,-0.0109631273026294,-0.0022,-7e-04,0,0.0096,-0.0041,4e-05
2017-11-15,-0.00151618511465964,-0.0052,4e-04,0.0024,-9e-04,0.0015,4e-05
2017-11-16,0.00520760958815166,0.0101,0.0079,-0.0052,0.0057,0.0034,4e-05
2017-11-17,-0.00455982496996594,-0.0014,0.0073,0.0029,-0.0018,0.0035,4e-05
2017-11-20,-7.50938740675296e-05,0.0021,0.0063,1e-04,0.0026,0,4e-05
2017-11-21,0.00566803417488976,0.0067,0.0035,-0.0036,3e-04,-0.0062,4e-05
2017-11-22,0.00426784980078151,-5e-04,8e-04,-4e-04,-0.0025,0.0016,4e-05
2017-11-24,0.00496234528352482,0.0021,1e-04,-0.0044,5e-04,-8e-04,4e-05
2017-11-27,0.000375109525923,-6e-04,-0.0031,3e-04,0.006,-0.001,4e-05
2017-11-28,0.0104622662427583,0.0106,0.0056,0.0084,0.0033,2e-04,4e-05
2017-11-29,-0.00477528026555661,2e-04,0.0029,0.0145,0.0069,0.0059,4e-05
2017-11-30,0.00583749516193351,0.0082,-0.0061,-0.005,-0.0025,3e-04,4e-05
2017-12-01,-0.00415458231377211,-0.0022,-0.0033,0.0036,-0.0042,0.0032,4e-05
2017-12-04,-0.00557783210354876,-0.001,-0.0015,0.0122,0.0093,0.0056,4e-05
2017-12-05,-0.00275490633292669,-0.0043,-0.0046,-0.0024,0.0024,-0.0011,4e-05
2017-12-06,0.00182830920062988,-9e-04,-0.005,-0.0051,0.0043,-0.0051,4e-05
2017-12-07,0.00281529805083905,0.0042,0.0028,-0.0017,-0.0017,7e-04,4e-05
2017-12-08,0.00551068618038792,0.0051,-0.0043,-0.0014,-5e-04,6e-04,4e-05
2017-12-11,0.00500878425107083,0.0026,-0.0042,-0.0015,-7e-04,8e-04,4e-05
2017-12-12,0.00550836628629093,7e-04,-0.0045,0.0052,0,9e-04,4e-05
2017-12-13,-0.000968660020024751,2e-04,0.0063,-0.0088,0.0029,-6e-04,4e-05
2017-12-14,-0.00364896776951789,-0.0047,-0.0075,-0.0022,-0.001,-0.0012,4e-05
2017-12-15,0.0105262534047756,0.0092,0.0068,3e-04,0.0032,-0.005,4e-05
2017-12-18,0.00292446361419619,0.0067,0.0081,0.0026,0.0018,0.0016,4e-05
2017-12-19,-0.00639615351792729,-0.003,-0.0035,-0.0026,0.0015,0.0038,4e-05
2017-12-20,-0.00215488856251953,1e-04,0.0038,5e-04,-0.0018,0.0027,4e-05
2017-12-21,0.00393284939742643,0.0023,0.0031,0.0062,-0.0071,0.0031,4e-05
2017-12-22,-0.00135958518153781,-7e-04,-0.0019,-0.002,-5e-04,0.0021,4e-05
2017-12-26,-0.00271481893656449,-7e-04,0.0031,-6e-04,-0.0017,0.0056,4e-05
2017-12-27,0.00165147342879841,5e-04,-0.0016,-0.0019,6e-04,-0.0012,4e-05
2017-12-28,0.00231651195309594,0.0022,0.001,3e-04,-9e-04,-0.002,4e-05
2017-12-29,-0.00622190989162793,-0.0057,-0.003,2e-04,0.0018,0.0014,4e-05
